[2026-05-12 14:00] INFO: Event 0: User session heartbeat.
[2026-05-12 14:00] INFO: Event 1: Auth failure for key AKIA509EABB168774A4F.
[2026-05-12 14:00] INFO: Event 2: Payment processed for card 4034-9360-3867-6823.
[2026-05-12 14:00] INFO: Event 3: Payment processed for card 2945-5567-6542-4700.
[2026-05-12 14:00] INFO: Event 4: User session heartbeat.
[2026-05-12 14:00] INFO: Event 5: User session heartbeat.
[2026-05-12 14:00] INFO: Event 6: Password reset sent to user_852@internal.corp.
[2026-05-12 14:00] INFO: Event 7: User session heartbeat.
[2026-05-12 14:00] INFO: Event 8: Password reset sent to user_128@internal.corp.
[2026-05-12 14:00] INFO: Event 9: Auth failure for key AKIAD122267F9A254074.
[2026-05-12 14:00] INFO: Event 10: Auth failure for key AKIA21D96B8D131A41B0.
[2026-05-12 14:00] INFO: Event 11: Password reset sent to user_337@internal.corp.
[2026-05-12 14:00] INFO: Event 12: Password reset sent to user_742@internal.corp.
[2026-05-12 14:00] INFO: Event 13: Auth failure for key AKIA2972129911A041EA.
[2026-05-12 14:00] INFO: Event 14: Password reset sent to user_918@internal.corp.
[2026-05-12 14:00] INFO: Event 15: Payment processed for card 1068-8313-3833-4235.
[2026-05-12 14:00] INFO: Event 16: Auth failure for key AKIA573723A11EE04D55.
[2026-05-12 14:00] INFO: Event 17: Auth failure for key AKIA2F1CA525166E405B.
[2026-05-12 14:00] INFO: Event 18: Password reset sent to user_700@internal.corp.
[2026-05-12 14:00] INFO: Event 19: Auth failure for key AKIAF70F47DDB2124DF8.
[2026-05-12 14:00] INFO: Event 20: Auth failure for key AKIAC003E90708B24DEE.
[2026-05-12 14:00] INFO: Event 21: Password reset sent to user_614@internal.corp.
[2026-05-12 14:00] INFO: Event 22: Auth failure for key AKIAAABDECA7EC384CE1.
[2026-05-12 14:00] INFO: Event 23: Auth failure for key AKIA83E205C70DB2463A.
[2026-05-12 14:00] INFO: Event 24: User session heartbeat.
[2026-05-12 14:00] INFO: Event 25: Auth failure for key AKIABE161BFC0CD94A07.
[2026-05-12 14:00] INFO: Event 26: Auth failure for key AKIAE7CF4F26D25E4306.
[2026-05-12 14:00] INFO: Event 27: Auth failure for key AKIA29B65BA0F3A4480A.
[2026-05-12 14:00] INFO: Event 28: Password reset sent to user_611@internal.corp.
[2026-05-12 14:00] INFO: Event 29: Auth failure for key AKIAF9202B795355407E.
[2026-05-12 14:00] INFO: Event 30: User session heartbeat.
[2026-05-12 14:00] INFO: Event 31: User session heartbeat.
[2026-05-12 14:00] INFO: Event 32: Password reset sent to user_732@internal.corp.
[2026-05-12 14:00] INFO: Event 33: Password reset sent to user_268@internal.corp.
[2026-05-12 14:00] INFO: Event 34: Password reset sent to user_193@internal.corp.
[2026-05-12 14:00] INFO: Event 35: User session heartbeat.
[2026-05-12 14:00] INFO: Event 36: Payment processed for card 9710-9386-1068-8083.
[2026-05-12 14:00] INFO: Event 37: Password reset sent to user_382@internal.corp.
[2026-05-12 14:00] INFO: Event 38: Auth failure for key AKIAB2E5F327A5204AF3.
[2026-05-12 14:00] INFO: Event 39: Payment processed for card 9929-1494-2611-2272.
[2026-05-12 14:00] INFO: Event 40: Password reset sent to user_850@internal.corp.
[2026-05-12 14:00] INFO: Event 41: Auth failure for key AKIA76466855E0F54DD2.
[2026-05-12 14:00] INFO: Event 42: Password reset sent to user_190@internal.corp.
[2026-05-12 14:00] INFO: Event 43: Auth failure for key AKIA3435AEC7E32443F9.
[2026-05-12 14:00] INFO: Event 44: User session heartbeat.
[2026-05-12 14:00] INFO: Event 45: Auth failure for key AKIA2695E81719B24B5F.
[2026-05-12 14:00] INFO: Event 46: Auth failure for key AKIAD41B7AB7244D4F50.
[2026-05-12 14:00] INFO: Event 47: Password reset sent to user_954@internal.corp.
[2026-05-12 14:00] INFO: Event 48: Payment processed for card 5409-2431-1322-7150.
[2026-05-12 14:00] INFO: Event 49: Payment processed for card 7872-9361-1259-3308.
[2026-05-12 14:00] INFO: Event 50: Auth failure for key AKIA113A202A9587439F.
[2026-05-12 14:00] INFO: Event 51: Payment processed for card 3617-7955-8558-9452.
[2026-05-12 14:00] INFO: Event 52: User session heartbeat.
[2026-05-12 14:00] INFO: Event 53: Auth failure for key AKIAC681E30432B941BE.
[2026-05-12 14:00] INFO: Event 54: Password reset sent to user_528@internal.corp.
[2026-05-12 14:00] INFO: Event 55: Auth failure for key AKIA3BF72EBCCD234BB8.
[2026-05-12 14:00] INFO: Event 56: User session heartbeat.
[2026-05-12 14:00] INFO: Event 57: User session heartbeat.
[2026-05-12 14:00] INFO: Event 58: Password reset sent to user_794@internal.corp.
[2026-05-12 14:00] INFO: Event 59: Payment processed for card 5317-7058-9132-4122.
[2026-05-12 14:00] INFO: Event 60: Auth failure for key AKIA48A2FD36B705497C.
[2026-05-12 14:00] INFO: Event 61: Payment processed for card 4639-7553-1545-8181.
[2026-05-12 14:00] INFO: Event 62: Auth failure for key AKIAAB935E3602DB46BE.
[2026-05-12 14:00] INFO: Event 63: User session heartbeat.
[2026-05-12 14:00] INFO: Event 64: Password reset sent to user_597@internal.corp.
[2026-05-12 14:00] INFO: Event 65: Payment processed for card 9991-4545-4910-4511.
[2026-05-12 14:00] INFO: Event 66: Password reset sent to user_935@internal.corp.
[2026-05-12 14:00] INFO: Event 67: Password reset sent to user_325@internal.corp.
[2026-05-12 14:00] INFO: Event 68: User session heartbeat.
[2026-05-12 14:00] INFO: Event 69: Password reset sent to user_954@internal.corp.
[2026-05-12 14:00] INFO: Event 70: Auth failure for key AKIABC230AAA2857463C.
[2026-05-12 14:00] INFO: Event 71: Auth failure for key AKIA40AC2AC165714D22.
[2026-05-12 14:00] INFO: Event 72: Password reset sent to user_466@internal.corp.
[2026-05-12 14:00] INFO: Event 73: Password reset sent to user_687@internal.corp.
[2026-05-12 14:00] INFO: Event 74: User session heartbeat.
[2026-05-12 14:00] INFO: Event 75: Payment processed for card 4398-2025-6108-1088.
[2026-05-12 14:00] INFO: Event 76: Auth failure for key AKIABF5EFBBBC6C8449A.
[2026-05-12 14:00] INFO: Event 77: User session heartbeat.
[2026-05-12 14:00] INFO: Event 78: User session heartbeat.
[2026-05-12 14:00] INFO: Event 79: Payment processed for card 6941-3273-3537-7259.
[2026-05-12 14:00] INFO: Event 80: Auth failure for key AKIAE659FD9A148A4222.
[2026-05-12 14:00] INFO: Event 81: User session heartbeat.
[2026-05-12 14:00] INFO: Event 82: Password reset sent to user_920@internal.corp.
[2026-05-12 14:00] INFO: Event 83: Payment processed for card 5457-2414-8817-5187.
[2026-05-12 14:00] INFO: Event 84: Password reset sent to user_631@internal.corp.
[2026-05-12 14:00] INFO: Event 85: Payment processed for card 2204-8639-3455-8260.
[2026-05-12 14:00] INFO: Event 86: User session heartbeat.
[2026-05-12 14:00] INFO: Event 87: Password reset sent to user_996@internal.corp.
[2026-05-12 14:00] INFO: Event 88: Auth failure for key AKIA018CD6009990462B.
[2026-05-12 14:00] INFO: Event 89: Payment processed for card 2784-3380-9160-9792.
[2026-05-12 14:00] INFO: Event 90: User session heartbeat.
[2026-05-12 14:00] INFO: Event 91: Auth failure for key AKIA6A36D98404F74CAB.
[2026-05-12 14:00] INFO: Event 92: Payment processed for card 8872-9139-2065-8662.
[2026-05-12 14:00] INFO: Event 93: Password reset sent to user_834@internal.corp.
[2026-05-12 14:00] INFO: Event 94: Auth failure for key AKIA612FAFC80229402B.
[2026-05-12 14:00] INFO: Event 95: User session heartbeat.
[2026-05-12 14:00] INFO: Event 96: Auth failure for key AKIAB6E9432A8D704BF5.
[2026-05-12 14:00] INFO: Event 97: Payment processed for card 9041-8310-9975-2019.
[2026-05-12 14:00] INFO: Event 98: Auth failure for key AKIAA3BAC081DA03402D.
[2026-05-12 14:00] INFO: Event 99: Auth failure for key AKIA9342191EC35144B4.
[2026-05-12 14:00] INFO: Event 100: User session heartbeat.
[2026-05-12 14:00] INFO: Event 101: User session heartbeat.
[2026-05-12 14:00] INFO: Event 102: User session heartbeat.
[2026-05-12 14:00] INFO: Event 103: Password reset sent to user_462@internal.corp.
[2026-05-12 14:00] INFO: Event 104: User session heartbeat.
[2026-05-12 14:00] INFO: Event 105: Password reset sent to user_94@internal.corp.
[2026-05-12 14:00] INFO: Event 106: User session heartbeat.
[2026-05-12 14:00] INFO: Event 107: Payment processed for card 7212-2783-6881-9384.
[2026-05-12 14:00] INFO: Event 108: Auth failure for key AKIAC14AF27F963F4A2F.
[2026-05-12 14:00] INFO: Event 109: Password reset sent to user_487@internal.corp.
[2026-05-12 14:00] INFO: Event 110: User session heartbeat.
[2026-05-12 14:00] INFO: Event 111: Password reset sent to user_228@internal.corp.
[2026-05-12 14:00] INFO: Event 112: Payment processed for card 3210-6195-5102-9484.
[2026-05-12 14:00] INFO: Event 113: Auth failure for key AKIA8EED1F7651AF4CE2.
[2026-05-12 14:00] INFO: Event 114: User session heartbeat.
[2026-05-12 14:00] INFO: Event 115: Auth failure for key AKIA3D881B2157994B67.
[2026-05-12 14:00] INFO: Event 116: Payment processed for card 7640-8949-2671-9012.
[2026-05-12 14:00] INFO: Event 117: Auth failure for key AKIA1C56DF27FB1847A4.
[2026-05-12 14:00] INFO: Event 118: User session heartbeat.
[2026-05-12 14:00] INFO: Event 119: Password reset sent to user_831@internal.corp.
[2026-05-12 14:00] INFO: Event 120: User session heartbeat.
[2026-05-12 14:00] INFO: Event 121: Payment processed for card 9346-1781-1299-2511.
[2026-05-12 14:00] INFO: Event 122: User session heartbeat.
[2026-05-12 14:00] INFO: Event 123: User session heartbeat.
[2026-05-12 14:00] INFO: Event 124: Payment processed for card 9674-9001-9692-4288.
[2026-05-12 14:00] INFO: Event 125: User session heartbeat.
[2026-05-12 14:00] INFO: Event 126: Payment processed for card 8440-1398-8100-9417.
[2026-05-12 14:00] INFO: Event 127: Password reset sent to user_141@internal.corp.
[2026-05-12 14:00] INFO: Event 128: Payment processed for card 7084-6609-3523-4056.
[2026-05-12 14:00] INFO: Event 129: Payment processed for card 3954-3287-7074-5675.
[2026-05-12 14:00] INFO: Event 130: User session heartbeat.
[2026-05-12 14:00] INFO: Event 131: Auth failure for key AKIAF6A55C61B34047B7.
[2026-05-12 14:00] INFO: Event 132: Password reset sent to user_704@internal.corp.
[2026-05-12 14:00] INFO: Event 133: User session heartbeat.
[2026-05-12 14:00] INFO: Event 134: Auth failure for key AKIA1867BA07E909451D.
[2026-05-12 14:00] INFO: Event 135: Payment processed for card 7855-7038-9457-5923.
[2026-05-12 14:00] INFO: Event 136: Payment processed for card 8007-7077-4812-4268.
[2026-05-12 14:00] INFO: Event 137: Password reset sent to user_50@internal.corp.
[2026-05-12 14:00] INFO: Event 138: Auth failure for key AKIA4B443D8C914E465C.
[2026-05-12 14:00] INFO: Event 139: Payment processed for card 7552-4986-8570-2964.
[2026-05-12 14:00] INFO: Event 140: Auth failure for key AKIA0DE0496EC5574079.
[2026-05-12 14:00] INFO: Event 141: Payment processed for card 9188-5902-4928-1532.
[2026-05-12 14:00] INFO: Event 142: Password reset sent to user_897@internal.corp.
[2026-05-12 14:00] INFO: Event 143: Payment processed for card 5768-5538-2579-2248.
[2026-05-12 14:00] INFO: Event 144: Payment processed for card 6226-8591-4993-4217.
[2026-05-12 14:00] INFO: Event 145: User session heartbeat.
[2026-05-12 14:00] INFO: Event 146: Auth failure for key AKIA02D1F1E58D604F0E.
[2026-05-12 14:00] INFO: Event 147: Auth failure for key AKIA209228FE8B604AF3.
[2026-05-12 14:00] INFO: Event 148: Payment processed for card 1321-9171-8144-7259.
[2026-05-12 14:00] INFO: Event 149: User session heartbeat.
[2026-05-12 14:00] INFO: Event 150: Payment processed for card 6875-1694-2562-1362.
[2026-05-12 14:00] INFO: Event 151: Auth failure for key AKIADB198F75BCCD4D34.
[2026-05-12 14:00] INFO: Event 152: User session heartbeat.
[2026-05-12 14:00] INFO: Event 153: Payment processed for card 3360-8328-1024-8387.
[2026-05-12 14:00] INFO: Event 154: Auth failure for key AKIA490618B8D7164C0C.
[2026-05-12 14:00] INFO: Event 155: Payment processed for card 1594-2486-5940-7362.
[2026-05-12 14:00] INFO: Event 156: User session heartbeat.
[2026-05-12 14:00] INFO: Event 157: Password reset sent to user_187@internal.corp.
[2026-05-12 14:00] INFO: Event 158: User session heartbeat.
[2026-05-12 14:00] INFO: Event 159: Password reset sent to user_366@internal.corp.
[2026-05-12 14:00] INFO: Event 160: Auth failure for key AKIA849C84A4AC4B49E5.
[2026-05-12 14:00] INFO: Event 161: Password reset sent to user_311@internal.corp.
[2026-05-12 14:00] INFO: Event 162: Password reset sent to user_339@internal.corp.
[2026-05-12 14:00] INFO: Event 163: Password reset sent to user_890@internal.corp.
[2026-05-12 14:00] INFO: Event 164: Password reset sent to user_393@internal.corp.
[2026-05-12 14:00] INFO: Event 165: Auth failure for key AKIA903A6B4568B84D7B.
[2026-05-12 14:00] INFO: Event 166: Password reset sent to user_443@internal.corp.
[2026-05-12 14:00] INFO: Event 167: Payment processed for card 6155-9486-4826-9941.
[2026-05-12 14:00] INFO: Event 168: User session heartbeat.
[2026-05-12 14:00] INFO: Event 169: Payment processed for card 7520-2532-4322-8887.
[2026-05-12 14:00] INFO: Event 170: User session heartbeat.
[2026-05-12 14:00] INFO: Event 171: Password reset sent to user_597@internal.corp.
[2026-05-12 14:00] INFO: Event 172: User session heartbeat.
[2026-05-12 14:00] INFO: Event 173: Payment processed for card 2547-1531-3719-8763.
[2026-05-12 14:00] INFO: Event 174: Payment processed for card 2714-9769-4517-1429.
[2026-05-12 14:00] INFO: Event 175: Payment processed for card 8611-7593-6607-5011.
[2026-05-12 14:00] INFO: Event 176: Payment processed for card 7913-1487-7401-9763.
[2026-05-12 14:00] INFO: Event 177: User session heartbeat.
[2026-05-12 14:00] INFO: Event 178: Payment processed for card 1370-5491-9530-7113.
[2026-05-12 14:00] INFO: Event 179: Payment processed for card 5391-7039-7422-2912.
[2026-05-12 14:00] INFO: Event 180: Payment processed for card 1564-2631-7430-4876.
[2026-05-12 14:00] INFO: Event 181: Password reset sent to user_531@internal.corp.
[2026-05-12 14:00] INFO: Event 182: User session heartbeat.
[2026-05-12 14:00] INFO: Event 183: User session heartbeat.
[2026-05-12 14:00] INFO: Event 184: Auth failure for key AKIA8C44ED0DD11C400C.
[2026-05-12 14:00] INFO: Event 185: Payment processed for card 8168-3273-8435-3649.
[2026-05-12 14:00] INFO: Event 186: User session heartbeat.
[2026-05-12 14:00] INFO: Event 187: Auth failure for key AKIAE2EA963A43B94912.
[2026-05-12 14:00] INFO: Event 188: Auth failure for key AKIA698BDAB014254E0E.
[2026-05-12 14:00] INFO: Event 189: Payment processed for card 6091-9244-8651-6862.
[2026-05-12 14:00] INFO: Event 190: User session heartbeat.
[2026-05-12 14:00] INFO: Event 191: User session heartbeat.
[2026-05-12 14:00] INFO: Event 192: Auth failure for key AKIA54FDC942715942DA.
[2026-05-12 14:00] INFO: Event 193: Payment processed for card 7920-3612-2064-6318.
[2026-05-12 14:00] INFO: Event 194: Password reset sent to user_832@internal.corp.
[2026-05-12 14:00] INFO: Event 195: Auth failure for key AKIAEE34C4A9F6E6422C.
[2026-05-12 14:00] INFO: Event 196: Payment processed for card 4290-2923-5027-4620.
[2026-05-12 14:00] INFO: Event 197: User session heartbeat.
[2026-05-12 14:00] INFO: Event 198: Password reset sent to user_705@internal.corp.
[2026-05-12 14:00] INFO: Event 199: User session heartbeat.
[2026-05-12 14:00] INFO: Event 200: Auth failure for key AKIA10E461B336534AC3.
[2026-05-12 14:00] INFO: Event 201: Payment processed for card 4504-4160-4371-7410.
[2026-05-12 14:00] INFO: Event 202: Password reset sent to user_122@internal.corp.
[2026-05-12 14:00] INFO: Event 203: Payment processed for card 4355-8815-3179-2942.
[2026-05-12 14:00] INFO: Event 204: Password reset sent to user_753@internal.corp.
[2026-05-12 14:00] INFO: Event 205: User session heartbeat.
[2026-05-12 14:00] INFO: Event 206: Auth failure for key AKIAA056C90429DB4A31.
[2026-05-12 14:00] INFO: Event 207: Password reset sent to user_276@internal.corp.
[2026-05-12 14:00] INFO: Event 208: Password reset sent to user_448@internal.corp.
[2026-05-12 14:00] INFO: Event 209: Auth failure for key AKIA66937FF9B7ED4A7B.
[2026-05-12 14:00] INFO: Event 210: Auth failure for key AKIA0C96E21C37114E43.
[2026-05-12 14:00] INFO: Event 211: Auth failure for key AKIA69B3BD5662BE4AC2.
[2026-05-12 14:00] INFO: Event 212: Password reset sent to user_951@internal.corp.
[2026-05-12 14:00] INFO: Event 213: Auth failure for key AKIA407998E4798E4645.
[2026-05-12 14:00] INFO: Event 214: Auth failure for key AKIA166E22AAAE354F7A.
[2026-05-12 14:00] INFO: Event 215: Payment processed for card 3267-7094-9420-5501.
[2026-05-12 14:00] INFO: Event 216: Auth failure for key AKIA444BBC8245A14468.
[2026-05-12 14:00] INFO: Event 217: User session heartbeat.
[2026-05-12 14:00] INFO: Event 218: Password reset sent to user_730@internal.corp.
[2026-05-12 14:00] INFO: Event 219: Password reset sent to user_801@internal.corp.
[2026-05-12 14:00] INFO: Event 220: User session heartbeat.
[2026-05-12 14:00] INFO: Event 221: Auth failure for key AKIA6E0AC79050F641B9.
[2026-05-12 14:00] INFO: Event 222: Password reset sent to user_9@internal.corp.
[2026-05-12 14:00] INFO: Event 223: Auth failure for key AKIAE6A9515B3203429F.
[2026-05-12 14:00] INFO: Event 224: Password reset sent to user_463@internal.corp.
[2026-05-12 14:00] INFO: Event 225: User session heartbeat.
[2026-05-12 14:00] INFO: Event 226: Payment processed for card 2715-8141-8599-2781.
[2026-05-12 14:00] INFO: Event 227: Auth failure for key AKIA096546FFF8764F1E.
[2026-05-12 14:00] INFO: Event 228: Auth failure for key AKIACFB9A567E4BB4B24.
[2026-05-12 14:00] INFO: Event 229: Payment processed for card 3014-6788-1255-1571.
[2026-05-12 14:00] INFO: Event 230: Password reset sent to user_705@internal.corp.
[2026-05-12 14:00] INFO: Event 231: User session heartbeat.
[2026-05-12 14:00] INFO: Event 232: Password reset sent to user_329@internal.corp.
[2026-05-12 14:00] INFO: Event 233: Auth failure for key AKIA8DCA93A7F78341BE.
[2026-05-12 14:00] INFO: Event 234: Payment processed for card 2826-6869-3432-5313.
[2026-05-12 14:00] INFO: Event 235: Auth failure for key AKIA37A00B00BDF24FDF.
[2026-05-12 14:00] INFO: Event 236: Auth failure for key AKIAAA732FAB4A794209.
[2026-05-12 14:00] INFO: Event 237: Password reset sent to user_624@internal.corp.
[2026-05-12 14:00] INFO: Event 238: Auth failure for key AKIABAAD9F197AEB4103.
[2026-05-12 14:00] INFO: Event 239: Auth failure for key AKIA01D4C79FBF94477A.
[2026-05-12 14:00] INFO: Event 240: User session heartbeat.
[2026-05-12 14:00] INFO: Event 241: Payment processed for card 5007-1361-9741-6418.
[2026-05-12 14:00] INFO: Event 242: Password reset sent to user_281@internal.corp.
[2026-05-12 14:00] INFO: Event 243: User session heartbeat.
[2026-05-12 14:00] INFO: Event 244: Auth failure for key AKIA0C20BB947A38409D.
[2026-05-12 14:00] INFO: Event 245: Payment processed for card 9078-2785-2132-5279.
[2026-05-12 14:00] INFO: Event 246: Auth failure for key AKIA24D279BF7CC344BB.
[2026-05-12 14:00] INFO: Event 247: Password reset sent to user_940@internal.corp.
[2026-05-12 14:00] INFO: Event 248: Password reset sent to user_502@internal.corp.
[2026-05-12 14:00] INFO: Event 249: Password reset sent to user_241@internal.corp.
[2026-05-12 14:00] INFO: Event 250: Payment processed for card 9711-2394-3589-5971.
[2026-05-12 14:00] INFO: Event 251: Payment processed for card 8216-4820-7560-6529.
[2026-05-12 14:00] INFO: Event 252: Password reset sent to user_212@internal.corp.
[2026-05-12 14:00] INFO: Event 253: User session heartbeat.
[2026-05-12 14:00] INFO: Event 254: Payment processed for card 9129-5395-5781-6995.
[2026-05-12 14:00] INFO: Event 255: Password reset sent to user_968@internal.corp.
[2026-05-12 14:00] INFO: Event 256: Password reset sent to user_426@internal.corp.
[2026-05-12 14:00] INFO: Event 257: User session heartbeat.
[2026-05-12 14:00] INFO: Event 258: User session heartbeat.
[2026-05-12 14:00] INFO: Event 259: Password reset sent to user_262@internal.corp.
[2026-05-12 14:00] INFO: Event 260: Payment processed for card 6518-3495-9992-5405.
[2026-05-12 14:00] INFO: Event 261: Auth failure for key AKIAD15FC5D0F8354169.
[2026-05-12 14:00] INFO: Event 262: Password reset sent to user_330@internal.corp.
[2026-05-12 14:00] INFO: Event 263: Auth failure for key AKIA6C664CC765884292.
[2026-05-12 14:00] INFO: Event 264: User session heartbeat.
[2026-05-12 14:00] INFO: Event 265: Auth failure for key AKIA4851661B46074A72.
[2026-05-12 14:00] INFO: Event 266: Password reset sent to user_869@internal.corp.
[2026-05-12 14:00] INFO: Event 267: Password reset sent to user_375@internal.corp.
[2026-05-12 14:00] INFO: Event 268: Password reset sent to user_305@internal.corp.
[2026-05-12 14:00] INFO: Event 269: Password reset sent to user_369@internal.corp.
[2026-05-12 14:00] INFO: Event 270: User session heartbeat.
[2026-05-12 14:00] INFO: Event 271: Payment processed for card 4980-2320-4439-4416.
[2026-05-12 14:00] INFO: Event 272: Password reset sent to user_630@internal.corp.
[2026-05-12 14:00] INFO: Event 273: User session heartbeat.
[2026-05-12 14:00] INFO: Event 274: User session heartbeat.
[2026-05-12 14:00] INFO: Event 275: Payment processed for card 5965-5369-7945-9692.
[2026-05-12 14:00] INFO: Event 276: User session heartbeat.
[2026-05-12 14:00] INFO: Event 277: Password reset sent to user_687@internal.corp.
[2026-05-12 14:00] INFO: Event 278: Password reset sent to user_777@internal.corp.
[2026-05-12 14:00] INFO: Event 279: Payment processed for card 1707-9396-6823-9489.
[2026-05-12 14:00] INFO: Event 280: Auth failure for key AKIAFCA5528478874213.
[2026-05-12 14:00] INFO: Event 281: Password reset sent to user_214@internal.corp.
[2026-05-12 14:00] INFO: Event 282: Auth failure for key AKIAC86FC5234EDE48AD.
[2026-05-12 14:00] INFO: Event 283: Payment processed for card 8040-7321-2409-5556.
[2026-05-12 14:00] INFO: Event 284: Auth failure for key AKIACD2D0EEFB9224BE3.
[2026-05-12 14:00] INFO: Event 285: Password reset sent to user_540@internal.corp.
[2026-05-12 14:00] INFO: Event 286: Password reset sent to user_512@internal.corp.
[2026-05-12 14:00] INFO: Event 287: Password reset sent to user_561@internal.corp.
[2026-05-12 14:00] INFO: Event 288: Password reset sent to user_783@internal.corp.
[2026-05-12 14:00] INFO: Event 289: Auth failure for key AKIA7C60283EC97343B6.
[2026-05-12 14:00] INFO: Event 290: User session heartbeat.
[2026-05-12 14:00] INFO: Event 291: Payment processed for card 1612-2681-7048-1568.
[2026-05-12 14:00] INFO: Event 292: Password reset sent to user_212@internal.corp.
[2026-05-12 14:00] INFO: Event 293: User session heartbeat.
[2026-05-12 14:00] INFO: Event 294: User session heartbeat.
[2026-05-12 14:00] INFO: Event 295: User session heartbeat.
[2026-05-12 14:00] INFO: Event 296: Password reset sent to user_568@internal.corp.
[2026-05-12 14:00] INFO: Event 297: Auth failure for key AKIA75D6EC852BFF45EB.
[2026-05-12 14:00] INFO: Event 298: Password reset sent to user_593@internal.corp.
[2026-05-12 14:00] INFO: Event 299: Password reset sent to user_289@internal.corp.
[2026-05-12 14:00] INFO: Event 300: Auth failure for key AKIABC3AE32875564B42.
[2026-05-12 14:00] INFO: Event 301: User session heartbeat.
[2026-05-12 14:00] INFO: Event 302: Password reset sent to user_105@internal.corp.
[2026-05-12 14:00] INFO: Event 303: Payment processed for card 3536-3354-8267-1811.
[2026-05-12 14:00] INFO: Event 304: Payment processed for card 4076-6246-2976-8755.
[2026-05-12 14:00] INFO: Event 305: Payment processed for card 9032-9591-9630-4887.
[2026-05-12 14:00] INFO: Event 306: Password reset sent to user_440@internal.corp.
[2026-05-12 14:00] INFO: Event 307: Password reset sent to user_878@internal.corp.
[2026-05-12 14:00] INFO: Event 308: Password reset sent to user_534@internal.corp.
[2026-05-12 14:00] INFO: Event 309: Auth failure for key AKIA85EA4C1F12D549FF.
[2026-05-12 14:00] INFO: Event 310: Payment processed for card 4473-2667-2227-5677.
[2026-05-12 14:00] INFO: Event 311: Payment processed for card 5144-9942-7162-6103.
[2026-05-12 14:00] INFO: Event 312: Payment processed for card 3682-6540-9308-4304.
[2026-05-12 14:00] INFO: Event 313: Payment processed for card 8650-8112-4305-6597.
[2026-05-12 14:00] INFO: Event 314: Auth failure for key AKIAA5F2C019081F4D27.
[2026-05-12 14:00] INFO: Event 315: Payment processed for card 9950-6598-6606-8679.
[2026-05-12 14:00] INFO: Event 316: Auth failure for key AKIA0C1A875DA28E4E22.
[2026-05-12 14:00] INFO: Event 317: Auth failure for key AKIA9F8B7D33A10344E9.
[2026-05-12 14:00] INFO: Event 318: User session heartbeat.
[2026-05-12 14:00] INFO: Event 319: Auth failure for key AKIAC6644ED7B85846A4.
[2026-05-12 14:00] INFO: Event 320: Auth failure for key AKIA7549D0CD626F4976.
[2026-05-12 14:00] INFO: Event 321: Payment processed for card 3787-1075-5574-6949.
[2026-05-12 14:00] INFO: Event 322: Auth failure for key AKIA50B27EEFA9EA4CF7.
[2026-05-12 14:00] INFO: Event 323: Auth failure for key AKIA20B51D6AFEF44968.
[2026-05-12 14:00] INFO: Event 324: Auth failure for key AKIA9A09051E08414B35.
[2026-05-12 14:00] INFO: Event 325: Auth failure for key AKIA3D6DEA7141274BBC.
[2026-05-12 14:00] INFO: Event 326: Auth failure for key AKIA6323C977B7924863.
[2026-05-12 14:00] INFO: Event 327: User session heartbeat.
[2026-05-12 14:00] INFO: Event 328: Auth failure for key AKIAF8BD3DF957BF4957.
[2026-05-12 14:00] INFO: Event 329: Password reset sent to user_618@internal.corp.
[2026-05-12 14:00] INFO: Event 330: Payment processed for card 5316-5824-2223-9409.
[2026-05-12 14:00] INFO: Event 331: Auth failure for key AKIAB6BD212628A546B4.
[2026-05-12 14:00] INFO: Event 332: Auth failure for key AKIACDC83E32C9E1476C.
[2026-05-12 14:00] INFO: Event 333: User session heartbeat.
[2026-05-12 14:00] INFO: Event 334: Auth failure for key AKIAC8BF49109ADF456E.
[2026-05-12 14:00] INFO: Event 335: Password reset sent to user_945@internal.corp.
[2026-05-12 14:00] INFO: Event 336: Auth failure for key AKIA4EBC4EA505EE4F51.
[2026-05-12 14:00] INFO: Event 337: Password reset sent to user_599@internal.corp.
[2026-05-12 14:00] INFO: Event 338: Payment processed for card 9722-1061-5010-4771.
[2026-05-12 14:00] INFO: Event 339: Auth failure for key AKIAFE4E86B9D290468B.
[2026-05-12 14:00] INFO: Event 340: User session heartbeat.
[2026-05-12 14:00] INFO: Event 341: Auth failure for key AKIAD07F777FEA5A4ECD.
[2026-05-12 14:00] INFO: Event 342: Payment processed for card 2375-8833-3046-8341.
[2026-05-12 14:00] INFO: Event 343: Password reset sent to user_830@internal.corp.
[2026-05-12 14:00] INFO: Event 344: Auth failure for key AKIA53C12B8D11D34DA7.
[2026-05-12 14:00] INFO: Event 345: Payment processed for card 2481-2712-2278-7274.
[2026-05-12 14:00] INFO: Event 346: User session heartbeat.
[2026-05-12 14:00] INFO: Event 347: User session heartbeat.
[2026-05-12 14:00] INFO: Event 348: Password reset sent to user_705@internal.corp.
[2026-05-12 14:00] INFO: Event 349: Password reset sent to user_485@internal.corp.
[2026-05-12 14:00] INFO: Event 350: Payment processed for card 9256-8170-5727-7690.
[2026-05-12 14:00] INFO: Event 351: Auth failure for key AKIA1C6B53C6952C42EA.
[2026-05-12 14:00] INFO: Event 352: Password reset sent to user_493@internal.corp.
[2026-05-12 14:00] INFO: Event 353: User session heartbeat.
[2026-05-12 14:00] INFO: Event 354: User session heartbeat.
[2026-05-12 14:00] INFO: Event 355: User session heartbeat.
[2026-05-12 14:00] INFO: Event 356: User session heartbeat.
[2026-05-12 14:00] INFO: Event 357: Payment processed for card 8295-7746-2771-4557.
[2026-05-12 14:00] INFO: Event 358: Password reset sent to user_958@internal.corp.
[2026-05-12 14:00] INFO: Event 359: Payment processed for card 1901-9384-5043-3661.
[2026-05-12 14:00] INFO: Event 360: User session heartbeat.
[2026-05-12 14:00] INFO: Event 361: User session heartbeat.
[2026-05-12 14:00] INFO: Event 362: Password reset sent to user_242@internal.corp.
[2026-05-12 14:00] INFO: Event 363: Password reset sent to user_585@internal.corp.
[2026-05-12 14:00] INFO: Event 364: Password reset sent to user_990@internal.corp.
[2026-05-12 14:00] INFO: Event 365: Payment processed for card 6938-4208-2348-4293.
[2026-05-12 14:00] INFO: Event 366: Password reset sent to user_814@internal.corp.
[2026-05-12 14:00] INFO: Event 367: User session heartbeat.
[2026-05-12 14:00] INFO: Event 368: Auth failure for key AKIA779D0C015B004C66.
[2026-05-12 14:00] INFO: Event 369: User session heartbeat.
[2026-05-12 14:00] INFO: Event 370: Password reset sent to user_79@internal.corp.
[2026-05-12 14:00] INFO: Event 371: Auth failure for key AKIA52B125A2434245E0.
[2026-05-12 14:00] INFO: Event 372: Password reset sent to user_743@internal.corp.
[2026-05-12 14:00] INFO: Event 373: Payment processed for card 8121-1273-7413-3547.
[2026-05-12 14:00] INFO: Event 374: Password reset sent to user_451@internal.corp.
[2026-05-12 14:00] INFO: Event 375: Password reset sent to user_529@internal.corp.
[2026-05-12 14:00] INFO: Event 376: Password reset sent to user_707@internal.corp.
[2026-05-12 14:00] INFO: Event 377: User session heartbeat.
[2026-05-12 14:00] INFO: Event 378: User session heartbeat.
[2026-05-12 14:00] INFO: Event 379: User session heartbeat.
[2026-05-12 14:00] INFO: Event 380: Password reset sent to user_465@internal.corp.
[2026-05-12 14:00] INFO: Event 381: User session heartbeat.
[2026-05-12 14:00] INFO: Event 382: Auth failure for key AKIA653D0E1B51D84683.
[2026-05-12 14:00] INFO: Event 383: User session heartbeat.
[2026-05-12 14:00] INFO: Event 384: Payment processed for card 1157-4758-7332-5561.
[2026-05-12 14:00] INFO: Event 385: Password reset sent to user_835@internal.corp.
[2026-05-12 14:00] INFO: Event 386: Password reset sent to user_523@internal.corp.
[2026-05-12 14:00] INFO: Event 387: User session heartbeat.
[2026-05-12 14:00] INFO: Event 388: Payment processed for card 7779-9344-1396-9931.
[2026-05-12 14:00] INFO: Event 389: Auth failure for key AKIADDCA67B981EC4ED3.
[2026-05-12 14:00] INFO: Event 390: User session heartbeat.
[2026-05-12 14:00] INFO: Event 391: Payment processed for card 5619-8814-8372-1922.
[2026-05-12 14:00] INFO: Event 392: Password reset sent to user_439@internal.corp.
[2026-05-12 14:00] INFO: Event 393: Payment processed for card 5566-1636-4968-3388.
[2026-05-12 14:00] INFO: Event 394: Payment processed for card 4286-4171-8362-4612.
[2026-05-12 14:00] INFO: Event 395: Password reset sent to user_659@internal.corp.
[2026-05-12 14:00] INFO: Event 396: Auth failure for key AKIA53430A4FAA7344A6.
[2026-05-12 14:00] INFO: Event 397: Password reset sent to user_394@internal.corp.
[2026-05-12 14:00] INFO: Event 398: User session heartbeat.
[2026-05-12 14:00] INFO: Event 399: Auth failure for key AKIA6CAA18D1C0BE4526.
[2026-05-12 14:00] INFO: Event 400: Payment processed for card 5741-8719-8792-1180.
[2026-05-12 14:00] INFO: Event 401: Password reset sent to user_702@internal.corp.
[2026-05-12 14:00] INFO: Event 402: User session heartbeat.
[2026-05-12 14:00] INFO: Event 403: Auth failure for key AKIAEDE2D320F4EC43BB.
[2026-05-12 14:00] INFO: Event 404: Auth failure for key AKIAF1E18C0E7ED64DFD.
[2026-05-12 14:00] INFO: Event 405: User session heartbeat.
[2026-05-12 14:00] INFO: Event 406: Password reset sent to user_196@internal.corp.
[2026-05-12 14:00] INFO: Event 407: Auth failure for key AKIA51F731AA34454608.
[2026-05-12 14:00] INFO: Event 408: Payment processed for card 7862-1634-3604-6086.
[2026-05-12 14:00] INFO: Event 409: Auth failure for key AKIA361DB1158F3D4523.
[2026-05-12 14:00] INFO: Event 410: Password reset sent to user_356@internal.corp.
[2026-05-12 14:00] INFO: Event 411: User session heartbeat.
[2026-05-12 14:00] INFO: Event 412: Payment processed for card 3671-9868-7158-7056.
[2026-05-12 14:00] INFO: Event 413: Auth failure for key AKIAA78D9799807449AD.
[2026-05-12 14:00] INFO: Event 414: Payment processed for card 2450-2412-7454-2118.
[2026-05-12 14:00] INFO: Event 415: User session heartbeat.
[2026-05-12 14:00] INFO: Event 416: Auth failure for key AKIA7B01324799274D1F.
[2026-05-12 14:00] INFO: Event 417: Auth failure for key AKIA7C045CA3511D4397.
[2026-05-12 14:00] INFO: Event 418: Password reset sent to user_727@internal.corp.
[2026-05-12 14:00] INFO: Event 419: Password reset sent to user_153@internal.corp.
[2026-05-12 14:00] INFO: Event 420: Payment processed for card 3188-4268-3746-6082.
[2026-05-12 14:00] INFO: Event 421: Auth failure for key AKIAF40B36FBB6D34D55.
[2026-05-12 14:00] INFO: Event 422: Auth failure for key AKIAB2F0E04EF8BA47DE.
[2026-05-12 14:00] INFO: Event 423: Auth failure for key AKIAA2C2119253F248F3.
[2026-05-12 14:00] INFO: Event 424: User session heartbeat.
[2026-05-12 14:00] INFO: Event 425: User session heartbeat.
[2026-05-12 14:00] INFO: Event 426: Auth failure for key AKIA2A17D2B2E096471B.
[2026-05-12 14:00] INFO: Event 427: Password reset sent to user_874@internal.corp.
[2026-05-12 14:00] INFO: Event 428: User session heartbeat.
[2026-05-12 14:00] INFO: Event 429: User session heartbeat.
[2026-05-12 14:00] INFO: Event 430: Payment processed for card 9474-3679-9985-3017.
[2026-05-12 14:00] INFO: Event 431: Payment processed for card 5740-6407-6632-2008.
[2026-05-12 14:00] INFO: Event 432: User session heartbeat.
[2026-05-12 14:00] INFO: Event 433: User session heartbeat.
[2026-05-12 14:00] INFO: Event 434: Auth failure for key AKIA6E2D046574D14CA1.
[2026-05-12 14:00] INFO: Event 435: Auth failure for key AKIA935D3ECD97184435.
[2026-05-12 14:00] INFO: Event 436: User session heartbeat.
[2026-05-12 14:00] INFO: Event 437: User session heartbeat.
[2026-05-12 14:00] INFO: Event 438: User session heartbeat.
[2026-05-12 14:00] INFO: Event 439: User session heartbeat.
[2026-05-12 14:00] INFO: Event 440: Auth failure for key AKIA059D185DD7384F2D.
[2026-05-12 14:00] INFO: Event 441: Password reset sent to user_948@internal.corp.
[2026-05-12 14:00] INFO: Event 442: User session heartbeat.
[2026-05-12 14:00] INFO: Event 443: User session heartbeat.
[2026-05-12 14:00] INFO: Event 444: User session heartbeat.
[2026-05-12 14:00] INFO: Event 445: Password reset sent to user_637@internal.corp.
[2026-05-12 14:00] INFO: Event 446: Password reset sent to user_282@internal.corp.
[2026-05-12 14:00] INFO: Event 447: Password reset sent to user_648@internal.corp.
[2026-05-12 14:00] INFO: Event 448: Auth failure for key AKIA16BAD531BF194F95.
[2026-05-12 14:00] INFO: Event 449: Auth failure for key AKIADC4AE01C6A654A05.
[2026-05-12 14:00] INFO: Event 450: User session heartbeat.
[2026-05-12 14:00] INFO: Event 451: Payment processed for card 8615-9743-5675-6855.
[2026-05-12 14:00] INFO: Event 452: Payment processed for card 8553-6270-2943-6745.
[2026-05-12 14:00] INFO: Event 453: Payment processed for card 2688-5099-1665-1822.
[2026-05-12 14:00] INFO: Event 454: Auth failure for key AKIACD1686BE47274271.
[2026-05-12 14:00] INFO: Event 455: User session heartbeat.
[2026-05-12 14:00] INFO: Event 456: Auth failure for key AKIA76DCF509706A46F5.
[2026-05-12 14:00] INFO: Event 457: Auth failure for key AKIA534A9E5E89EE4F96.
[2026-05-12 14:00] INFO: Event 458: User session heartbeat.
[2026-05-12 14:00] INFO: Event 459: Password reset sent to user_756@internal.corp.
[2026-05-12 14:00] INFO: Event 460: User session heartbeat.
[2026-05-12 14:00] INFO: Event 461: Password reset sent to user_465@internal.corp.
[2026-05-12 14:00] INFO: Event 462: Payment processed for card 2999-9226-5255-6732.
[2026-05-12 14:00] INFO: Event 463: Payment processed for card 8339-5797-9417-9931.
[2026-05-12 14:00] INFO: Event 464: Payment processed for card 7312-7026-5448-3058.
[2026-05-12 14:00] INFO: Event 465: User session heartbeat.
[2026-05-12 14:00] INFO: Event 466: Password reset sent to user_375@internal.corp.
[2026-05-12 14:00] INFO: Event 467: Payment processed for card 1444-9780-5254-9109.
[2026-05-12 14:00] INFO: Event 468: Auth failure for key AKIAAB7B9B41578F4A34.
[2026-05-12 14:00] INFO: Event 469: Password reset sent to user_277@internal.corp.
[2026-05-12 14:00] INFO: Event 470: Password reset sent to user_502@internal.corp.
[2026-05-12 14:00] INFO: Event 471: User session heartbeat.
[2026-05-12 14:00] INFO: Event 472: Payment processed for card 8338-9093-6514-6805.
[2026-05-12 14:00] INFO: Event 473: Password reset sent to user_850@internal.corp.
[2026-05-12 14:00] INFO: Event 474: Password reset sent to user_513@internal.corp.
[2026-05-12 14:00] INFO: Event 475: Payment processed for card 4745-3949-6932-5931.
[2026-05-12 14:00] INFO: Event 476: User session heartbeat.
[2026-05-12 14:00] INFO: Event 477: Password reset sent to user_180@internal.corp.
[2026-05-12 14:00] INFO: Event 478: Password reset sent to user_851@internal.corp.
[2026-05-12 14:00] INFO: Event 479: Auth failure for key AKIA224C149F97494BF3.
[2026-05-12 14:00] INFO: Event 480: Payment processed for card 3454-5366-4043-7825.
[2026-05-12 14:00] INFO: Event 481: Payment processed for card 5355-4332-7235-3515.
[2026-05-12 14:00] INFO: Event 482: Auth failure for key AKIAB271B29DC3C740F3.
[2026-05-12 14:00] INFO: Event 483: Payment processed for card 4294-6361-2994-1555.
[2026-05-12 14:00] INFO: Event 484: Payment processed for card 4293-8028-1822-3143.
[2026-05-12 14:00] INFO: Event 485: User session heartbeat.
[2026-05-12 14:00] INFO: Event 486: Password reset sent to user_519@internal.corp.
[2026-05-12 14:00] INFO: Event 487: User session heartbeat.
[2026-05-12 14:00] INFO: Event 488: User session heartbeat.
[2026-05-12 14:00] INFO: Event 489: Auth failure for key AKIAABF42706B8A24B4D.
[2026-05-12 14:00] INFO: Event 490: User session heartbeat.
[2026-05-12 14:00] INFO: Event 491: User session heartbeat.
[2026-05-12 14:00] INFO: Event 492: Payment processed for card 9305-2441-9774-2115.
[2026-05-12 14:00] INFO: Event 493: Payment processed for card 8182-2578-7484-5691.
[2026-05-12 14:00] INFO: Event 494: Payment processed for card 2117-8331-4525-7431.
[2026-05-12 14:00] INFO: Event 495: User session heartbeat.
[2026-05-12 14:00] INFO: Event 496: Auth failure for key AKIAC12DFFB58DAF4F68.
[2026-05-12 14:00] INFO: Event 497: Auth failure for key AKIA4D7AAD78745D4204.
[2026-05-12 14:00] INFO: Event 498: User session heartbeat.
[2026-05-12 14:00] INFO: Event 499: Auth failure for key AKIA3183B995383E4EBA.
[2026-05-12 14:00] INFO: Event 500: Payment processed for card 3330-6764-1933-9559.
[2026-05-12 14:00] INFO: Event 501: Payment processed for card 5956-6264-9860-4817.
[2026-05-12 14:00] INFO: Event 502: Payment processed for card 9745-5198-7853-4817.
[2026-05-12 14:00] INFO: Event 503: Payment processed for card 3478-5858-5115-7135.
[2026-05-12 14:00] INFO: Event 504: User session heartbeat.
[2026-05-12 14:00] INFO: Event 505: User session heartbeat.
[2026-05-12 14:00] INFO: Event 506: Auth failure for key AKIAAE43DD3B2D534FB9.
[2026-05-12 14:00] INFO: Event 507: User session heartbeat.
[2026-05-12 14:00] INFO: Event 508: Auth failure for key AKIAC7A0AE0F51F84874.
[2026-05-12 14:00] INFO: Event 509: Auth failure for key AKIAEAEAD0FC04BF42C5.
[2026-05-12 14:00] INFO: Event 510: Auth failure for key AKIAE899E2271B094547.
[2026-05-12 14:00] INFO: Event 511: Password reset sent to user_646@internal.corp.
[2026-05-12 14:00] INFO: Event 512: User session heartbeat.
[2026-05-12 14:00] INFO: Event 513: Auth failure for key AKIADA04E6503D664783.
[2026-05-12 14:00] INFO: Event 514: Password reset sent to user_984@internal.corp.
[2026-05-12 14:00] INFO: Event 515: Password reset sent to user_216@internal.corp.
[2026-05-12 14:00] INFO: Event 516: Auth failure for key AKIABA283ECB398045B0.
[2026-05-12 14:00] INFO: Event 517: Payment processed for card 6136-5553-6106-1857.
[2026-05-12 14:00] INFO: Event 518: Auth failure for key AKIA7EC875AE29AC4D50.
[2026-05-12 14:00] INFO: Event 519: User session heartbeat.
[2026-05-12 14:00] INFO: Event 520: Password reset sent to user_274@internal.corp.
[2026-05-12 14:00] INFO: Event 521: User session heartbeat.
[2026-05-12 14:00] INFO: Event 522: Auth failure for key AKIA0671FE57CFC74895.
[2026-05-12 14:00] INFO: Event 523: User session heartbeat.
[2026-05-12 14:00] INFO: Event 524: User session heartbeat.
[2026-05-12 14:00] INFO: Event 525: User session heartbeat.
[2026-05-12 14:00] INFO: Event 526: User session heartbeat.
[2026-05-12 14:00] INFO: Event 527: Auth failure for key AKIA143FBE5168664B06.
[2026-05-12 14:00] INFO: Event 528: Payment processed for card 4191-1319-4746-4952.
[2026-05-12 14:00] INFO: Event 529: Password reset sent to user_463@internal.corp.
[2026-05-12 14:00] INFO: Event 530: Password reset sent to user_762@internal.corp.
[2026-05-12 14:00] INFO: Event 531: User session heartbeat.
[2026-05-12 14:00] INFO: Event 532: User session heartbeat.
[2026-05-12 14:00] INFO: Event 533: User session heartbeat.
[2026-05-12 14:00] INFO: Event 534: User session heartbeat.
[2026-05-12 14:00] INFO: Event 535: Payment processed for card 4068-5357-9380-6337.
[2026-05-12 14:00] INFO: Event 536: Auth failure for key AKIA26881AB14A64416C.
[2026-05-12 14:00] INFO: Event 537: User session heartbeat.
[2026-05-12 14:00] INFO: Event 538: Payment processed for card 7137-1890-9965-8830.
[2026-05-12 14:00] INFO: Event 539: User session heartbeat.
[2026-05-12 14:00] INFO: Event 540: Auth failure for key AKIA0B8C0BC2231B43EA.
[2026-05-12 14:00] INFO: Event 541: Password reset sent to user_539@internal.corp.
[2026-05-12 14:00] INFO: Event 542: Password reset sent to user_659@internal.corp.
[2026-05-12 14:00] INFO: Event 543: Password reset sent to user_81@internal.corp.
[2026-05-12 14:00] INFO: Event 544: Password reset sent to user_15@internal.corp.
[2026-05-12 14:00] INFO: Event 545: Password reset sent to user_718@internal.corp.
[2026-05-12 14:00] INFO: Event 546: User session heartbeat.
[2026-05-12 14:00] INFO: Event 547: Auth failure for key AKIACB97334796C44097.
[2026-05-12 14:00] INFO: Event 548: User session heartbeat.
[2026-05-12 14:00] INFO: Event 549: Auth failure for key AKIA9A7B51B580EE4D9E.
[2026-05-12 14:00] INFO: Event 550: Payment processed for card 2732-5288-3727-9287.
[2026-05-12 14:00] INFO: Event 551: Auth failure for key AKIA17AAECB598EF45BB.
[2026-05-12 14:00] INFO: Event 552: Password reset sent to user_54@internal.corp.
[2026-05-12 14:00] INFO: Event 553: Payment processed for card 2205-2477-8604-1754.
[2026-05-12 14:00] INFO: Event 554: Auth failure for key AKIA79EB4A31D6484864.
[2026-05-12 14:00] INFO: Event 555: User session heartbeat.
[2026-05-12 14:00] INFO: Event 556: Auth failure for key AKIA9F389DD7500F4E9D.
[2026-05-12 14:00] INFO: Event 557: Auth failure for key AKIA6BBDEBBA26B34C76.
[2026-05-12 14:00] INFO: Event 558: User session heartbeat.
[2026-05-12 14:00] INFO: Event 559: User session heartbeat.
[2026-05-12 14:00] INFO: Event 560: Auth failure for key AKIAB71CE967A84E43DE.
[2026-05-12 14:00] INFO: Event 561: User session heartbeat.
[2026-05-12 14:00] INFO: Event 562: User session heartbeat.
[2026-05-12 14:00] INFO: Event 563: Payment processed for card 6640-6089-2722-4631.
[2026-05-12 14:00] INFO: Event 564: User session heartbeat.
[2026-05-12 14:00] INFO: Event 565: Password reset sent to user_718@internal.corp.
[2026-05-12 14:00] INFO: Event 566: Payment processed for card 3154-3383-7227-1460.
[2026-05-12 14:00] INFO: Event 567: User session heartbeat.
[2026-05-12 14:00] INFO: Event 568: Password reset sent to user_714@internal.corp.
[2026-05-12 14:00] INFO: Event 569: Payment processed for card 3574-6035-6194-6521.
[2026-05-12 14:00] INFO: Event 570: User session heartbeat.
[2026-05-12 14:00] INFO: Event 571: Payment processed for card 4165-4096-6713-1677.
[2026-05-12 14:00] INFO: Event 572: Payment processed for card 4916-2427-2320-6801.
[2026-05-12 14:00] INFO: Event 573: Password reset sent to user_63@internal.corp.
[2026-05-12 14:00] INFO: Event 574: Payment processed for card 7967-8672-2093-2918.
[2026-05-12 14:00] INFO: Event 575: Auth failure for key AKIA87974FB556AB4F26.
[2026-05-12 14:00] INFO: Event 576: Auth failure for key AKIA79893A845E17495E.
[2026-05-12 14:00] INFO: Event 577: Payment processed for card 2711-7020-4119-4795.
[2026-05-12 14:00] INFO: Event 578: Auth failure for key AKIAE110C3CC5E3B4603.
[2026-05-12 14:00] INFO: Event 579: Payment processed for card 6226-5773-9443-9607.
[2026-05-12 14:00] INFO: Event 580: User session heartbeat.
[2026-05-12 14:00] INFO: Event 581: Auth failure for key AKIA0CCBD7A26117437B.
[2026-05-12 14:00] INFO: Event 582: Auth failure for key AKIADADA833F180A4AB2.
[2026-05-12 14:00] INFO: Event 583: Payment processed for card 3920-8892-7760-1679.
[2026-05-12 14:00] INFO: Event 584: Payment processed for card 9806-3693-6048-9992.
[2026-05-12 14:00] INFO: Event 585: Password reset sent to user_287@internal.corp.
[2026-05-12 14:00] INFO: Event 586: Auth failure for key AKIABDEF5CA5DFCC41A9.
[2026-05-12 14:00] INFO: Event 587: Password reset sent to user_879@internal.corp.
[2026-05-12 14:00] INFO: Event 588: User session heartbeat.
[2026-05-12 14:00] INFO: Event 589: Auth failure for key AKIAF8DC4F7F390C4898.
[2026-05-12 14:00] INFO: Event 590: Password reset sent to user_446@internal.corp.
[2026-05-12 14:00] INFO: Event 591: Payment processed for card 1842-8790-1423-1905.
[2026-05-12 14:00] INFO: Event 592: Auth failure for key AKIAF5E258C071BA41D7.
[2026-05-12 14:00] INFO: Event 593: User session heartbeat.
[2026-05-12 14:00] INFO: Event 594: Password reset sent to user_268@internal.corp.
[2026-05-12 14:00] INFO: Event 595: Password reset sent to user_43@internal.corp.
[2026-05-12 14:00] INFO: Event 596: Password reset sent to user_959@internal.corp.
[2026-05-12 14:00] INFO: Event 597: User session heartbeat.
[2026-05-12 14:00] INFO: Event 598: User session heartbeat.
[2026-05-12 14:00] INFO: Event 599: User session heartbeat.
[2026-05-12 14:00] INFO: Event 600: Payment processed for card 6430-8536-5953-7022.
[2026-05-12 14:00] INFO: Event 601: Auth failure for key AKIA55D1817B12924DDD.
[2026-05-12 14:00] INFO: Event 602: Password reset sent to user_861@internal.corp.
[2026-05-12 14:00] INFO: Event 603: Password reset sent to user_67@internal.corp.
[2026-05-12 14:00] INFO: Event 604: Payment processed for card 2945-9729-4661-7433.
[2026-05-12 14:00] INFO: Event 605: Payment processed for card 8892-2267-9461-4335.
[2026-05-12 14:00] INFO: Event 606: Payment processed for card 8691-9653-4365-8144.
[2026-05-12 14:00] INFO: Event 607: User session heartbeat.
[2026-05-12 14:00] INFO: Event 608: Password reset sent to user_324@internal.corp.
[2026-05-12 14:00] INFO: Event 609: Password reset sent to user_181@internal.corp.
[2026-05-12 14:00] INFO: Event 610: Payment processed for card 5510-6539-6256-6431.
[2026-05-12 14:00] INFO: Event 611: Payment processed for card 1833-8148-7012-1927.
[2026-05-12 14:00] INFO: Event 612: Auth failure for key AKIA992EA41C1F044446.
[2026-05-12 14:00] INFO: Event 613: User session heartbeat.
[2026-05-12 14:00] INFO: Event 614: Payment processed for card 8613-7449-7880-3278.
[2026-05-12 14:00] INFO: Event 615: Auth failure for key AKIA11B9D403EA04404A.
[2026-05-12 14:00] INFO: Event 616: Password reset sent to user_7@internal.corp.
[2026-05-12 14:00] INFO: Event 617: Auth failure for key AKIAA730E3BD82264A9F.
[2026-05-12 14:00] INFO: Event 618: User session heartbeat.
[2026-05-12 14:00] INFO: Event 619: User session heartbeat.
[2026-05-12 14:00] INFO: Event 620: Password reset sent to user_437@internal.corp.
[2026-05-12 14:00] INFO: Event 621: Auth failure for key AKIAFCF3FFF0DA884D2F.
[2026-05-12 14:00] INFO: Event 622: User session heartbeat.
[2026-05-12 14:00] INFO: Event 623: User session heartbeat.
[2026-05-12 14:00] INFO: Event 624: Auth failure for key AKIA77E9BAF177AE4DB9.
[2026-05-12 14:00] INFO: Event 625: Password reset sent to user_281@internal.corp.
[2026-05-12 14:00] INFO: Event 626: Password reset sent to user_475@internal.corp.
[2026-05-12 14:00] INFO: Event 627: Password reset sent to user_899@internal.corp.
[2026-05-12 14:00] INFO: Event 628: User session heartbeat.
[2026-05-12 14:00] INFO: Event 629: Auth failure for key AKIAF091C237D5184AB9.
[2026-05-12 14:00] INFO: Event 630: Password reset sent to user_700@internal.corp.
[2026-05-12 14:00] INFO: Event 631: Payment processed for card 8958-1439-6959-7541.
[2026-05-12 14:00] INFO: Event 632: Auth failure for key AKIADDF3DC2B51074DED.
[2026-05-12 14:00] INFO: Event 633: Payment processed for card 4126-4782-3342-7587.
[2026-05-12 14:00] INFO: Event 634: Password reset sent to user_6@internal.corp.
[2026-05-12 14:00] INFO: Event 635: User session heartbeat.
[2026-05-12 14:00] INFO: Event 636: Auth failure for key AKIA702864041453420D.
[2026-05-12 14:00] INFO: Event 637: User session heartbeat.
[2026-05-12 14:00] INFO: Event 638: User session heartbeat.
[2026-05-12 14:00] INFO: Event 639: Payment processed for card 9185-2923-8598-5300.
[2026-05-12 14:00] INFO: Event 640: Auth failure for key AKIACAA01A71221B43E5.
[2026-05-12 14:00] INFO: Event 641: User session heartbeat.
[2026-05-12 14:00] INFO: Event 642: Password reset sent to user_125@internal.corp.
[2026-05-12 14:00] INFO: Event 643: Password reset sent to user_565@internal.corp.
[2026-05-12 14:00] INFO: Event 644: Auth failure for key AKIAEDDACC498E3D4E26.
[2026-05-12 14:00] INFO: Event 645: Auth failure for key AKIAE1DEC42C150541BC.
[2026-05-12 14:00] INFO: Event 646: Password reset sent to user_973@internal.corp.
[2026-05-12 14:00] INFO: Event 647: Payment processed for card 3244-1776-5010-4145.
[2026-05-12 14:00] INFO: Event 648: Payment processed for card 1155-3392-7884-7883.
[2026-05-12 14:00] INFO: Event 649: Password reset sent to user_774@internal.corp.
[2026-05-12 14:00] INFO: Event 650: Auth failure for key AKIA7B681EE66D174AE1.
[2026-05-12 14:00] INFO: Event 651: Auth failure for key AKIA57961831BF3C4636.
[2026-05-12 14:00] INFO: Event 652: Auth failure for key AKIA3A896B1E72054F23.
[2026-05-12 14:00] INFO: Event 653: Password reset sent to user_77@internal.corp.
[2026-05-12 14:00] INFO: Event 654: Payment processed for card 1810-5404-9121-9383.
[2026-05-12 14:00] INFO: Event 655: Auth failure for key AKIAACA031EF91484C6E.
[2026-05-12 14:00] INFO: Event 656: User session heartbeat.
[2026-05-12 14:00] INFO: Event 657: Password reset sent to user_376@internal.corp.
[2026-05-12 14:00] INFO: Event 658: Password reset sent to user_596@internal.corp.
[2026-05-12 14:00] INFO: Event 659: Auth failure for key AKIA1719401A14CB4323.
[2026-05-12 14:00] INFO: Event 660: Password reset sent to user_601@internal.corp.
[2026-05-12 14:00] INFO: Event 661: User session heartbeat.
[2026-05-12 14:00] INFO: Event 662: Payment processed for card 9326-5152-8241-3784.
[2026-05-12 14:00] INFO: Event 663: User session heartbeat.
[2026-05-12 14:00] INFO: Event 664: Password reset sent to user_826@internal.corp.
[2026-05-12 14:00] INFO: Event 665: Payment processed for card 9493-4652-4670-8012.
[2026-05-12 14:00] INFO: Event 666: Password reset sent to user_302@internal.corp.
[2026-05-12 14:00] INFO: Event 667: User session heartbeat.
[2026-05-12 14:00] INFO: Event 668: Payment processed for card 9303-1399-6666-1788.
[2026-05-12 14:00] INFO: Event 669: Payment processed for card 6222-1234-6843-4833.
[2026-05-12 14:00] INFO: Event 670: User session heartbeat.
[2026-05-12 14:00] INFO: Event 671: Password reset sent to user_561@internal.corp.
[2026-05-12 14:00] INFO: Event 672: Password reset sent to user_781@internal.corp.
[2026-05-12 14:00] INFO: Event 673: User session heartbeat.
[2026-05-12 14:00] INFO: Event 674: Password reset sent to user_471@internal.corp.
[2026-05-12 14:00] INFO: Event 675: Auth failure for key AKIAA1FF656341FE422A.
[2026-05-12 14:00] INFO: Event 676: Auth failure for key AKIACB2C32884881450C.
[2026-05-12 14:00] INFO: Event 677: Payment processed for card 6942-3082-2760-3509.
[2026-05-12 14:00] INFO: Event 678: User session heartbeat.
[2026-05-12 14:00] INFO: Event 679: Auth failure for key AKIAA242D8257D404B85.
[2026-05-12 14:00] INFO: Event 680: Payment processed for card 2131-2765-1019-1505.
[2026-05-12 14:00] INFO: Event 681: Auth failure for key AKIA20A4025D142B4CC0.
[2026-05-12 14:00] INFO: Event 682: User session heartbeat.
[2026-05-12 14:00] INFO: Event 683: Payment processed for card 6890-3574-1415-3344.
[2026-05-12 14:00] INFO: Event 684: Password reset sent to user_135@internal.corp.
[2026-05-12 14:00] INFO: Event 685: Password reset sent to user_377@internal.corp.
[2026-05-12 14:00] INFO: Event 686: User session heartbeat.
[2026-05-12 14:00] INFO: Event 687: User session heartbeat.
[2026-05-12 14:00] INFO: Event 688: Payment processed for card 3774-2253-7121-9564.
[2026-05-12 14:00] INFO: Event 689: Payment processed for card 2135-4424-7013-4886.
[2026-05-12 14:00] INFO: Event 690: User session heartbeat.
[2026-05-12 14:00] INFO: Event 691: Auth failure for key AKIAF7242CF0128249EA.
[2026-05-12 14:00] INFO: Event 692: User session heartbeat.
[2026-05-12 14:00] INFO: Event 693: Password reset sent to user_530@internal.corp.
[2026-05-12 14:00] INFO: Event 694: Payment processed for card 9397-5246-5635-7692.
[2026-05-12 14:00] INFO: Event 695: Password reset sent to user_281@internal.corp.
[2026-05-12 14:00] INFO: Event 696: Password reset sent to user_462@internal.corp.
[2026-05-12 14:00] INFO: Event 697: User session heartbeat.
[2026-05-12 14:00] INFO: Event 698: User session heartbeat.
[2026-05-12 14:00] INFO: Event 699: User session heartbeat.
[2026-05-12 14:00] INFO: Event 700: Password reset sent to user_64@internal.corp.
[2026-05-12 14:00] INFO: Event 701: Auth failure for key AKIAF3DF7A39C24D4D99.
[2026-05-12 14:00] INFO: Event 702: Auth failure for key AKIA5D17148C13D546D6.
[2026-05-12 14:00] INFO: Event 703: User session heartbeat.
[2026-05-12 14:00] INFO: Event 704: Password reset sent to user_476@internal.corp.
[2026-05-12 14:00] INFO: Event 705: Password reset sent to user_608@internal.corp.
[2026-05-12 14:00] INFO: Event 706: Auth failure for key AKIA6CC494CDC4584854.
[2026-05-12 14:00] INFO: Event 707: Payment processed for card 3493-7164-2275-7987.
[2026-05-12 14:00] INFO: Event 708: Password reset sent to user_212@internal.corp.
[2026-05-12 14:00] INFO: Event 709: Payment processed for card 1934-4431-2115-1450.
[2026-05-12 14:00] INFO: Event 710: Auth failure for key AKIA65743135225A473F.
[2026-05-12 14:00] INFO: Event 711: Password reset sent to user_755@internal.corp.
[2026-05-12 14:00] INFO: Event 712: Payment processed for card 9178-3001-8926-7310.
[2026-05-12 14:00] INFO: Event 713: Payment processed for card 8432-1991-9430-6773.
[2026-05-12 14:00] INFO: Event 714: Auth failure for key AKIA29B9D33CBB5A4919.
[2026-05-12 14:00] INFO: Event 715: Auth failure for key AKIAF1B629C74EF04E9E.
[2026-05-12 14:00] INFO: Event 716: Password reset sent to user_787@internal.corp.
[2026-05-12 14:00] INFO: Event 717: Payment processed for card 2676-8740-6281-3231.
[2026-05-12 14:00] INFO: Event 718: Payment processed for card 7977-1351-8989-2394.
[2026-05-12 14:00] INFO: Event 719: User session heartbeat.
[2026-05-12 14:00] INFO: Event 720: Auth failure for key AKIAEF3A26E253A641D9.
[2026-05-12 14:00] INFO: Event 721: Auth failure for key AKIA177AECD79B904A67.
[2026-05-12 14:00] INFO: Event 722: User session heartbeat.
[2026-05-12 14:00] INFO: Event 723: Password reset sent to user_101@internal.corp.
[2026-05-12 14:00] INFO: Event 724: Payment processed for card 2086-5445-6955-6016.
[2026-05-12 14:00] INFO: Event 725: Payment processed for card 2959-8222-1766-8451.
[2026-05-12 14:00] INFO: Event 726: Password reset sent to user_779@internal.corp.
[2026-05-12 14:00] INFO: Event 727: Payment processed for card 1941-1017-8627-8822.
[2026-05-12 14:00] INFO: Event 728: Password reset sent to user_542@internal.corp.
[2026-05-12 14:00] INFO: Event 729: Password reset sent to user_21@internal.corp.
[2026-05-12 14:00] INFO: Event 730: Payment processed for card 4678-1158-6894-3703.
[2026-05-12 14:00] INFO: Event 731: User session heartbeat.
[2026-05-12 14:00] INFO: Event 732: Auth failure for key AKIAEA9EE624F3654093.
[2026-05-12 14:00] INFO: Event 733: User session heartbeat.
[2026-05-12 14:00] INFO: Event 734: Password reset sent to user_448@internal.corp.
[2026-05-12 14:00] INFO: Event 735: Password reset sent to user_274@internal.corp.
[2026-05-12 14:00] INFO: Event 736: User session heartbeat.
[2026-05-12 14:00] INFO: Event 737: User session heartbeat.
[2026-05-12 14:00] INFO: Event 738: Password reset sent to user_972@internal.corp.
[2026-05-12 14:00] INFO: Event 739: Auth failure for key AKIA0795A4CE159C461E.
[2026-05-12 14:00] INFO: Event 740: Password reset sent to user_205@internal.corp.
[2026-05-12 14:00] INFO: Event 741: Payment processed for card 1322-1242-3273-6823.
[2026-05-12 14:00] INFO: Event 742: User session heartbeat.
[2026-05-12 14:00] INFO: Event 743: Auth failure for key AKIA13940DEFAC394DCD.
[2026-05-12 14:00] INFO: Event 744: Auth failure for key AKIA6C98A448D62A4758.
[2026-05-12 14:00] INFO: Event 745: Payment processed for card 4809-6643-4364-5048.
[2026-05-12 14:00] INFO: Event 746: User session heartbeat.
[2026-05-12 14:00] INFO: Event 747: Payment processed for card 4277-2164-8678-2393.
[2026-05-12 14:00] INFO: Event 748: Auth failure for key AKIAE8A9396ADE4A4F4C.
[2026-05-12 14:00] INFO: Event 749: User session heartbeat.
[2026-05-12 14:00] INFO: Event 750: User session heartbeat.
[2026-05-12 14:00] INFO: Event 751: Auth failure for key AKIAD95970FE42EB409F.
[2026-05-12 14:00] INFO: Event 752: Password reset sent to user_952@internal.corp.
[2026-05-12 14:00] INFO: Event 753: Auth failure for key AKIA9A0A49DC78954060.
[2026-05-12 14:00] INFO: Event 754: Auth failure for key AKIAC61E6CCC9BBE4CF4.
[2026-05-12 14:00] INFO: Event 755: Payment processed for card 7182-2174-5460-2653.
[2026-05-12 14:00] INFO: Event 756: Auth failure for key AKIA85205385E8624EF4.
[2026-05-12 14:00] INFO: Event 757: User session heartbeat.
[2026-05-12 14:00] INFO: Event 758: User session heartbeat.
[2026-05-12 14:00] INFO: Event 759: User session heartbeat.
[2026-05-12 14:00] INFO: Event 760: User session heartbeat.
[2026-05-12 14:00] INFO: Event 761: Payment processed for card 6114-2252-2117-7421.
[2026-05-12 14:00] INFO: Event 762: Password reset sent to user_566@internal.corp.
[2026-05-12 14:00] INFO: Event 763: Payment processed for card 9420-6882-7179-9876.
[2026-05-12 14:00] INFO: Event 764: Password reset sent to user_362@internal.corp.
[2026-05-12 14:00] INFO: Event 765: Payment processed for card 2586-4914-6809-6663.
[2026-05-12 14:00] INFO: Event 766: Auth failure for key AKIAAF929EF997D74844.
[2026-05-12 14:00] INFO: Event 767: Payment processed for card 4487-1475-7551-3823.
[2026-05-12 14:00] INFO: Event 768: User session heartbeat.
[2026-05-12 14:00] INFO: Event 769: User session heartbeat.
[2026-05-12 14:00] INFO: Event 770: Auth failure for key AKIA78820E1985B4431E.
[2026-05-12 14:00] INFO: Event 771: Password reset sent to user_424@internal.corp.
[2026-05-12 14:00] INFO: Event 772: Password reset sent to user_400@internal.corp.
[2026-05-12 14:00] INFO: Event 773: Auth failure for key AKIA753183E39C1A4371.
[2026-05-12 14:00] INFO: Event 774: User session heartbeat.
[2026-05-12 14:00] INFO: Event 775: Password reset sent to user_631@internal.corp.
[2026-05-12 14:00] INFO: Event 776: Auth failure for key AKIA85D382189A3449C2.
[2026-05-12 14:00] INFO: Event 777: User session heartbeat.
[2026-05-12 14:00] INFO: Event 778: Password reset sent to user_660@internal.corp.
[2026-05-12 14:00] INFO: Event 779: Payment processed for card 4890-5218-5337-4984.
[2026-05-12 14:00] INFO: Event 780: Password reset sent to user_482@internal.corp.
[2026-05-12 14:00] INFO: Event 781: User session heartbeat.
[2026-05-12 14:00] INFO: Event 782: User session heartbeat.
[2026-05-12 14:00] INFO: Event 783: User session heartbeat.
[2026-05-12 14:00] INFO: Event 784: Payment processed for card 6680-6704-8470-3008.
[2026-05-12 14:00] INFO: Event 785: User session heartbeat.
[2026-05-12 14:00] INFO: Event 786: Auth failure for key AKIABCD4AB533DC345EB.
[2026-05-12 14:00] INFO: Event 787: Auth failure for key AKIA332244B03453411A.
[2026-05-12 14:00] INFO: Event 788: User session heartbeat.
[2026-05-12 14:00] INFO: Event 789: Password reset sent to user_513@internal.corp.
[2026-05-12 14:00] INFO: Event 790: Auth failure for key AKIAD460BC99074E4DBD.
[2026-05-12 14:00] INFO: Event 791: Auth failure for key AKIA13786D3A27A04281.
[2026-05-12 14:00] INFO: Event 792: User session heartbeat.
[2026-05-12 14:00] INFO: Event 793: Password reset sent to user_513@internal.corp.
[2026-05-12 14:00] INFO: Event 794: Password reset sent to user_102@internal.corp.
[2026-05-12 14:00] INFO: Event 795: Password reset sent to user_287@internal.corp.
[2026-05-12 14:00] INFO: Event 796: Auth failure for key AKIA625D98F365BD44B1.
[2026-05-12 14:00] INFO: Event 797: Password reset sent to user_261@internal.corp.
[2026-05-12 14:00] INFO: Event 798: Payment processed for card 3605-5525-6179-1076.
[2026-05-12 14:00] INFO: Event 799: Payment processed for card 4416-9066-3140-2157.
[2026-05-12 14:00] INFO: Event 800: Auth failure for key AKIAB409A792FDCF4A23.
[2026-05-12 14:00] INFO: Event 801: Payment processed for card 2202-2807-9369-6707.
[2026-05-12 14:00] INFO: Event 802: User session heartbeat.
[2026-05-12 14:00] INFO: Event 803: User session heartbeat.
[2026-05-12 14:00] INFO: Event 804: Auth failure for key AKIA9C5080F99FD6458B.
[2026-05-12 14:00] INFO: Event 805: Password reset sent to user_179@internal.corp.
[2026-05-12 14:00] INFO: Event 806: Auth failure for key AKIA06528233D2564AE6.
[2026-05-12 14:00] INFO: Event 807: Auth failure for key AKIA49C077A0FBA14257.
[2026-05-12 14:00] INFO: Event 808: Password reset sent to user_197@internal.corp.
[2026-05-12 14:00] INFO: Event 809: User session heartbeat.
[2026-05-12 14:00] INFO: Event 810: Auth failure for key AKIA938C08FC8630469F.
[2026-05-12 14:00] INFO: Event 811: User session heartbeat.
[2026-05-12 14:00] INFO: Event 812: Password reset sent to user_262@internal.corp.
[2026-05-12 14:00] INFO: Event 813: Password reset sent to user_994@internal.corp.
[2026-05-12 14:00] INFO: Event 814: Payment processed for card 8618-3351-5301-2942.
[2026-05-12 14:00] INFO: Event 815: Payment processed for card 1934-3824-7781-9975.
[2026-05-12 14:00] INFO: Event 816: Payment processed for card 1050-9106-5720-3156.
[2026-05-12 14:00] INFO: Event 817: Auth failure for key AKIAD72C8084297C41CA.
[2026-05-12 14:00] INFO: Event 818: Payment processed for card 9750-5194-6592-2658.
[2026-05-12 14:00] INFO: Event 819: User session heartbeat.
[2026-05-12 14:00] INFO: Event 820: Payment processed for card 8240-8511-7508-8658.
[2026-05-12 14:00] INFO: Event 821: Auth failure for key AKIA1D1CE549F2FF45D9.
[2026-05-12 14:00] INFO: Event 822: User session heartbeat.
[2026-05-12 14:00] INFO: Event 823: Password reset sent to user_612@internal.corp.
[2026-05-12 14:00] INFO: Event 824: Password reset sent to user_983@internal.corp.
[2026-05-12 14:00] INFO: Event 825: Payment processed for card 5088-5065-6266-7152.
[2026-05-12 14:00] INFO: Event 826: Payment processed for card 2694-8480-6313-6640.
[2026-05-12 14:00] INFO: Event 827: User session heartbeat.
[2026-05-12 14:00] INFO: Event 828: Password reset sent to user_395@internal.corp.
[2026-05-12 14:00] INFO: Event 829: User session heartbeat.
[2026-05-12 14:00] INFO: Event 830: User session heartbeat.
[2026-05-12 14:00] INFO: Event 831: Auth failure for key AKIAA4A62F1DE2184E29.
[2026-05-12 14:00] INFO: Event 832: Auth failure for key AKIA75FB14B1716A43B7.
[2026-05-12 14:00] INFO: Event 833: Password reset sent to user_246@internal.corp.
[2026-05-12 14:00] INFO: Event 834: Password reset sent to user_237@internal.corp.
[2026-05-12 14:00] INFO: Event 835: Payment processed for card 1960-7974-5681-1551.
[2026-05-12 14:00] INFO: Event 836: Password reset sent to user_86@internal.corp.
[2026-05-12 14:00] INFO: Event 837: Payment processed for card 2185-5556-7690-3832.
[2026-05-12 14:00] INFO: Event 838: User session heartbeat.
[2026-05-12 14:00] INFO: Event 839: Auth failure for key AKIAD3A9C8DAD8414BFA.
[2026-05-12 14:00] INFO: Event 840: User session heartbeat.
[2026-05-12 14:00] INFO: Event 841: Auth failure for key AKIAED3D9DFB0AE9499C.
[2026-05-12 14:00] INFO: Event 842: Payment processed for card 2368-6063-2848-3811.
[2026-05-12 14:00] INFO: Event 843: Payment processed for card 7287-4422-5585-2509.
[2026-05-12 14:00] INFO: Event 844: User session heartbeat.
[2026-05-12 14:00] INFO: Event 845: Payment processed for card 9749-2254-7738-2020.
[2026-05-12 14:00] INFO: Event 846: Payment processed for card 2858-6093-4504-5879.
[2026-05-12 14:00] INFO: Event 847: Password reset sent to user_298@internal.corp.
[2026-05-12 14:00] INFO: Event 848: Payment processed for card 2360-6766-3012-4708.
[2026-05-12 14:00] INFO: Event 849: User session heartbeat.
[2026-05-12 14:00] INFO: Event 850: User session heartbeat.
[2026-05-12 14:00] INFO: Event 851: User session heartbeat.
[2026-05-12 14:00] INFO: Event 852: Payment processed for card 6577-5188-4163-8494.
[2026-05-12 14:00] INFO: Event 853: Auth failure for key AKIA9E4223AFE9F346A3.
[2026-05-12 14:00] INFO: Event 854: Auth failure for key AKIA31E889F9EAFC4CE0.
[2026-05-12 14:00] INFO: Event 855: Password reset sent to user_25@internal.corp.
[2026-05-12 14:00] INFO: Event 856: Auth failure for key AKIA428A5AC8DBB94289.
[2026-05-12 14:00] INFO: Event 857: Auth failure for key AKIA426096C83A094E0A.
[2026-05-12 14:00] INFO: Event 858: User session heartbeat.
[2026-05-12 14:00] INFO: Event 859: Password reset sent to user_717@internal.corp.
[2026-05-12 14:00] INFO: Event 860: Password reset sent to user_947@internal.corp.
[2026-05-12 14:00] INFO: Event 861: Password reset sent to user_880@internal.corp.
[2026-05-12 14:00] INFO: Event 862: Password reset sent to user_761@internal.corp.
[2026-05-12 14:00] INFO: Event 863: Payment processed for card 7262-9827-2560-8043.
[2026-05-12 14:00] INFO: Event 864: Payment processed for card 9265-9964-5305-5390.
[2026-05-12 14:00] INFO: Event 865: Password reset sent to user_960@internal.corp.
[2026-05-12 14:00] INFO: Event 866: User session heartbeat.
[2026-05-12 14:00] INFO: Event 867: Auth failure for key AKIAA701D2C09C744D8A.
[2026-05-12 14:00] INFO: Event 868: Password reset sent to user_547@internal.corp.
[2026-05-12 14:00] INFO: Event 869: Auth failure for key AKIA3CF16D110AA8477E.
[2026-05-12 14:00] INFO: Event 870: Auth failure for key AKIABA3D364B89544DEB.
[2026-05-12 14:00] INFO: Event 871: Password reset sent to user_465@internal.corp.
[2026-05-12 14:00] INFO: Event 872: Payment processed for card 9289-7703-3140-4205.
[2026-05-12 14:00] INFO: Event 873: User session heartbeat.
[2026-05-12 14:00] INFO: Event 874: User session heartbeat.
[2026-05-12 14:00] INFO: Event 875: User session heartbeat.
[2026-05-12 14:00] INFO: Event 876: Payment processed for card 5260-4616-1068-7795.
[2026-05-12 14:00] INFO: Event 877: Password reset sent to user_817@internal.corp.
[2026-05-12 14:00] INFO: Event 878: User session heartbeat.
[2026-05-12 14:00] INFO: Event 879: Auth failure for key AKIA9F6A426BA59F491C.
[2026-05-12 14:00] INFO: Event 880: Payment processed for card 9124-6687-7585-2782.
[2026-05-12 14:00] INFO: Event 881: Payment processed for card 4843-5210-5129-6086.
[2026-05-12 14:00] INFO: Event 882: Payment processed for card 2117-6244-5869-9622.
[2026-05-12 14:00] INFO: Event 883: User session heartbeat.
[2026-05-12 14:00] INFO: Event 884: Payment processed for card 1594-4101-5493-3419.
[2026-05-12 14:00] INFO: Event 885: Auth failure for key AKIABC896E9B48F04B29.
[2026-05-12 14:00] INFO: Event 886: Payment processed for card 2282-2518-2129-9429.
[2026-05-12 14:00] INFO: Event 887: Password reset sent to user_277@internal.corp.
[2026-05-12 14:00] INFO: Event 888: Auth failure for key AKIA36CE07FE0D874D87.
[2026-05-12 14:00] INFO: Event 889: Auth failure for key AKIA3758F3887708457B.
[2026-05-12 14:00] INFO: Event 890: Auth failure for key AKIA34CF78E641B64013.
[2026-05-12 14:00] INFO: Event 891: Auth failure for key AKIACFCC09B088F84E5F.
[2026-05-12 14:00] INFO: Event 892: User session heartbeat.
[2026-05-12 14:00] INFO: Event 893: User session heartbeat.
[2026-05-12 14:00] INFO: Event 894: Payment processed for card 1288-6810-3706-1718.
[2026-05-12 14:00] INFO: Event 895: Password reset sent to user_6@internal.corp.
[2026-05-12 14:00] INFO: Event 896: Password reset sent to user_226@internal.corp.
[2026-05-12 14:00] INFO: Event 897: Payment processed for card 6223-5213-4770-6063.
[2026-05-12 14:00] INFO: Event 898: Password reset sent to user_510@internal.corp.
[2026-05-12 14:00] INFO: Event 899: User session heartbeat.
[2026-05-12 14:00] INFO: Event 900: Password reset sent to user_188@internal.corp.
[2026-05-12 14:00] INFO: Event 901: Payment processed for card 9623-2568-7157-4216.
[2026-05-12 14:00] INFO: Event 902: Password reset sent to user_446@internal.corp.
[2026-05-12 14:00] INFO: Event 903: Password reset sent to user_450@internal.corp.
[2026-05-12 14:00] INFO: Event 904: Password reset sent to user_473@internal.corp.
[2026-05-12 14:00] INFO: Event 905: User session heartbeat.
[2026-05-12 14:00] INFO: Event 906: Password reset sent to user_285@internal.corp.
[2026-05-12 14:00] INFO: Event 907: Auth failure for key AKIA057C247CFACE4B3D.
[2026-05-12 14:00] INFO: Event 908: User session heartbeat.
[2026-05-12 14:00] INFO: Event 909: User session heartbeat.
[2026-05-12 14:00] INFO: Event 910: User session heartbeat.
[2026-05-12 14:00] INFO: Event 911: Password reset sent to user_888@internal.corp.
[2026-05-12 14:00] INFO: Event 912: Auth failure for key AKIA15E4EA439FB744E6.
[2026-05-12 14:00] INFO: Event 913: User session heartbeat.
[2026-05-12 14:00] INFO: Event 914: Password reset sent to user_80@internal.corp.
[2026-05-12 14:00] INFO: Event 915: Password reset sent to user_627@internal.corp.
[2026-05-12 14:00] INFO: Event 916: User session heartbeat.
[2026-05-12 14:00] INFO: Event 917: Password reset sent to user_640@internal.corp.
[2026-05-12 14:00] INFO: Event 918: Password reset sent to user_250@internal.corp.
[2026-05-12 14:00] INFO: Event 919: User session heartbeat.
[2026-05-12 14:00] INFO: Event 920: Password reset sent to user_637@internal.corp.
[2026-05-12 14:00] INFO: Event 921: User session heartbeat.
[2026-05-12 14:00] INFO: Event 922: Auth failure for key AKIA64D7318EB3734D6F.
[2026-05-12 14:00] INFO: Event 923: User session heartbeat.
[2026-05-12 14:00] INFO: Event 924: Password reset sent to user_159@internal.corp.
[2026-05-12 14:00] INFO: Event 925: Password reset sent to user_460@internal.corp.
[2026-05-12 14:00] INFO: Event 926: User session heartbeat.
[2026-05-12 14:00] INFO: Event 927: User session heartbeat.
[2026-05-12 14:00] INFO: Event 928: Password reset sent to user_618@internal.corp.
[2026-05-12 14:00] INFO: Event 929: Auth failure for key AKIA48EAC587F6314210.
[2026-05-12 14:00] INFO: Event 930: Password reset sent to user_330@internal.corp.
[2026-05-12 14:00] INFO: Event 931: Password reset sent to user_342@internal.corp.
[2026-05-12 14:00] INFO: Event 932: User session heartbeat.
[2026-05-12 14:00] INFO: Event 933: Password reset sent to user_129@internal.corp.
[2026-05-12 14:00] INFO: Event 934: Password reset sent to user_192@internal.corp.
[2026-05-12 14:00] INFO: Event 935: Payment processed for card 6695-3651-5393-3082.
[2026-05-12 14:00] INFO: Event 936: Password reset sent to user_219@internal.corp.
[2026-05-12 14:00] INFO: Event 937: Auth failure for key AKIA129969850D8D4F17.
[2026-05-12 14:00] INFO: Event 938: User session heartbeat.
[2026-05-12 14:00] INFO: Event 939: User session heartbeat.
[2026-05-12 14:00] INFO: Event 940: Auth failure for key AKIA0D0AED9E65984BDB.
[2026-05-12 14:00] INFO: Event 941: Auth failure for key AKIA0729CDB039454874.
[2026-05-12 14:00] INFO: Event 942: User session heartbeat.
[2026-05-12 14:00] INFO: Event 943: Payment processed for card 4710-8946-1699-4247.
[2026-05-12 14:00] INFO: Event 944: Payment processed for card 8404-2519-4337-5251.
[2026-05-12 14:00] INFO: Event 945: Auth failure for key AKIA920DA23791DE4E6B.
[2026-05-12 14:00] INFO: Event 946: Payment processed for card 3631-3068-5381-4214.
[2026-05-12 14:00] INFO: Event 947: User session heartbeat.
[2026-05-12 14:00] INFO: Event 948: Password reset sent to user_677@internal.corp.
[2026-05-12 14:00] INFO: Event 949: Password reset sent to user_28@internal.corp.
[2026-05-12 14:00] INFO: Event 950: Password reset sent to user_814@internal.corp.
[2026-05-12 14:00] INFO: Event 951: Password reset sent to user_865@internal.corp.
[2026-05-12 14:00] INFO: Event 952: Password reset sent to user_493@internal.corp.
[2026-05-12 14:00] INFO: Event 953: Payment processed for card 2068-8938-8502-8772.
[2026-05-12 14:00] INFO: Event 954: Payment processed for card 9295-3149-3652-8841.
[2026-05-12 14:00] INFO: Event 955: Password reset sent to user_50@internal.corp.
[2026-05-12 14:00] INFO: Event 956: User session heartbeat.
[2026-05-12 14:00] INFO: Event 957: User session heartbeat.
[2026-05-12 14:00] INFO: Event 958: Payment processed for card 7536-7354-9884-4921.
[2026-05-12 14:00] INFO: Event 959: Password reset sent to user_53@internal.corp.
[2026-05-12 14:00] INFO: Event 960: Auth failure for key AKIA5990A85D8BA7493F.
[2026-05-12 14:00] INFO: Event 961: User session heartbeat.
[2026-05-12 14:00] INFO: Event 962: Password reset sent to user_632@internal.corp.
[2026-05-12 14:00] INFO: Event 963: Payment processed for card 3132-6076-4397-8498.
[2026-05-12 14:00] INFO: Event 964: User session heartbeat.
[2026-05-12 14:00] INFO: Event 965: Password reset sent to user_841@internal.corp.
[2026-05-12 14:00] INFO: Event 966: Auth failure for key AKIA2610EA0A74CF4283.
[2026-05-12 14:00] INFO: Event 967: Auth failure for key AKIAC060B690DBB242BC.
[2026-05-12 14:00] INFO: Event 968: Password reset sent to user_289@internal.corp.
[2026-05-12 14:00] INFO: Event 969: User session heartbeat.
[2026-05-12 14:00] INFO: Event 970: Auth failure for key AKIA4739DBB5D05E4EC4.
[2026-05-12 14:00] INFO: Event 971: Auth failure for key AKIAFB1DC1D56C704E5D.
[2026-05-12 14:00] INFO: Event 972: User session heartbeat.
[2026-05-12 14:00] INFO: Event 973: User session heartbeat.
[2026-05-12 14:00] INFO: Event 974: Password reset sent to user_452@internal.corp.
[2026-05-12 14:00] INFO: Event 975: Payment processed for card 6776-9873-4554-1424.
[2026-05-12 14:00] INFO: Event 976: Auth failure for key AKIAF4CE9E73082F496D.
[2026-05-12 14:00] INFO: Event 977: Password reset sent to user_567@internal.corp.
[2026-05-12 14:00] INFO: Event 978: Password reset sent to user_997@internal.corp.
[2026-05-12 14:00] INFO: Event 979: User session heartbeat.
[2026-05-12 14:00] INFO: Event 980: Password reset sent to user_667@internal.corp.
[2026-05-12 14:00] INFO: Event 981: Auth failure for key AKIA95893ABE839046F9.
[2026-05-12 14:00] INFO: Event 982: Payment processed for card 4397-2337-4461-2375.
[2026-05-12 14:00] INFO: Event 983: User session heartbeat.
[2026-05-12 14:00] INFO: Event 984: User session heartbeat.
[2026-05-12 14:00] INFO: Event 985: Payment processed for card 8272-4708-3518-4405.
[2026-05-12 14:00] INFO: Event 986: User session heartbeat.
[2026-05-12 14:00] INFO: Event 987: Payment processed for card 9260-5042-1718-2633.
[2026-05-12 14:00] INFO: Event 988: Payment processed for card 8194-9655-7616-6093.
[2026-05-12 14:00] INFO: Event 989: Password reset sent to user_746@internal.corp.
[2026-05-12 14:00] INFO: Event 990: Auth failure for key AKIA36C8B700AF5C43FA.
[2026-05-12 14:00] INFO: Event 991: User session heartbeat.
[2026-05-12 14:00] INFO: Event 992: Payment processed for card 3069-7127-2827-5192.
[2026-05-12 14:00] INFO: Event 993: Payment processed for card 3282-3951-4579-6460.
[2026-05-12 14:00] INFO: Event 994: Auth failure for key AKIAAE85272888A04694.
[2026-05-12 14:00] INFO: Event 995: User session heartbeat.
[2026-05-12 14:00] INFO: Event 996: Password reset sent to user_177@internal.corp.
[2026-05-12 14:00] INFO: Event 997: Payment processed for card 6109-1025-6849-9604.
[2026-05-12 14:00] INFO: Event 998: User session heartbeat.
[2026-05-12 14:00] INFO: Event 999: Payment processed for card 2587-1945-4351-7757.
[2026-05-12 14:00] INFO: Event 1000: Password reset sent to user_507@internal.corp.
[2026-05-12 14:00] INFO: Event 1001: Password reset sent to user_387@internal.corp.
[2026-05-12 14:00] INFO: Event 1002: Password reset sent to user_872@internal.corp.
[2026-05-12 14:00] INFO: Event 1003: User session heartbeat.
[2026-05-12 14:00] INFO: Event 1004: User session heartbeat.
[2026-05-12 14:00] INFO: Event 1005: Password reset sent to user_356@internal.corp.
[2026-05-12 14:00] INFO: Event 1006: User session heartbeat.
[2026-05-12 14:00] INFO: Event 1007: Auth failure for key AKIAEA3C51229B10470F.
[2026-05-12 14:00] INFO: Event 1008: Payment processed for card 5084-1367-4974-9270.
[2026-05-12 14:00] INFO: Event 1009: Payment processed for card 7932-6279-4367-8093.
[2026-05-12 14:00] INFO: Event 1010: Payment processed for card 3052-5817-3314-1820.
[2026-05-12 14:00] INFO: Event 1011: Auth failure for key AKIA06A886BDBDE94F6A.
[2026-05-12 14:00] INFO: Event 1012: User session heartbeat.
[2026-05-12 14:00] INFO: Event 1013: Auth failure for key AKIAFFFC003211D249A7.
[2026-05-12 14:00] INFO: Event 1014: User session heartbeat.
[2026-05-12 14:00] INFO: Event 1015: User session heartbeat.
[2026-05-12 14:00] INFO: Event 1016: Auth failure for key AKIAAA43241360284DDC.
[2026-05-12 14:00] INFO: Event 1017: Password reset sent to user_68@internal.corp.
[2026-05-12 14:00] INFO: Event 1018: Auth failure for key AKIAC1DB8029AC7A4D71.
[2026-05-12 14:00] INFO: Event 1019: Auth failure for key AKIA95D6B89DB24247A4.
[2026-05-12 14:00] INFO: Event 1020: User session heartbeat.
[2026-05-12 14:00] INFO: Event 1021: Payment processed for card 1520-8494-7574-6396.
[2026-05-12 14:00] INFO: Event 1022: Password reset sent to user_54@internal.corp.
[2026-05-12 14:00] INFO: Event 1023: Payment processed for card 6488-3526-9426-2980.
[2026-05-12 14:00] INFO: Event 1024: User session heartbeat.
[2026-05-12 14:00] INFO: Event 1025: Auth failure for key AKIAE96B5E8B76064880.
[2026-05-12 14:00] INFO: Event 1026: Password reset sent to user_338@internal.corp.
[2026-05-12 14:00] INFO: Event 1027: Auth failure for key AKIADAE348E25B954B00.
[2026-05-12 14:00] INFO: Event 1028: Payment processed for card 3808-8056-8486-1724.
[2026-05-12 14:00] INFO: Event 1029: Payment processed for card 1570-4416-8746-7864.
[2026-05-12 14:00] INFO: Event 1030: Auth failure for key AKIA793313C023774FBC.
[2026-05-12 14:00] INFO: Event 1031: User session heartbeat.
[2026-05-12 14:00] INFO: Event 1032: Payment processed for card 8482-3953-9584-7266.
[2026-05-12 14:00] INFO: Event 1033: Payment processed for card 6914-5628-8817-5038.
[2026-05-12 14:00] INFO: Event 1034: User session heartbeat.
[2026-05-12 14:00] INFO: Event 1035: Password reset sent to user_476@internal.corp.
[2026-05-12 14:00] INFO: Event 1036: User session heartbeat.
[2026-05-12 14:00] INFO: Event 1037: Payment processed for card 8825-3389-5251-9309.
[2026-05-12 14:00] INFO: Event 1038: Password reset sent to user_365@internal.corp.
[2026-05-12 14:00] INFO: Event 1039: Payment processed for card 8052-8294-6977-8842.
[2026-05-12 14:00] INFO: Event 1040: Auth failure for key AKIAC721AD2CD7C94C15.
[2026-05-12 14:00] INFO: Event 1041: User session heartbeat.
[2026-05-12 14:00] INFO: Event 1042: Auth failure for key AKIA59BE959A656A44CD.
[2026-05-12 14:00] INFO: Event 1043: Password reset sent to user_822@internal.corp.
[2026-05-12 14:00] INFO: Event 1044: User session heartbeat.
[2026-05-12 14:00] INFO: Event 1045: Payment processed for card 4891-7216-7187-7037.
[2026-05-12 14:00] INFO: Event 1046: Password reset sent to user_861@internal.corp.
[2026-05-12 14:00] INFO: Event 1047: User session heartbeat.
[2026-05-12 14:00] INFO: Event 1048: Payment processed for card 5334-5773-7903-1626.
[2026-05-12 14:00] INFO: Event 1049: Payment processed for card 2164-2522-7269-4261.
[2026-05-12 14:00] INFO: Event 1050: Password reset sent to user_383@internal.corp.
[2026-05-12 14:00] INFO: Event 1051: Password reset sent to user_126@internal.corp.
[2026-05-12 14:00] INFO: Event 1052: User session heartbeat.
[2026-05-12 14:00] INFO: Event 1053: User session heartbeat.
[2026-05-12 14:00] INFO: Event 1054: Payment processed for card 4470-8032-8890-7333.
[2026-05-12 14:00] INFO: Event 1055: Payment processed for card 6872-6798-9995-1004.
[2026-05-12 14:00] INFO: Event 1056: Auth failure for key AKIAF3F912ACE6AC41CD.
[2026-05-12 14:00] INFO: Event 1057: Auth failure for key AKIAD4F66D76B4EA4E31.
[2026-05-12 14:00] INFO: Event 1058: User session heartbeat.
[2026-05-12 14:00] INFO: Event 1059: Payment processed for card 8517-3463-1193-8585.
[2026-05-12 14:00] INFO: Event 1060: Auth failure for key AKIAE9029FBB66C64A94.
[2026-05-12 14:00] INFO: Event 1061: Auth failure for key AKIAC8C795F8679842E1.
[2026-05-12 14:00] INFO: Event 1062: Password reset sent to user_325@internal.corp.
[2026-05-12 14:00] INFO: Event 1063: User session heartbeat.
[2026-05-12 14:00] INFO: Event 1064: Auth failure for key AKIAE1015230FD334675.
[2026-05-12 14:00] INFO: Event 1065: Payment processed for card 6351-7818-5140-2328.
[2026-05-12 14:00] INFO: Event 1066: Password reset sent to user_708@internal.corp.
[2026-05-12 14:00] INFO: Event 1067: User session heartbeat.
[2026-05-12 14:00] INFO: Event 1068: Payment processed for card 1643-4603-4794-3677.
[2026-05-12 14:00] INFO: Event 1069: Payment processed for card 2348-3547-6597-4011.
[2026-05-12 14:00] INFO: Event 1070: Payment processed for card 9279-8959-5651-1568.
[2026-05-12 14:00] INFO: Event 1071: Auth failure for key AKIAF573A01C64F24797.
[2026-05-12 14:00] INFO: Event 1072: User session heartbeat.
[2026-05-12 14:00] INFO: Event 1073: User session heartbeat.
[2026-05-12 14:00] INFO: Event 1074: User session heartbeat.
[2026-05-12 14:00] INFO: Event 1075: Payment processed for card 5617-2720-7591-1107.
[2026-05-12 14:00] INFO: Event 1076: Auth failure for key AKIAAE17B086ADB84C60.
[2026-05-12 14:00] INFO: Event 1077: Auth failure for key AKIA7CF37F15794340C7.
[2026-05-12 14:00] INFO: Event 1078: Password reset sent to user_127@internal.corp.
[2026-05-12 14:00] INFO: Event 1079: Password reset sent to user_902@internal.corp.
[2026-05-12 14:00] INFO: Event 1080: User session heartbeat.
[2026-05-12 14:00] INFO: Event 1081: Payment processed for card 8131-7504-6483-7891.
[2026-05-12 14:00] INFO: Event 1082: User session heartbeat.
[2026-05-12 14:00] INFO: Event 1083: Password reset sent to user_49@internal.corp.
[2026-05-12 14:00] INFO: Event 1084: Payment processed for card 7173-4261-2795-7527.
[2026-05-12 14:00] INFO: Event 1085: Payment processed for card 6225-5931-6716-3801.
[2026-05-12 14:00] INFO: Event 1086: Password reset sent to user_917@internal.corp.
[2026-05-12 14:00] INFO: Event 1087: Payment processed for card 9054-2543-4466-5528.
[2026-05-12 14:00] INFO: Event 1088: User session heartbeat.
[2026-05-12 14:00] INFO: Event 1089: Auth failure for key AKIAF00E70B06A094042.
[2026-05-12 14:00] INFO: Event 1090: User session heartbeat.
[2026-05-12 14:00] INFO: Event 1091: Payment processed for card 3730-7960-5055-9010.
[2026-05-12 14:00] INFO: Event 1092: Password reset sent to user_749@internal.corp.
[2026-05-12 14:00] INFO: Event 1093: User session heartbeat.
[2026-05-12 14:00] INFO: Event 1094: Auth failure for key AKIA69BB848E931B4F92.
[2026-05-12 14:00] INFO: Event 1095: Payment processed for card 9544-6651-5963-2868.
[2026-05-12 14:00] INFO: Event 1096: Password reset sent to user_497@internal.corp.
[2026-05-12 14:00] INFO: Event 1097: Auth failure for key AKIAF22AD6CD975B41B1.
[2026-05-12 14:00] INFO: Event 1098: Auth failure for key AKIAE0C92C8C89D34D94.
[2026-05-12 14:00] INFO: Event 1099: User session heartbeat.
[2026-05-12 14:00] INFO: Event 1100: Password reset sent to user_224@internal.corp.
[2026-05-12 14:00] INFO: Event 1101: Auth failure for key AKIA845C5648430043AE.
[2026-05-12 14:00] INFO: Event 1102: User session heartbeat.
[2026-05-12 14:00] INFO: Event 1103: Payment processed for card 6837-3918-9563-4600.
[2026-05-12 14:00] INFO: Event 1104: Payment processed for card 4114-5765-2693-2050.
[2026-05-12 14:00] INFO: Event 1105: Payment processed for card 8149-3966-1186-8048.
[2026-05-12 14:00] INFO: Event 1106: Auth failure for key AKIACA7907FE97E441F2.
[2026-05-12 14:00] INFO: Event 1107: Auth failure for key AKIAB8F40DE0CB424A6F.
[2026-05-12 14:00] INFO: Event 1108: User session heartbeat.
[2026-05-12 14:00] INFO: Event 1109: Auth failure for key AKIAAAB401314C454ECC.
[2026-05-12 14:00] INFO: Event 1110: User session heartbeat.
[2026-05-12 14:00] INFO: Event 1111: Payment processed for card 5276-4447-9931-6068.
[2026-05-12 14:00] INFO: Event 1112: User session heartbeat.
[2026-05-12 14:00] INFO: Event 1113: User session heartbeat.
[2026-05-12 14:00] INFO: Event 1114: Auth failure for key AKIAC05A395783BA4064.
[2026-05-12 14:00] INFO: Event 1115: Auth failure for key AKIA141B037426CD4AD1.
[2026-05-12 14:00] INFO: Event 1116: User session heartbeat.
[2026-05-12 14:00] INFO: Event 1117: User session heartbeat.
[2026-05-12 14:00] INFO: Event 1118: Password reset sent to user_520@internal.corp.
[2026-05-12 14:00] INFO: Event 1119: Auth failure for key AKIA9199EAD4F40C4002.
[2026-05-12 14:00] INFO: Event 1120: Payment processed for card 5645-6409-1230-3880.
[2026-05-12 14:00] INFO: Event 1121: Password reset sent to user_729@internal.corp.
[2026-05-12 14:00] INFO: Event 1122: Auth failure for key AKIAE173366A043F4B8C.
[2026-05-12 14:00] INFO: Event 1123: Payment processed for card 1950-2228-3306-6335.
[2026-05-12 14:00] INFO: Event 1124: Password reset sent to user_288@internal.corp.
[2026-05-12 14:00] INFO: Event 1125: Auth failure for key AKIAFE605D81664846E0.
[2026-05-12 14:00] INFO: Event 1126: User session heartbeat.
[2026-05-12 14:00] INFO: Event 1127: User session heartbeat.
[2026-05-12 14:00] INFO: Event 1128: Password reset sent to user_474@internal.corp.
[2026-05-12 14:00] INFO: Event 1129: Password reset sent to user_598@internal.corp.
[2026-05-12 14:00] INFO: Event 1130: Payment processed for card 2215-1381-5005-4848.
[2026-05-12 14:00] INFO: Event 1131: User session heartbeat.
[2026-05-12 14:00] INFO: Event 1132: Password reset sent to user_526@internal.corp.
[2026-05-12 14:00] INFO: Event 1133: User session heartbeat.
[2026-05-12 14:00] INFO: Event 1134: User session heartbeat.
[2026-05-12 14:00] INFO: Event 1135: Payment processed for card 7319-9407-3264-2566.
[2026-05-12 14:00] INFO: Event 1136: Auth failure for key AKIA8588CA99024944CA.
[2026-05-12 14:00] INFO: Event 1137: Payment processed for card 4058-5949-4509-5935.
[2026-05-12 14:00] INFO: Event 1138: User session heartbeat.
[2026-05-12 14:00] INFO: Event 1139: Auth failure for key AKIA01672DBFE2624FB3.
[2026-05-12 14:00] INFO: Event 1140: Password reset sent to user_975@internal.corp.
[2026-05-12 14:00] INFO: Event 1141: User session heartbeat.
[2026-05-12 14:00] INFO: Event 1142: Payment processed for card 6598-5036-4696-1975.
[2026-05-12 14:00] INFO: Event 1143: User session heartbeat.
[2026-05-12 14:00] INFO: Event 1144: Payment processed for card 7415-1025-8225-8455.
[2026-05-12 14:00] INFO: Event 1145: User session heartbeat.
[2026-05-12 14:00] INFO: Event 1146: Password reset sent to user_754@internal.corp.
[2026-05-12 14:00] INFO: Event 1147: Payment processed for card 8697-4329-8178-3067.
[2026-05-12 14:00] INFO: Event 1148: Payment processed for card 5864-7106-8412-4285.
[2026-05-12 14:00] INFO: Event 1149: Payment processed for card 9228-7281-4326-6609.
[2026-05-12 14:00] INFO: Event 1150: Payment processed for card 5430-7442-1402-1731.
[2026-05-12 14:00] INFO: Event 1151: Password reset sent to user_198@internal.corp.
[2026-05-12 14:00] INFO: Event 1152: Password reset sent to user_424@internal.corp.
[2026-05-12 14:00] INFO: Event 1153: User session heartbeat.
[2026-05-12 14:00] INFO: Event 1154: Payment processed for card 3375-2866-6531-4801.
[2026-05-12 14:00] INFO: Event 1155: User session heartbeat.
[2026-05-12 14:00] INFO: Event 1156: Password reset sent to user_339@internal.corp.
[2026-05-12 14:00] INFO: Event 1157: User session heartbeat.
[2026-05-12 14:00] INFO: Event 1158: User session heartbeat.
[2026-05-12 14:00] INFO: Event 1159: User session heartbeat.
[2026-05-12 14:00] INFO: Event 1160: User session heartbeat.
[2026-05-12 14:00] INFO: Event 1161: User session heartbeat.
[2026-05-12 14:00] INFO: Event 1162: Password reset sent to user_26@internal.corp.
[2026-05-12 14:00] INFO: Event 1163: Payment processed for card 5881-3551-1811-3127.
[2026-05-12 14:00] INFO: Event 1164: User session heartbeat.
[2026-05-12 14:00] INFO: Event 1165: Payment processed for card 3076-2417-9895-6555.
[2026-05-12 14:00] INFO: Event 1166: Payment processed for card 4690-7953-5886-9111.
[2026-05-12 14:00] INFO: Event 1167: User session heartbeat.
[2026-05-12 14:00] INFO: Event 1168: User session heartbeat.
[2026-05-12 14:00] INFO: Event 1169: Payment processed for card 1210-5125-7006-9317.
[2026-05-12 14:00] INFO: Event 1170: Payment processed for card 9047-2892-7253-8591.
[2026-05-12 14:00] INFO: Event 1171: Payment processed for card 5819-6930-5480-8813.
[2026-05-12 14:00] INFO: Event 1172: User session heartbeat.
[2026-05-12 14:00] INFO: Event 1173: Auth failure for key AKIAD2FDAB6AD6A74EE9.
[2026-05-12 14:00] INFO: Event 1174: Auth failure for key AKIA38B41FCD5A904D16.
[2026-05-12 14:00] INFO: Event 1175: Payment processed for card 7535-4130-9662-1313.
[2026-05-12 14:00] INFO: Event 1176: Password reset sent to user_717@internal.corp.
[2026-05-12 14:00] INFO: Event 1177: Auth failure for key AKIA7FD9EACFF44A447C.
[2026-05-12 14:00] INFO: Event 1178: Auth failure for key AKIAD35EF02F0192455F.
[2026-05-12 14:00] INFO: Event 1179: User session heartbeat.
[2026-05-12 14:00] INFO: Event 1180: User session heartbeat.
[2026-05-12 14:00] INFO: Event 1181: Payment processed for card 3300-9333-4782-4160.
[2026-05-12 14:00] INFO: Event 1182: Auth failure for key AKIACF018DF4AC384803.
[2026-05-12 14:00] INFO: Event 1183: Password reset sent to user_805@internal.corp.
[2026-05-12 14:00] INFO: Event 1184: Password reset sent to user_723@internal.corp.
[2026-05-12 14:00] INFO: Event 1185: User session heartbeat.
[2026-05-12 14:00] INFO: Event 1186: Auth failure for key AKIADAA7F93348EF4840.
[2026-05-12 14:00] INFO: Event 1187: Password reset sent to user_737@internal.corp.
[2026-05-12 14:00] INFO: Event 1188: Payment processed for card 9589-2312-5104-2150.
[2026-05-12 14:00] INFO: Event 1189: User session heartbeat.
[2026-05-12 14:00] INFO: Event 1190: User session heartbeat.
[2026-05-12 14:00] INFO: Event 1191: User session heartbeat.
[2026-05-12 14:00] INFO: Event 1192: User session heartbeat.
[2026-05-12 14:00] INFO: Event 1193: Auth failure for key AKIA4AF0505E1AF44EA4.
[2026-05-12 14:00] INFO: Event 1194: Password reset sent to user_216@internal.corp.
[2026-05-12 14:00] INFO: Event 1195: Password reset sent to user_118@internal.corp.
[2026-05-12 14:00] INFO: Event 1196: Password reset sent to user_835@internal.corp.
[2026-05-12 14:00] INFO: Event 1197: User session heartbeat.
[2026-05-12 14:00] INFO: Event 1198: Auth failure for key AKIAC0439BB0E1DA4FB2.
[2026-05-12 14:00] INFO: Event 1199: User session heartbeat.
[2026-05-12 14:00] INFO: Event 1200: Auth failure for key AKIA9F6B7F8540504E31.
[2026-05-12 14:00] INFO: Event 1201: Payment processed for card 1601-2817-1510-2889.
[2026-05-12 14:00] INFO: Event 1202: Payment processed for card 3901-8086-7374-2119.
[2026-05-12 14:00] INFO: Event 1203: Payment processed for card 7356-9782-9452-8200.
[2026-05-12 14:00] INFO: Event 1204: Password reset sent to user_801@internal.corp.
[2026-05-12 14:00] INFO: Event 1205: Payment processed for card 4805-8253-7785-5383.
[2026-05-12 14:00] INFO: Event 1206: Payment processed for card 6967-4347-3357-7494.
[2026-05-12 14:00] INFO: Event 1207: User session heartbeat.
[2026-05-12 14:00] INFO: Event 1208: Auth failure for key AKIA18BDB1E857B24A46.
[2026-05-12 14:00] INFO: Event 1209: User session heartbeat.
[2026-05-12 14:00] INFO: Event 1210: Payment processed for card 2959-6232-2676-5350.
[2026-05-12 14:00] INFO: Event 1211: Auth failure for key AKIAD2ED91E587854F32.
[2026-05-12 14:00] INFO: Event 1212: Payment processed for card 3322-8224-6148-7184.
[2026-05-12 14:00] INFO: Event 1213: Auth failure for key AKIAB60F823888AC4E02.
[2026-05-12 14:00] INFO: Event 1214: Password reset sent to user_372@internal.corp.
[2026-05-12 14:00] INFO: Event 1215: Password reset sent to user_364@internal.corp.
[2026-05-12 14:00] INFO: Event 1216: Password reset sent to user_179@internal.corp.
[2026-05-12 14:00] INFO: Event 1217: Auth failure for key AKIABEF00C4E2FAA4864.
[2026-05-12 14:00] INFO: Event 1218: Auth failure for key AKIA493B16572E8B4AD4.
[2026-05-12 14:00] INFO: Event 1219: User session heartbeat.
[2026-05-12 14:00] INFO: Event 1220: Password reset sent to user_207@internal.corp.
[2026-05-12 14:00] INFO: Event 1221: Password reset sent to user_298@internal.corp.
[2026-05-12 14:00] INFO: Event 1222: Password reset sent to user_609@internal.corp.
[2026-05-12 14:00] INFO: Event 1223: User session heartbeat.
[2026-05-12 14:00] INFO: Event 1224: Password reset sent to user_937@internal.corp.
[2026-05-12 14:00] INFO: Event 1225: Payment processed for card 2239-8780-6765-7692.
[2026-05-12 14:00] INFO: Event 1226: Password reset sent to user_882@internal.corp.
[2026-05-12 14:00] INFO: Event 1227: User session heartbeat.
[2026-05-12 14:00] INFO: Event 1228: Password reset sent to user_796@internal.corp.
[2026-05-12 14:00] INFO: Event 1229: Auth failure for key AKIAA9E3ABAA8FC040BC.
[2026-05-12 14:00] INFO: Event 1230: User session heartbeat.
[2026-05-12 14:00] INFO: Event 1231: Payment processed for card 9886-9730-1767-7546.
[2026-05-12 14:00] INFO: Event 1232: Auth failure for key AKIA6B9FDB8D12BA4C88.
[2026-05-12 14:00] INFO: Event 1233: Payment processed for card 9718-1701-8712-4148.
[2026-05-12 14:00] INFO: Event 1234: User session heartbeat.
[2026-05-12 14:00] INFO: Event 1235: User session heartbeat.
[2026-05-12 14:00] INFO: Event 1236: Auth failure for key AKIAC10BA5C8F5594F42.
[2026-05-12 14:00] INFO: Event 1237: User session heartbeat.
[2026-05-12 14:00] INFO: Event 1238: Password reset sent to user_49@internal.corp.
[2026-05-12 14:00] INFO: Event 1239: Auth failure for key AKIA0F4150ED57744F19.
[2026-05-12 14:00] INFO: Event 1240: Password reset sent to user_749@internal.corp.
[2026-05-12 14:00] INFO: Event 1241: Payment processed for card 8807-7337-5987-8885.
[2026-05-12 14:00] INFO: Event 1242: Password reset sent to user_11@internal.corp.
[2026-05-12 14:00] INFO: Event 1243: User session heartbeat.
[2026-05-12 14:00] INFO: Event 1244: User session heartbeat.
[2026-05-12 14:00] INFO: Event 1245: Auth failure for key AKIAF3D1592294E14958.
[2026-05-12 14:00] INFO: Event 1246: Payment processed for card 8990-2907-8161-3100.
[2026-05-12 14:00] INFO: Event 1247: User session heartbeat.
[2026-05-12 14:00] INFO: Event 1248: Password reset sent to user_83@internal.corp.
[2026-05-12 14:00] INFO: Event 1249: Auth failure for key AKIA1E5FBA3F74F54030.
[2026-05-12 14:00] INFO: Event 1250: User session heartbeat.
[2026-05-12 14:00] INFO: Event 1251: Auth failure for key AKIAB13386DDB5834050.
[2026-05-12 14:00] INFO: Event 1252: Auth failure for key AKIA8A1EF551A315499C.
[2026-05-12 14:00] INFO: Event 1253: Auth failure for key AKIA0AC946554E3A4D43.
[2026-05-12 14:00] INFO: Event 1254: Password reset sent to user_736@internal.corp.
[2026-05-12 14:00] INFO: Event 1255: User session heartbeat.
[2026-05-12 14:00] INFO: Event 1256: Payment processed for card 8643-6358-9901-3348.
[2026-05-12 14:00] INFO: Event 1257: Auth failure for key AKIA8D81C7DAF5F7420E.
[2026-05-12 14:00] INFO: Event 1258: Password reset sent to user_315@internal.corp.
[2026-05-12 14:00] INFO: Event 1259: Auth failure for key AKIAA4561004A9FF4145.
[2026-05-12 14:00] INFO: Event 1260: User session heartbeat.
[2026-05-12 14:00] INFO: Event 1261: User session heartbeat.
[2026-05-12 14:00] INFO: Event 1262: Password reset sent to user_975@internal.corp.
[2026-05-12 14:00] INFO: Event 1263: Payment processed for card 8559-7460-2303-1418.
[2026-05-12 14:00] INFO: Event 1264: Password reset sent to user_578@internal.corp.
[2026-05-12 14:00] INFO: Event 1265: Password reset sent to user_943@internal.corp.
[2026-05-12 14:00] INFO: Event 1266: Auth failure for key AKIAAB8816A6784846BE.
[2026-05-12 14:00] INFO: Event 1267: User session heartbeat.
[2026-05-12 14:00] INFO: Event 1268: Payment processed for card 1427-8005-5620-3581.
[2026-05-12 14:00] INFO: Event 1269: Auth failure for key AKIA80B48A12AD2F4F8B.
[2026-05-12 14:00] INFO: Event 1270: Payment processed for card 3148-8972-5222-2368.
[2026-05-12 14:00] INFO: Event 1271: Password reset sent to user_715@internal.corp.
[2026-05-12 14:00] INFO: Event 1272: User session heartbeat.
[2026-05-12 14:00] INFO: Event 1273: User session heartbeat.
[2026-05-12 14:00] INFO: Event 1274: User session heartbeat.
[2026-05-12 14:00] INFO: Event 1275: User session heartbeat.
[2026-05-12 14:00] INFO: Event 1276: User session heartbeat.
[2026-05-12 14:00] INFO: Event 1277: Password reset sent to user_402@internal.corp.
[2026-05-12 14:00] INFO: Event 1278: User session heartbeat.
[2026-05-12 14:00] INFO: Event 1279: Auth failure for key AKIA496A708B90924DC6.
[2026-05-12 14:00] INFO: Event 1280: User session heartbeat.
[2026-05-12 14:00] INFO: Event 1281: Payment processed for card 8184-6633-6973-6543.
[2026-05-12 14:00] INFO: Event 1282: User session heartbeat.
[2026-05-12 14:00] INFO: Event 1283: Password reset sent to user_806@internal.corp.
[2026-05-12 14:00] INFO: Event 1284: Password reset sent to user_864@internal.corp.
[2026-05-12 14:00] INFO: Event 1285: Password reset sent to user_297@internal.corp.
[2026-05-12 14:00] INFO: Event 1286: User session heartbeat.
[2026-05-12 14:00] INFO: Event 1287: Password reset sent to user_223@internal.corp.
[2026-05-12 14:00] INFO: Event 1288: Password reset sent to user_616@internal.corp.
[2026-05-12 14:00] INFO: Event 1289: User session heartbeat.
[2026-05-12 14:00] INFO: Event 1290: User session heartbeat.
[2026-05-12 14:00] INFO: Event 1291: User session heartbeat.
[2026-05-12 14:00] INFO: Event 1292: User session heartbeat.
[2026-05-12 14:00] INFO: Event 1293: Password reset sent to user_236@internal.corp.
[2026-05-12 14:00] INFO: Event 1294: Auth failure for key AKIAF32600604B7E429C.
[2026-05-12 14:00] INFO: Event 1295: User session heartbeat.
[2026-05-12 14:00] INFO: Event 1296: Password reset sent to user_930@internal.corp.
[2026-05-12 14:00] INFO: Event 1297: Password reset sent to user_55@internal.corp.
[2026-05-12 14:00] INFO: Event 1298: User session heartbeat.
[2026-05-12 14:00] INFO: Event 1299: Auth failure for key AKIA70AE2DD4DE5D4FB2.
[2026-05-12 14:00] INFO: Event 1300: Payment processed for card 7904-1979-7420-7632.
[2026-05-12 14:00] INFO: Event 1301: Auth failure for key AKIAD3D4CECE8A084C96.
[2026-05-12 14:00] INFO: Event 1302: Auth failure for key AKIA6DEF5093BF94436F.
[2026-05-12 14:00] INFO: Event 1303: Auth failure for key AKIAD95C50F60E4642BD.
[2026-05-12 14:00] INFO: Event 1304: Payment processed for card 6120-4366-1227-7752.
[2026-05-12 14:00] INFO: Event 1305: Payment processed for card 5582-2553-7129-9707.
[2026-05-12 14:00] INFO: Event 1306: Payment processed for card 5501-9324-5338-6980.
[2026-05-12 14:00] INFO: Event 1307: Payment processed for card 9456-6850-4153-1478.
[2026-05-12 14:00] INFO: Event 1308: Auth failure for key AKIA2E6491E0E2A64C2A.
[2026-05-12 14:00] INFO: Event 1309: User session heartbeat.
[2026-05-12 14:00] INFO: Event 1310: Auth failure for key AKIA548DC86BA0F240F4.
[2026-05-12 14:00] INFO: Event 1311: Password reset sent to user_820@internal.corp.
[2026-05-12 14:00] INFO: Event 1312: User session heartbeat.
[2026-05-12 14:00] INFO: Event 1313: Payment processed for card 3332-3500-8888-7365.
[2026-05-12 14:00] INFO: Event 1314: User session heartbeat.
[2026-05-12 14:00] INFO: Event 1315: Auth failure for key AKIA75F69619187C4BD0.
[2026-05-12 14:00] INFO: Event 1316: Payment processed for card 3280-4606-1503-1258.
[2026-05-12 14:00] INFO: Event 1317: Password reset sent to user_733@internal.corp.
[2026-05-12 14:00] INFO: Event 1318: Password reset sent to user_139@internal.corp.
[2026-05-12 14:00] INFO: Event 1319: User session heartbeat.
[2026-05-12 14:00] INFO: Event 1320: User session heartbeat.
[2026-05-12 14:00] INFO: Event 1321: Auth failure for key AKIA4B3C29DDE1B848D9.
[2026-05-12 14:00] INFO: Event 1322: Payment processed for card 3849-6314-8628-9600.
[2026-05-12 14:00] INFO: Event 1323: User session heartbeat.
[2026-05-12 14:00] INFO: Event 1324: User session heartbeat.
[2026-05-12 14:00] INFO: Event 1325: Payment processed for card 5344-3668-5966-1510.
[2026-05-12 14:00] INFO: Event 1326: Payment processed for card 2394-7322-3320-4911.
[2026-05-12 14:00] INFO: Event 1327: Payment processed for card 5647-2592-5171-3550.
[2026-05-12 14:00] INFO: Event 1328: Auth failure for key AKIA08F65B766C3C4E3A.
[2026-05-12 14:00] INFO: Event 1329: Payment processed for card 7065-8726-9652-9456.
[2026-05-12 14:00] INFO: Event 1330: Payment processed for card 6532-8379-6985-3219.
[2026-05-12 14:00] INFO: Event 1331: Payment processed for card 8571-8559-4860-7948.
[2026-05-12 14:00] INFO: Event 1332: User session heartbeat.
[2026-05-12 14:00] INFO: Event 1333: Auth failure for key AKIA5054D00757414D8E.
[2026-05-12 14:00] INFO: Event 1334: Payment processed for card 9484-9977-8497-9152.
[2026-05-12 14:00] INFO: Event 1335: Auth failure for key AKIAC908502114CC47C3.
[2026-05-12 14:00] INFO: Event 1336: Payment processed for card 8222-1770-3620-6088.
[2026-05-12 14:00] INFO: Event 1337: User session heartbeat.
[2026-05-12 14:00] INFO: Event 1338: Auth failure for key AKIA78501C761BE1446F.
[2026-05-12 14:00] INFO: Event 1339: User session heartbeat.
[2026-05-12 14:00] INFO: Event 1340: User session heartbeat.
[2026-05-12 14:00] INFO: Event 1341: Payment processed for card 4005-8153-3345-6506.
[2026-05-12 14:00] INFO: Event 1342: User session heartbeat.
[2026-05-12 14:00] INFO: Event 1343: Auth failure for key AKIADE878A9A4E6E4F6F.
[2026-05-12 14:00] INFO: Event 1344: Password reset sent to user_582@internal.corp.
[2026-05-12 14:00] INFO: Event 1345: Auth failure for key AKIADEF0B57136274A5A.
[2026-05-12 14:00] INFO: Event 1346: User session heartbeat.
[2026-05-12 14:00] INFO: Event 1347: User session heartbeat.
[2026-05-12 14:00] INFO: Event 1348: Auth failure for key AKIA17D10AEB59634009.
[2026-05-12 14:00] INFO: Event 1349: Password reset sent to user_98@internal.corp.
[2026-05-12 14:00] INFO: Event 1350: Auth failure for key AKIA44DC8C9956D04697.
[2026-05-12 14:00] INFO: Event 1351: Payment processed for card 3310-1996-4487-2436.
[2026-05-12 14:00] INFO: Event 1352: Password reset sent to user_241@internal.corp.
[2026-05-12 14:00] INFO: Event 1353: User session heartbeat.
[2026-05-12 14:00] INFO: Event 1354: Password reset sent to user_922@internal.corp.
[2026-05-12 14:00] INFO: Event 1355: Password reset sent to user_203@internal.corp.
[2026-05-12 14:00] INFO: Event 1356: Password reset sent to user_499@internal.corp.
[2026-05-12 14:00] INFO: Event 1357: Payment processed for card 6609-8586-7485-9221.
[2026-05-12 14:00] INFO: Event 1358: Payment processed for card 8236-3283-4556-8578.
[2026-05-12 14:00] INFO: Event 1359: Password reset sent to user_591@internal.corp.
[2026-05-12 14:00] INFO: Event 1360: User session heartbeat.
[2026-05-12 14:00] INFO: Event 1361: Payment processed for card 5172-8016-5048-6771.
[2026-05-12 14:00] INFO: Event 1362: User session heartbeat.
[2026-05-12 14:00] INFO: Event 1363: User session heartbeat.
[2026-05-12 14:00] INFO: Event 1364: Auth failure for key AKIAFB9B88726FE04DDF.
[2026-05-12 14:00] INFO: Event 1365: User session heartbeat.
[2026-05-12 14:00] INFO: Event 1366: Password reset sent to user_67@internal.corp.
[2026-05-12 14:00] INFO: Event 1367: Auth failure for key AKIA3E73FA3A1B644BD5.
[2026-05-12 14:00] INFO: Event 1368: Password reset sent to user_656@internal.corp.
[2026-05-12 14:00] INFO: Event 1369: Payment processed for card 7525-2627-2810-2591.
[2026-05-12 14:00] INFO: Event 1370: Auth failure for key AKIA7B492BF423534D61.
[2026-05-12 14:00] INFO: Event 1371: Password reset sent to user_216@internal.corp.
[2026-05-12 14:00] INFO: Event 1372: Payment processed for card 8693-4481-6256-1214.
[2026-05-12 14:00] INFO: Event 1373: Auth failure for key AKIAB9479E214AF1452A.
[2026-05-12 14:00] INFO: Event 1374: Password reset sent to user_8@internal.corp.
[2026-05-12 14:00] INFO: Event 1375: Payment processed for card 7447-1917-9907-7172.
[2026-05-12 14:00] INFO: Event 1376: Password reset sent to user_328@internal.corp.
[2026-05-12 14:00] INFO: Event 1377: Password reset sent to user_500@internal.corp.
[2026-05-12 14:00] INFO: Event 1378: Auth failure for key AKIA4CD0610A73BD4102.
[2026-05-12 14:00] INFO: Event 1379: User session heartbeat.
[2026-05-12 14:00] INFO: Event 1380: User session heartbeat.
[2026-05-12 14:00] INFO: Event 1381: User session heartbeat.
[2026-05-12 14:00] INFO: Event 1382: Payment processed for card 4960-2371-9574-3756.
[2026-05-12 14:00] INFO: Event 1383: Payment processed for card 7865-2236-3929-2698.
[2026-05-12 14:00] INFO: Event 1384: User session heartbeat.
[2026-05-12 14:00] INFO: Event 1385: User session heartbeat.
[2026-05-12 14:00] INFO: Event 1386: Payment processed for card 5783-1946-7321-6936.
[2026-05-12 14:00] INFO: Event 1387: Auth failure for key AKIA3BCB9AEDF40F4083.
[2026-05-12 14:00] INFO: Event 1388: Auth failure for key AKIA978C1DEB2629421B.
[2026-05-12 14:00] INFO: Event 1389: Auth failure for key AKIA407259DD58994133.
[2026-05-12 14:00] INFO: Event 1390: User session heartbeat.
[2026-05-12 14:00] INFO: Event 1391: User session heartbeat.
[2026-05-12 14:00] INFO: Event 1392: Payment processed for card 1003-3083-7644-5921.
[2026-05-12 14:00] INFO: Event 1393: Auth failure for key AKIAB767E210813F4C1F.
[2026-05-12 14:00] INFO: Event 1394: Auth failure for key AKIA4FFE1A13C8EB4186.
[2026-05-12 14:00] INFO: Event 1395: User session heartbeat.
[2026-05-12 14:00] INFO: Event 1396: User session heartbeat.
[2026-05-12 14:00] INFO: Event 1397: User session heartbeat.
[2026-05-12 14:00] INFO: Event 1398: User session heartbeat.
[2026-05-12 14:00] INFO: Event 1399: Auth failure for key AKIA6220B1ED238E45E2.
[2026-05-12 14:00] INFO: Event 1400: User session heartbeat.
[2026-05-12 14:00] INFO: Event 1401: Password reset sent to user_811@internal.corp.
[2026-05-12 14:00] INFO: Event 1402: Auth failure for key AKIA710E3DE4888A43E1.
[2026-05-12 14:00] INFO: Event 1403: User session heartbeat.
[2026-05-12 14:00] INFO: Event 1404: Password reset sent to user_908@internal.corp.
[2026-05-12 14:00] INFO: Event 1405: Password reset sent to user_555@internal.corp.
[2026-05-12 14:00] INFO: Event 1406: Auth failure for key AKIAD3E7E256810D40D3.
[2026-05-12 14:00] INFO: Event 1407: Payment processed for card 5056-1405-1152-5513.
[2026-05-12 14:00] INFO: Event 1408: Auth failure for key AKIAF1D705FD383B4B3B.
[2026-05-12 14:00] INFO: Event 1409: Auth failure for key AKIA87DC71EC5F244BFF.
[2026-05-12 14:00] INFO: Event 1410: Password reset sent to user_755@internal.corp.
[2026-05-12 14:00] INFO: Event 1411: Password reset sent to user_610@internal.corp.
[2026-05-12 14:00] INFO: Event 1412: Password reset sent to user_50@internal.corp.
[2026-05-12 14:00] INFO: Event 1413: User session heartbeat.
[2026-05-12 14:00] INFO: Event 1414: User session heartbeat.
[2026-05-12 14:00] INFO: Event 1415: Auth failure for key AKIA028EFEF488E74115.
[2026-05-12 14:00] INFO: Event 1416: Password reset sent to user_225@internal.corp.
[2026-05-12 14:00] INFO: Event 1417: User session heartbeat.
[2026-05-12 14:00] INFO: Event 1418: Auth failure for key AKIA9AF058018FA945F0.
[2026-05-12 14:00] INFO: Event 1419: Auth failure for key AKIAD1351742BF874260.
[2026-05-12 14:00] INFO: Event 1420: Auth failure for key AKIAD4E53FB38F9E401C.
[2026-05-12 14:00] INFO: Event 1421: Auth failure for key AKIA6C3859F278D34D8F.
[2026-05-12 14:00] INFO: Event 1422: Payment processed for card 2717-5459-8574-9122.
[2026-05-12 14:00] INFO: Event 1423: Password reset sent to user_3@internal.corp.
[2026-05-12 14:00] INFO: Event 1424: Password reset sent to user_447@internal.corp.
[2026-05-12 14:00] INFO: Event 1425: Auth failure for key AKIAAD7A27EDC11345A6.
[2026-05-12 14:00] INFO: Event 1426: Auth failure for key AKIAFB13B30A87CB4912.
[2026-05-12 14:00] INFO: Event 1427: Password reset sent to user_686@internal.corp.
[2026-05-12 14:00] INFO: Event 1428: User session heartbeat.
[2026-05-12 14:00] INFO: Event 1429: Password reset sent to user_106@internal.corp.
[2026-05-12 14:00] INFO: Event 1430: Password reset sent to user_94@internal.corp.
[2026-05-12 14:00] INFO: Event 1431: User session heartbeat.
[2026-05-12 14:00] INFO: Event 1432: Payment processed for card 1823-2897-9850-3652.
[2026-05-12 14:00] INFO: Event 1433: Password reset sent to user_928@internal.corp.
[2026-05-12 14:00] INFO: Event 1434: Password reset sent to user_394@internal.corp.
[2026-05-12 14:00] INFO: Event 1435: Auth failure for key AKIAA13F5C1CA6194F24.
[2026-05-12 14:00] INFO: Event 1436: Password reset sent to user_713@internal.corp.
[2026-05-12 14:00] INFO: Event 1437: Password reset sent to user_207@internal.corp.
[2026-05-12 14:00] INFO: Event 1438: User session heartbeat.
[2026-05-12 14:00] INFO: Event 1439: User session heartbeat.
[2026-05-12 14:00] INFO: Event 1440: Password reset sent to user_298@internal.corp.
[2026-05-12 14:00] INFO: Event 1441: Payment processed for card 4666-6131-6916-7987.
[2026-05-12 14:00] INFO: Event 1442: User session heartbeat.
[2026-05-12 14:00] INFO: Event 1443: Password reset sent to user_198@internal.corp.
[2026-05-12 14:00] INFO: Event 1444: Password reset sent to user_995@internal.corp.
[2026-05-12 14:00] INFO: Event 1445: Auth failure for key AKIAD9DF7F81A00346A0.
[2026-05-12 14:00] INFO: Event 1446: User session heartbeat.
[2026-05-12 14:00] INFO: Event 1447: Payment processed for card 9353-6435-4176-1810.
[2026-05-12 14:00] INFO: Event 1448: Password reset sent to user_311@internal.corp.
[2026-05-12 14:00] INFO: Event 1449: Payment processed for card 2591-3670-6653-2370.
[2026-05-12 14:00] INFO: Event 1450: User session heartbeat.
[2026-05-12 14:00] INFO: Event 1451: Auth failure for key AKIAD67C59A0692B4C84.
[2026-05-12 14:00] INFO: Event 1452: Password reset sent to user_136@internal.corp.
[2026-05-12 14:00] INFO: Event 1453: Password reset sent to user_973@internal.corp.
[2026-05-12 14:00] INFO: Event 1454: User session heartbeat.
[2026-05-12 14:00] INFO: Event 1455: Payment processed for card 4207-4440-4501-6413.
[2026-05-12 14:00] INFO: Event 1456: Password reset sent to user_38@internal.corp.
[2026-05-12 14:00] INFO: Event 1457: Password reset sent to user_373@internal.corp.
[2026-05-12 14:00] INFO: Event 1458: User session heartbeat.
[2026-05-12 14:00] INFO: Event 1459: Payment processed for card 4235-9906-6754-3557.
[2026-05-12 14:00] INFO: Event 1460: Auth failure for key AKIA0EE1442FBB7E4B7D.
[2026-05-12 14:00] INFO: Event 1461: Payment processed for card 4686-7007-2871-3236.
[2026-05-12 14:00] INFO: Event 1462: Auth failure for key AKIA0AEA2302F4074A06.
[2026-05-12 14:00] INFO: Event 1463: Auth failure for key AKIA48E4FEFD1E214806.
[2026-05-12 14:00] INFO: Event 1464: User session heartbeat.
[2026-05-12 14:00] INFO: Event 1465: Password reset sent to user_874@internal.corp.
[2026-05-12 14:00] INFO: Event 1466: Password reset sent to user_739@internal.corp.
[2026-05-12 14:00] INFO: Event 1467: User session heartbeat.
[2026-05-12 14:00] INFO: Event 1468: Auth failure for key AKIAE06754A690444F08.
[2026-05-12 14:00] INFO: Event 1469: Payment processed for card 8241-1627-4267-8650.
[2026-05-12 14:00] INFO: Event 1470: User session heartbeat.
[2026-05-12 14:00] INFO: Event 1471: User session heartbeat.
[2026-05-12 14:00] INFO: Event 1472: Payment processed for card 6535-5102-3514-6515.
[2026-05-12 14:00] INFO: Event 1473: Password reset sent to user_381@internal.corp.
[2026-05-12 14:00] INFO: Event 1474: Payment processed for card 5025-6577-4391-9064.
[2026-05-12 14:00] INFO: Event 1475: User session heartbeat.
[2026-05-12 14:00] INFO: Event 1476: User session heartbeat.
[2026-05-12 14:00] INFO: Event 1477: User session heartbeat.
[2026-05-12 14:00] INFO: Event 1478: Password reset sent to user_203@internal.corp.
[2026-05-12 14:00] INFO: Event 1479: Payment processed for card 4699-6519-1691-6658.
[2026-05-12 14:00] INFO: Event 1480: User session heartbeat.
[2026-05-12 14:00] INFO: Event 1481: User session heartbeat.
[2026-05-12 14:00] INFO: Event 1482: User session heartbeat.
[2026-05-12 14:00] INFO: Event 1483: Payment processed for card 7497-8419-9725-3355.
[2026-05-12 14:00] INFO: Event 1484: Password reset sent to user_753@internal.corp.
[2026-05-12 14:00] INFO: Event 1485: Password reset sent to user_756@internal.corp.
[2026-05-12 14:00] INFO: Event 1486: Auth failure for key AKIAA2C5AC5D3BA248F4.
[2026-05-12 14:00] INFO: Event 1487: Password reset sent to user_850@internal.corp.
[2026-05-12 14:00] INFO: Event 1488: Payment processed for card 9497-2712-9242-3307.
[2026-05-12 14:00] INFO: Event 1489: Payment processed for card 3520-2463-6630-9558.
[2026-05-12 14:00] INFO: Event 1490: Password reset sent to user_298@internal.corp.
[2026-05-12 14:00] INFO: Event 1491: Auth failure for key AKIAD7B51EDECE3B48C1.
[2026-05-12 14:00] INFO: Event 1492: Payment processed for card 5872-2216-8272-6407.
[2026-05-12 14:00] INFO: Event 1493: Auth failure for key AKIAE4592DBC33B4446C.
[2026-05-12 14:00] INFO: Event 1494: Auth failure for key AKIABD5FABA6F7BB4112.
[2026-05-12 14:00] INFO: Event 1495: User session heartbeat.
[2026-05-12 14:00] INFO: Event 1496: Password reset sent to user_170@internal.corp.
[2026-05-12 14:00] INFO: Event 1497: User session heartbeat.
[2026-05-12 14:00] INFO: Event 1498: Auth failure for key AKIAE48809C367A743D3.
[2026-05-12 14:00] INFO: Event 1499: Password reset sent to user_807@internal.corp.
