[2026-05-11 00:30:59] DEBUG: Event 0: Processing request chunk 307...
[2026-05-11 00:31:00] DEBUG: Event 1: Processing request chunk 122...
[2026-05-11 00:31:01] DEBUG: Event 2: Processing request chunk 125...
[2026-05-11 00:31:02] DEBUG: Event 3: Processing request chunk 239...
[2026-05-11 00:31:03] DEBUG: Event 4: Processing request chunk 169...
[2026-05-11 00:31:04] DEBUG: Event 5: Processing request chunk 119...
[2026-05-11 00:31:05] INFO: Event 6: Processing request chunk 388...
[2026-05-11 00:31:06] DEBUG: Event 7: Processing request chunk 120...
[2026-05-11 00:31:07] DEBUG: Event 8: Processing request chunk 769...
[2026-05-11 00:31:08] DEBUG: Event 9: Processing request chunk 145...
[2026-05-11 00:31:09] WARN: Event 10: Processing request chunk 552...
[2026-05-11 00:31:10] DEBUG: Event 11: Processing request chunk 168...
[2026-05-11 00:31:11] DEBUG: Event 12: Processing request chunk 658...
[2026-05-11 00:31:12] DEBUG: Event 13: Processing request chunk 809...
[2026-05-11 00:31:13] DEBUG: Event 14: Processing request chunk 144...
[2026-05-11 00:31:14] DEBUG: Event 15: Processing request chunk 733...
[2026-05-11 00:31:15] DEBUG: Event 16: Processing request chunk 120...
[2026-05-11 00:31:16] DEBUG: Event 17: Processing request chunk 303...
[2026-05-11 00:31:17] INFO: Event 18: Processing request chunk 425...
[2026-05-11 00:31:18] DEBUG: Event 19: Processing request chunk 837...
[2026-05-11 00:31:19] DEBUG: Event 20: Processing request chunk 643...
[2026-05-11 00:31:20] DEBUG: Event 21: Processing request chunk 798...
[2026-05-11 00:31:21] DEBUG: Event 22: Processing request chunk 454...
[2026-05-11 00:31:22] DEBUG: Event 23: Processing request chunk 631...
[2026-05-11 00:31:23] DEBUG: Event 24: Processing request chunk 948...
[2026-05-11 00:31:24] DEBUG: Event 25: Processing request chunk 188...
[2026-05-11 00:31:25] INFO: Event 26: Processing request chunk 501...
[2026-05-11 00:31:26] DEBUG: Event 27: Processing request chunk 786...
[2026-05-11 00:31:27] ERROR: Event 28: Processing request chunk 553...
[2026-05-11 00:31:28] INFO: Event 29: Processing request chunk 902...
[2026-05-11 00:31:29] CRITICAL: Event 30: FATAL SYSTEM FAILURE - Database connection lost at pool_id=9
[2026-05-11 00:31:30] INFO: Event 31: Processing request chunk 450...
[2026-05-11 00:31:31] WARN: Event 32: Processing request chunk 470...
[2026-05-11 00:31:32] CRITICAL: Event 33: FATAL SYSTEM FAILURE - Database connection lost at pool_id=6
[2026-05-11 00:31:33] INFO: Event 34: Processing request chunk 839...
[2026-05-11 00:31:34] DEBUG: Event 35: Processing request chunk 880...
[2026-05-11 00:31:35] DEBUG: Event 36: Processing request chunk 737...
[2026-05-11 00:31:36] DEBUG: Event 37: Processing request chunk 966...
[2026-05-11 00:31:37] DEBUG: Event 38: Processing request chunk 986...
[2026-05-11 00:31:38] DEBUG: Event 39: Processing request chunk 758...
[2026-05-11 00:31:39] DEBUG: Event 40: Processing request chunk 310...
[2026-05-11 00:31:40] ERROR: Event 41: Processing request chunk 978...
[2026-05-11 00:31:41] INFO: Event 42: Processing request chunk 622...
[2026-05-11 00:31:42] INFO: Event 43: Processing request chunk 960...
[2026-05-11 00:31:43] DEBUG: Event 44: Processing request chunk 481...
[2026-05-11 00:31:44] DEBUG: Event 45: Processing request chunk 969...
[2026-05-11 00:31:45] DEBUG: Event 46: Processing request chunk 243...
[2026-05-11 00:31:46] DEBUG: Event 47: Processing request chunk 833...
[2026-05-11 00:31:47] DEBUG: Event 48: Processing request chunk 942...
[2026-05-11 00:31:48] DEBUG: Event 49: Processing request chunk 620...
[2026-05-11 00:31:49] DEBUG: Event 50: Processing request chunk 101...
[2026-05-11 00:31:50] ERROR: Event 51: Processing request chunk 726...
[2026-05-11 00:31:51] INFO: Event 52: Processing request chunk 470...
[2026-05-11 00:31:52] INFO: Event 53: Processing request chunk 720...
[2026-05-11 00:31:53] INFO: Event 54: Processing request chunk 985...
[2026-05-11 00:31:54] DEBUG: Event 55: Processing request chunk 659...
[2026-05-11 00:31:55] DEBUG: Event 56: Processing request chunk 871...
[2026-05-11 00:31:56] DEBUG: Event 57: Processing request chunk 121...
[2026-05-11 00:31:57] DEBUG: Event 58: Processing request chunk 367...
[2026-05-11 00:31:58] DEBUG: Event 59: Processing request chunk 867...
[2026-05-11 00:31:59] DEBUG: Event 60: Processing request chunk 934...
[2026-05-11 00:32:00] WARN: Event 61: Processing request chunk 684...
[2026-05-11 00:32:01] DEBUG: Event 62: Processing request chunk 961...
[2026-05-11 00:32:02] DEBUG: Event 63: Processing request chunk 756...
[2026-05-11 00:32:03] DEBUG: Event 64: Processing request chunk 125...
[2026-05-11 00:32:04] INFO: Event 65: Processing request chunk 671...
[2026-05-11 00:32:05] INFO: Event 66: Processing request chunk 730...
[2026-05-11 00:32:06] INFO: Event 67: Processing request chunk 848...
[2026-05-11 00:32:07] WARN: Event 68: Processing request chunk 921...
[2026-05-11 00:32:08] DEBUG: Event 69: Processing request chunk 804...
[2026-05-11 00:32:09] INFO: Event 70: Processing request chunk 752...
[2026-05-11 00:32:10] DEBUG: Event 71: Processing request chunk 152...
[2026-05-11 00:32:11] DEBUG: Event 72: Processing request chunk 166...
[2026-05-11 00:32:12] DEBUG: Event 73: Processing request chunk 286...
[2026-05-11 00:32:13] DEBUG: Event 74: Processing request chunk 362...
[2026-05-11 00:32:14] INFO: Event 75: Processing request chunk 176...
[2026-05-11 00:32:15] DEBUG: Event 76: Processing request chunk 818...
[2026-05-11 00:32:16] INFO: Event 77: Processing request chunk 431...
[2026-05-11 00:32:17] INFO: Event 78: Processing request chunk 237...
[2026-05-11 00:32:18] DEBUG: Event 79: Processing request chunk 691...
[2026-05-11 00:32:19] DEBUG: Event 80: Processing request chunk 151...
[2026-05-11 00:32:20] INFO: Event 81: Processing request chunk 970...
[2026-05-11 00:32:21] DEBUG: Event 82: Processing request chunk 755...
[2026-05-11 00:32:22] DEBUG: Event 83: Processing request chunk 952...
[2026-05-11 00:32:23] DEBUG: Event 84: Processing request chunk 803...
[2026-05-11 00:32:24] DEBUG: Event 85: Processing request chunk 174...
[2026-05-11 00:32:25] DEBUG: Event 86: Processing request chunk 454...
[2026-05-11 00:32:26] DEBUG: Event 87: Processing request chunk 990...
[2026-05-11 00:32:27] INFO: Event 88: Processing request chunk 564...
[2026-05-11 00:32:28] INFO: Event 89: Processing request chunk 241...
[2026-05-11 00:32:29] DEBUG: Event 90: Processing request chunk 820...
[2026-05-11 00:32:30] INFO: Event 91: Processing request chunk 233...
[2026-05-11 00:32:31] DEBUG: Event 92: Processing request chunk 452...
[2026-05-11 00:32:32] DEBUG: Event 93: Processing request chunk 929...
[2026-05-11 00:32:33] DEBUG: Event 94: Processing request chunk 120...
[2026-05-11 00:32:34] INFO: Event 95: Processing request chunk 842...
[2026-05-11 00:32:35] DEBUG: Event 96: Processing request chunk 218...
[2026-05-11 00:32:36] INFO: Event 97: Processing request chunk 261...
[2026-05-11 00:32:37] DEBUG: Event 98: Processing request chunk 598...
[2026-05-11 00:32:38] INFO: Event 99: Processing request chunk 569...
[2026-05-11 00:32:39] DEBUG: Event 100: Processing request chunk 772...
[2026-05-11 00:32:40] DEBUG: Event 101: Processing request chunk 448...
[2026-05-11 00:32:41] DEBUG: Event 102: Processing request chunk 761...
[2026-05-11 00:32:42] DEBUG: Event 103: Processing request chunk 331...
[2026-05-11 00:32:43] INFO: Event 104: Processing request chunk 941...
[2026-05-11 00:32:44] DEBUG: Event 105: Processing request chunk 979...
[2026-05-11 00:32:45] WARN: Event 106: Processing request chunk 466...
[2026-05-11 00:32:46] INFO: Event 107: Processing request chunk 707...
[2026-05-11 00:32:47] DEBUG: Event 108: Processing request chunk 725...
[2026-05-11 00:32:48] DEBUG: Event 109: Processing request chunk 445...
[2026-05-11 00:32:49] INFO: Event 110: Processing request chunk 699...
[2026-05-11 00:32:50] DEBUG: Event 111: Processing request chunk 584...
[2026-05-11 00:32:51] WARN: Event 112: Processing request chunk 723...
[2026-05-11 00:32:52] INFO: Event 113: Processing request chunk 539...
[2026-05-11 00:32:53] DEBUG: Event 114: Processing request chunk 726...
[2026-05-11 00:32:54] WARN: Event 115: Processing request chunk 680...
[2026-05-11 00:32:55] DEBUG: Event 116: Processing request chunk 263...
[2026-05-11 00:32:56] DEBUG: Event 117: Processing request chunk 426...
[2026-05-11 00:32:57] DEBUG: Event 118: Processing request chunk 237...
[2026-05-11 00:32:58] DEBUG: Event 119: Processing request chunk 780...
[2026-05-11 00:32:59] DEBUG: Event 120: Processing request chunk 772...
[2026-05-11 00:33:00] DEBUG: Event 121: Processing request chunk 499...
[2026-05-11 00:33:01] DEBUG: Event 122: Processing request chunk 246...
[2026-05-11 00:33:02] INFO: Event 123: Processing request chunk 879...
[2026-05-11 00:33:03] DEBUG: Event 124: Processing request chunk 973...
[2026-05-11 00:33:04] DEBUG: Event 125: Processing request chunk 256...
[2026-05-11 00:33:05] DEBUG: Event 126: Processing request chunk 517...
[2026-05-11 00:33:06] DEBUG: Event 127: Processing request chunk 598...
[2026-05-11 00:33:07] DEBUG: Event 128: Processing request chunk 748...
[2026-05-11 00:33:08] DEBUG: Event 129: Processing request chunk 378...
[2026-05-11 00:33:09] DEBUG: Event 130: Processing request chunk 112...
[2026-05-11 00:33:10] DEBUG: Event 131: Processing request chunk 323...
[2026-05-11 00:33:11] WARN: Event 132: Processing request chunk 161...
[2026-05-11 00:33:12] DEBUG: Event 133: Processing request chunk 894...
[2026-05-11 00:33:13] DEBUG: Event 134: Processing request chunk 341...
[2026-05-11 00:33:14] INFO: Event 135: Processing request chunk 451...
[2026-05-11 00:33:15] DEBUG: Event 136: Processing request chunk 352...
[2026-05-11 00:33:16] WARN: Event 137: Processing request chunk 503...
[2026-05-11 00:33:17] DEBUG: Event 138: Processing request chunk 705...
[2026-05-11 00:33:18] DEBUG: Event 139: Processing request chunk 883...
[2026-05-11 00:33:19] DEBUG: Event 140: Processing request chunk 939...
[2026-05-11 00:33:20] INFO: Event 141: Processing request chunk 945...
[2026-05-11 00:33:21] DEBUG: Event 142: Processing request chunk 412...
[2026-05-11 00:33:22] DEBUG: Event 143: Processing request chunk 177...
[2026-05-11 00:33:23] DEBUG: Event 144: Processing request chunk 144...
[2026-05-11 00:33:24] DEBUG: Event 145: Processing request chunk 311...
[2026-05-11 00:33:25] DEBUG: Event 146: Processing request chunk 173...
[2026-05-11 00:33:26] WARN: Event 147: Processing request chunk 670...
[2026-05-11 00:33:27] INFO: Event 148: Processing request chunk 969...
[2026-05-11 00:33:28] DEBUG: Event 149: Processing request chunk 765...
[2026-05-11 00:33:29] DEBUG: Event 150: Processing request chunk 862...
[2026-05-11 00:33:30] DEBUG: Event 151: Processing request chunk 447...
[2026-05-11 00:33:31] INFO: Event 152: Processing request chunk 812...
[2026-05-11 00:33:32] DEBUG: Event 153: Processing request chunk 152...
[2026-05-11 00:33:33] INFO: Event 154: Processing request chunk 774...
[2026-05-11 00:33:34] DEBUG: Event 155: Processing request chunk 442...
[2026-05-11 00:33:35] DEBUG: Event 156: Processing request chunk 772...
[2026-05-11 00:33:36] DEBUG: Event 157: Processing request chunk 924...
[2026-05-11 00:33:37] DEBUG: Event 158: Processing request chunk 363...
[2026-05-11 00:33:38] DEBUG: Event 159: Processing request chunk 106...
[2026-05-11 00:33:39] DEBUG: Event 160: Processing request chunk 557...
[2026-05-11 00:33:40] DEBUG: Event 161: Processing request chunk 493...
[2026-05-11 00:33:41] DEBUG: Event 162: Processing request chunk 570...
[2026-05-11 00:33:42] DEBUG: Event 163: Processing request chunk 845...
[2026-05-11 00:33:43] INFO: Event 164: Processing request chunk 238...
[2026-05-11 00:33:44] DEBUG: Event 165: Processing request chunk 376...
[2026-05-11 00:33:45] DEBUG: Event 166: Processing request chunk 997...
[2026-05-11 00:33:46] INFO: Event 167: Processing request chunk 392...
[2026-05-11 00:33:47] DEBUG: Event 168: Processing request chunk 895...
[2026-05-11 00:33:48] DEBUG: Event 169: Processing request chunk 442...
[2026-05-11 00:33:49] DEBUG: Event 170: Processing request chunk 744...
[2026-05-11 00:33:50] DEBUG: Event 171: Processing request chunk 181...
[2026-05-11 00:33:51] DEBUG: Event 172: Processing request chunk 191...
[2026-05-11 00:33:52] INFO: Event 173: Processing request chunk 169...
[2026-05-11 00:33:53] DEBUG: Event 174: Processing request chunk 473...
[2026-05-11 00:33:54] DEBUG: Event 175: Processing request chunk 138...
[2026-05-11 00:33:55] DEBUG: Event 176: Processing request chunk 251...
[2026-05-11 00:33:56] WARN: Event 177: Processing request chunk 219...
[2026-05-11 00:33:57] DEBUG: Event 178: Processing request chunk 606...
[2026-05-11 00:33:58] DEBUG: Event 179: Processing request chunk 687...
[2026-05-11 00:33:59] INFO: Event 180: Processing request chunk 309...
[2026-05-11 00:34:00] DEBUG: Event 181: Processing request chunk 466...
[2026-05-11 00:34:01] ERROR: Event 182: Processing request chunk 945...
[2026-05-11 00:34:02] DEBUG: Event 183: Processing request chunk 504...
[2026-05-11 00:34:03] WARN: Event 184: Processing request chunk 854...
[2026-05-11 00:34:04] ERROR: Event 185: Processing request chunk 122...
[2026-05-11 00:34:05] DEBUG: Event 186: Processing request chunk 983...
[2026-05-11 00:34:06] DEBUG: Event 187: Processing request chunk 470...
[2026-05-11 00:34:07] WARN: Event 188: Processing request chunk 828...
[2026-05-11 00:34:08] DEBUG: Event 189: Processing request chunk 859...
[2026-05-11 00:34:09] DEBUG: Event 190: Processing request chunk 410...
[2026-05-11 00:34:10] WARN: Event 191: Processing request chunk 663...
[2026-05-11 00:34:11] INFO: Event 192: Processing request chunk 915...
[2026-05-11 00:34:12] DEBUG: Event 193: Processing request chunk 372...
[2026-05-11 00:34:13] INFO: Event 194: Processing request chunk 958...
[2026-05-11 00:34:14] DEBUG: Event 195: Processing request chunk 182...
[2026-05-11 00:34:15] DEBUG: Event 196: Processing request chunk 318...
[2026-05-11 00:34:16] DEBUG: Event 197: Processing request chunk 785...
[2026-05-11 00:34:17] DEBUG: Event 198: Processing request chunk 617...
[2026-05-11 00:34:18] DEBUG: Event 199: Processing request chunk 711...
[2026-05-11 00:34:19] DEBUG: Event 200: Processing request chunk 378...
[2026-05-11 00:34:20] WARN: Event 201: Processing request chunk 202...
[2026-05-11 00:34:21] DEBUG: Event 202: Processing request chunk 932...
[2026-05-11 00:34:22] INFO: Event 203: Processing request chunk 956...
[2026-05-11 00:34:23] DEBUG: Event 204: Processing request chunk 685...
[2026-05-11 00:34:24] INFO: Event 205: Processing request chunk 104...
[2026-05-11 00:34:25] INFO: Event 206: Processing request chunk 174...
[2026-05-11 00:34:26] DEBUG: Event 207: Processing request chunk 961...
[2026-05-11 00:34:27] DEBUG: Event 208: Processing request chunk 333...
[2026-05-11 00:34:28] INFO: Event 209: Processing request chunk 923...
[2026-05-11 00:34:29] DEBUG: Event 210: Processing request chunk 785...
[2026-05-11 00:34:30] DEBUG: Event 211: Processing request chunk 991...
[2026-05-11 00:34:31] INFO: Event 212: Processing request chunk 775...
[2026-05-11 00:34:32] DEBUG: Event 213: Processing request chunk 250...
[2026-05-11 00:34:33] DEBUG: Event 214: Processing request chunk 599...
[2026-05-11 00:34:34] INFO: Event 215: Processing request chunk 512...
[2026-05-11 00:34:35] DEBUG: Event 216: Processing request chunk 628...
[2026-05-11 00:34:36] INFO: Event 217: Processing request chunk 870...
[2026-05-11 00:34:37] DEBUG: Event 218: Processing request chunk 393...
[2026-05-11 00:34:38] DEBUG: Event 219: Processing request chunk 566...
[2026-05-11 00:34:39] DEBUG: Event 220: Processing request chunk 885...
[2026-05-11 00:34:40] DEBUG: Event 221: Processing request chunk 482...
[2026-05-11 00:34:41] DEBUG: Event 222: Processing request chunk 397...
[2026-05-11 00:34:42] DEBUG: Event 223: Processing request chunk 144...
[2026-05-11 00:34:43] DEBUG: Event 224: Processing request chunk 268...
[2026-05-11 00:34:44] WARN: Event 225: Processing request chunk 437...
[2026-05-11 00:34:45] DEBUG: Event 226: Processing request chunk 280...
[2026-05-11 00:34:46] DEBUG: Event 227: Processing request chunk 516...
[2026-05-11 00:34:47] DEBUG: Event 228: Processing request chunk 905...
[2026-05-11 00:34:48] ERROR: Event 229: Processing request chunk 530...
[2026-05-11 00:34:49] DEBUG: Event 230: Processing request chunk 615...
[2026-05-11 00:34:50] INFO: Event 231: Processing request chunk 880...
[2026-05-11 00:34:51] INFO: Event 232: Processing request chunk 805...
[2026-05-11 00:34:52] DEBUG: Event 233: Processing request chunk 192...
[2026-05-11 00:34:53] DEBUG: Event 234: Processing request chunk 193...
[2026-05-11 00:34:54] DEBUG: Event 235: Processing request chunk 302...
[2026-05-11 00:34:55] DEBUG: Event 236: Processing request chunk 906...
[2026-05-11 00:34:56] INFO: Event 237: Processing request chunk 666...
[2026-05-11 00:34:57] DEBUG: Event 238: Processing request chunk 397...
[2026-05-11 00:34:58] DEBUG: Event 239: Processing request chunk 267...
[2026-05-11 00:34:59] DEBUG: Event 240: Processing request chunk 381...
[2026-05-11 00:35:00] DEBUG: Event 241: Processing request chunk 789...
[2026-05-11 00:35:01] DEBUG: Event 242: Processing request chunk 515...
[2026-05-11 00:35:02] DEBUG: Event 243: Processing request chunk 590...
[2026-05-11 00:35:03] DEBUG: Event 244: Processing request chunk 290...
[2026-05-11 00:35:04] DEBUG: Event 245: Processing request chunk 342...
[2026-05-11 00:35:05] INFO: Event 246: Processing request chunk 154...
[2026-05-11 00:35:06] DEBUG: Event 247: Processing request chunk 850...
[2026-05-11 00:35:07] INFO: Event 248: Processing request chunk 642...
[2026-05-11 00:35:08] WARN: Event 249: Processing request chunk 588...
[2026-05-11 00:35:09] DEBUG: Event 250: Processing request chunk 724...
[2026-05-11 00:35:10] DEBUG: Event 251: Processing request chunk 582...
[2026-05-11 00:35:11] INFO: Event 252: Processing request chunk 632...
[2026-05-11 00:35:12] INFO: Event 253: Processing request chunk 602...
[2026-05-11 00:35:13] DEBUG: Event 254: Processing request chunk 960...
[2026-05-11 00:35:14] DEBUG: Event 255: Processing request chunk 293...
[2026-05-11 00:35:15] DEBUG: Event 256: Processing request chunk 725...
[2026-05-11 00:35:16] DEBUG: Event 257: Processing request chunk 825...
[2026-05-11 00:35:17] DEBUG: Event 258: Processing request chunk 246...
[2026-05-11 00:35:18] INFO: Event 259: Processing request chunk 611...
[2026-05-11 00:35:19] DEBUG: Event 260: Processing request chunk 924...
[2026-05-11 00:35:20] DEBUG: Event 261: Processing request chunk 694...
[2026-05-11 00:35:21] INFO: Event 262: Processing request chunk 311...
[2026-05-11 00:35:22] DEBUG: Event 263: Processing request chunk 104...
[2026-05-11 00:35:23] DEBUG: Event 264: Processing request chunk 468...
[2026-05-11 00:35:24] DEBUG: Event 265: Processing request chunk 668...
[2026-05-11 00:35:25] INFO: Event 266: Processing request chunk 534...
[2026-05-11 00:35:26] DEBUG: Event 267: Processing request chunk 517...
[2026-05-11 00:35:27] DEBUG: Event 268: Processing request chunk 310...
[2026-05-11 00:35:28] DEBUG: Event 269: Processing request chunk 466...
[2026-05-11 00:35:29] DEBUG: Event 270: Processing request chunk 720...
[2026-05-11 00:35:30] INFO: Event 271: Processing request chunk 528...
[2026-05-11 00:35:31] DEBUG: Event 272: Processing request chunk 993...
[2026-05-11 00:35:32] DEBUG: Event 273: Processing request chunk 573...
[2026-05-11 00:35:33] INFO: Event 274: Processing request chunk 951...
[2026-05-11 00:35:34] DEBUG: Event 275: Processing request chunk 260...
[2026-05-11 00:35:35] DEBUG: Event 276: Processing request chunk 905...
[2026-05-11 00:35:36] DEBUG: Event 277: Processing request chunk 849...
[2026-05-11 00:35:37] WARN: Event 278: Processing request chunk 159...
[2026-05-11 00:35:38] DEBUG: Event 279: Processing request chunk 520...
[2026-05-11 00:35:39] DEBUG: Event 280: Processing request chunk 952...
[2026-05-11 00:35:40] DEBUG: Event 281: Processing request chunk 852...
[2026-05-11 00:35:41] DEBUG: Event 282: Processing request chunk 989...
[2026-05-11 00:35:42] INFO: Event 283: Processing request chunk 890...
[2026-05-11 00:35:43] DEBUG: Event 284: Processing request chunk 126...
[2026-05-11 00:35:44] DEBUG: Event 285: Processing request chunk 482...
[2026-05-11 00:35:45] DEBUG: Event 286: Processing request chunk 303...
[2026-05-11 00:35:46] DEBUG: Event 287: Processing request chunk 309...
[2026-05-11 00:35:47] DEBUG: Event 288: Processing request chunk 860...
[2026-05-11 00:35:48] DEBUG: Event 289: Processing request chunk 226...
[2026-05-11 00:35:49] DEBUG: Event 290: Processing request chunk 793...
[2026-05-11 00:35:50] DEBUG: Event 291: Processing request chunk 449...
[2026-05-11 00:35:51] DEBUG: Event 292: Processing request chunk 817...
[2026-05-11 00:35:52] DEBUG: Event 293: Processing request chunk 839...
[2026-05-11 00:35:53] DEBUG: Event 294: Processing request chunk 477...
[2026-05-11 00:35:54] DEBUG: Event 295: Processing request chunk 840...
[2026-05-11 00:35:55] WARN: Event 296: Processing request chunk 372...
[2026-05-11 00:35:56] INFO: Event 297: Processing request chunk 414...
[2026-05-11 00:35:57] CRITICAL: Event 298: FATAL SYSTEM FAILURE - Database connection lost at pool_id=3
[2026-05-11 00:35:58] DEBUG: Event 299: Processing request chunk 319...
[2026-05-11 00:35:59] DEBUG: Event 300: Processing request chunk 166...
[2026-05-11 00:36:00] DEBUG: Event 301: Processing request chunk 110...
[2026-05-11 00:36:01] DEBUG: Event 302: Processing request chunk 860...
[2026-05-11 00:36:02] DEBUG: Event 303: Processing request chunk 780...
[2026-05-11 00:36:03] WARN: Event 304: Processing request chunk 132...
[2026-05-11 00:36:04] DEBUG: Event 305: Processing request chunk 833...
[2026-05-11 00:36:05] INFO: Event 306: Processing request chunk 765...
[2026-05-11 00:36:06] DEBUG: Event 307: Processing request chunk 553...
[2026-05-11 00:36:07] ERROR: Event 308: Processing request chunk 455...
[2026-05-11 00:36:08] DEBUG: Event 309: Processing request chunk 330...
[2026-05-11 00:36:09] DEBUG: Event 310: Processing request chunk 195...
[2026-05-11 00:36:10] DEBUG: Event 311: Processing request chunk 659...
[2026-05-11 00:36:11] DEBUG: Event 312: Processing request chunk 370...
[2026-05-11 00:36:12] DEBUG: Event 313: Processing request chunk 717...
[2026-05-11 00:36:13] DEBUG: Event 314: Processing request chunk 990...
[2026-05-11 00:36:14] DEBUG: Event 315: Processing request chunk 255...
[2026-05-11 00:36:15] INFO: Event 316: Processing request chunk 220...
[2026-05-11 00:36:16] DEBUG: Event 317: Processing request chunk 825...
[2026-05-11 00:36:17] DEBUG: Event 318: Processing request chunk 106...
[2026-05-11 00:36:18] DEBUG: Event 319: Processing request chunk 523...
[2026-05-11 00:36:19] WARN: Event 320: Processing request chunk 698...
[2026-05-11 00:36:20] DEBUG: Event 321: Processing request chunk 960...
[2026-05-11 00:36:21] DEBUG: Event 322: Processing request chunk 284...
[2026-05-11 00:36:22] INFO: Event 323: Processing request chunk 220...
[2026-05-11 00:36:23] DEBUG: Event 324: Processing request chunk 888...
[2026-05-11 00:36:24] DEBUG: Event 325: Processing request chunk 188...
[2026-05-11 00:36:25] DEBUG: Event 326: Processing request chunk 828...
[2026-05-11 00:36:26] INFO: Event 327: Processing request chunk 873...
[2026-05-11 00:36:27] INFO: Event 328: Processing request chunk 560...
[2026-05-11 00:36:28] DEBUG: Event 329: Processing request chunk 479...
[2026-05-11 00:36:29] DEBUG: Event 330: Processing request chunk 651...
[2026-05-11 00:36:30] DEBUG: Event 331: Processing request chunk 166...
[2026-05-11 00:36:31] DEBUG: Event 332: Processing request chunk 638...
[2026-05-11 00:36:32] DEBUG: Event 333: Processing request chunk 981...
[2026-05-11 00:36:33] INFO: Event 334: Processing request chunk 971...
[2026-05-11 00:36:34] DEBUG: Event 335: Processing request chunk 238...
[2026-05-11 00:36:35] DEBUG: Event 336: Processing request chunk 679...
[2026-05-11 00:36:36] INFO: Event 337: Processing request chunk 632...
[2026-05-11 00:36:37] ERROR: Event 338: Processing request chunk 184...
[2026-05-11 00:36:38] DEBUG: Event 339: Processing request chunk 513...
[2026-05-11 00:36:39] DEBUG: Event 340: Processing request chunk 685...
[2026-05-11 00:36:40] DEBUG: Event 341: Processing request chunk 436...
[2026-05-11 00:36:41] DEBUG: Event 342: Processing request chunk 356...
[2026-05-11 00:36:42] WARN: Event 343: Processing request chunk 400...
[2026-05-11 00:36:43] ERROR: Event 344: Processing request chunk 874...
[2026-05-11 00:36:44] DEBUG: Event 345: Processing request chunk 783...
[2026-05-11 00:36:45] INFO: Event 346: Processing request chunk 661...
[2026-05-11 00:36:46] DEBUG: Event 347: Processing request chunk 940...
[2026-05-11 00:36:47] DEBUG: Event 348: Processing request chunk 209...
[2026-05-11 00:36:48] DEBUG: Event 349: Processing request chunk 451...
[2026-05-11 00:36:49] DEBUG: Event 350: Processing request chunk 722...
[2026-05-11 00:36:50] DEBUG: Event 351: Processing request chunk 626...
[2026-05-11 00:36:51] DEBUG: Event 352: Processing request chunk 432...
[2026-05-11 00:36:52] DEBUG: Event 353: Processing request chunk 345...
[2026-05-11 00:36:53] INFO: Event 354: Processing request chunk 727...
[2026-05-11 00:36:54] DEBUG: Event 355: Processing request chunk 218...
[2026-05-11 00:36:55] DEBUG: Event 356: Processing request chunk 315...
[2026-05-11 00:36:56] DEBUG: Event 357: Processing request chunk 768...
[2026-05-11 00:36:57] DEBUG: Event 358: Processing request chunk 595...
[2026-05-11 00:36:58] DEBUG: Event 359: Processing request chunk 268...
[2026-05-11 00:36:59] DEBUG: Event 360: Processing request chunk 801...
[2026-05-11 00:37:00] INFO: Event 361: Processing request chunk 652...
[2026-05-11 00:37:01] DEBUG: Event 362: Processing request chunk 194...
[2026-05-11 00:37:02] DEBUG: Event 363: Processing request chunk 852...
[2026-05-11 00:37:03] DEBUG: Event 364: Processing request chunk 640...
[2026-05-11 00:37:04] DEBUG: Event 365: Processing request chunk 654...
[2026-05-11 00:37:05] DEBUG: Event 366: Processing request chunk 208...
[2026-05-11 00:37:06] DEBUG: Event 367: Processing request chunk 477...
[2026-05-11 00:37:07] INFO: Event 368: Processing request chunk 181...
[2026-05-11 00:37:08] DEBUG: Event 369: Processing request chunk 280...
[2026-05-11 00:37:09] DEBUG: Event 370: Processing request chunk 898...
[2026-05-11 00:37:10] INFO: Event 371: Processing request chunk 512...
[2026-05-11 00:37:11] INFO: Event 372: Processing request chunk 401...
[2026-05-11 00:37:12] ERROR: Event 373: Processing request chunk 281...
[2026-05-11 00:37:13] DEBUG: Event 374: Processing request chunk 705...
[2026-05-11 00:37:14] INFO: Event 375: Processing request chunk 510...
[2026-05-11 00:37:15] DEBUG: Event 376: Processing request chunk 166...
[2026-05-11 00:37:16] DEBUG: Event 377: Processing request chunk 424...
[2026-05-11 00:37:17] DEBUG: Event 378: Processing request chunk 320...
[2026-05-11 00:37:18] DEBUG: Event 379: Processing request chunk 396...
[2026-05-11 00:37:19] WARN: Event 380: Processing request chunk 110...
[2026-05-11 00:37:20] DEBUG: Event 381: Processing request chunk 167...
[2026-05-11 00:37:21] DEBUG: Event 382: Processing request chunk 183...
[2026-05-11 00:37:22] DEBUG: Event 383: Processing request chunk 180...
[2026-05-11 00:37:23] DEBUG: Event 384: Processing request chunk 574...
[2026-05-11 00:37:24] DEBUG: Event 385: Processing request chunk 738...
[2026-05-11 00:37:25] DEBUG: Event 386: Processing request chunk 330...
[2026-05-11 00:37:26] DEBUG: Event 387: Processing request chunk 431...
[2026-05-11 00:37:27] DEBUG: Event 388: Processing request chunk 926...
[2026-05-11 00:37:28] DEBUG: Event 389: Processing request chunk 517...
[2026-05-11 00:37:29] WARN: Event 390: Processing request chunk 702...
[2026-05-11 00:37:30] DEBUG: Event 391: Processing request chunk 858...
[2026-05-11 00:37:31] DEBUG: Event 392: Processing request chunk 495...
[2026-05-11 00:37:32] DEBUG: Event 393: Processing request chunk 353...
[2026-05-11 00:37:33] DEBUG: Event 394: Processing request chunk 253...
[2026-05-11 00:37:34] INFO: Event 395: Processing request chunk 316...
[2026-05-11 00:37:35] DEBUG: Event 396: Processing request chunk 327...
[2026-05-11 00:37:36] DEBUG: Event 397: Processing request chunk 860...
[2026-05-11 00:37:37] DEBUG: Event 398: Processing request chunk 684...
[2026-05-11 00:37:38] DEBUG: Event 399: Processing request chunk 389...
[2026-05-11 00:37:39] DEBUG: Event 400: Processing request chunk 945...
[2026-05-11 00:37:40] INFO: Event 401: Processing request chunk 792...
[2026-05-11 00:37:41] INFO: Event 402: Processing request chunk 751...
[2026-05-11 00:37:42] ERROR: Event 403: Processing request chunk 408...
[2026-05-11 00:37:43] DEBUG: Event 404: Processing request chunk 417...
[2026-05-11 00:37:44] INFO: Event 405: Processing request chunk 531...
[2026-05-11 00:37:45] DEBUG: Event 406: Processing request chunk 517...
[2026-05-11 00:37:46] DEBUG: Event 407: Processing request chunk 156...
[2026-05-11 00:37:47] INFO: Event 408: Processing request chunk 500...
[2026-05-11 00:37:48] DEBUG: Event 409: Processing request chunk 135...
[2026-05-11 00:37:49] DEBUG: Event 410: Processing request chunk 570...
[2026-05-11 00:37:50] DEBUG: Event 411: Processing request chunk 903...
[2026-05-11 00:37:51] DEBUG: Event 412: Processing request chunk 992...
[2026-05-11 00:37:52] DEBUG: Event 413: Processing request chunk 548...
[2026-05-11 00:37:53] DEBUG: Event 414: Processing request chunk 126...
[2026-05-11 00:37:54] DEBUG: Event 415: Processing request chunk 681...
[2026-05-11 00:37:55] ERROR: Event 416: Processing request chunk 292...
[2026-05-11 00:37:56] DEBUG: Event 417: Processing request chunk 705...
[2026-05-11 00:37:57] DEBUG: Event 418: Processing request chunk 345...
[2026-05-11 00:37:58] DEBUG: Event 419: Processing request chunk 167...
[2026-05-11 00:37:59] CRITICAL: Event 420: FATAL SYSTEM FAILURE - Database connection lost at pool_id=3
[2026-05-11 00:38:00] DEBUG: Event 421: Processing request chunk 874...
[2026-05-11 00:38:01] INFO: Event 422: Processing request chunk 281...
[2026-05-11 00:38:02] DEBUG: Event 423: Processing request chunk 161...
[2026-05-11 00:38:03] WARN: Event 424: Processing request chunk 593...
[2026-05-11 00:38:04] INFO: Event 425: Processing request chunk 505...
[2026-05-11 00:38:05] DEBUG: Event 426: Processing request chunk 149...
[2026-05-11 00:38:06] DEBUG: Event 427: Processing request chunk 769...
[2026-05-11 00:38:07] DEBUG: Event 428: Processing request chunk 366...
[2026-05-11 00:38:08] DEBUG: Event 429: Processing request chunk 782...
[2026-05-11 00:38:09] DEBUG: Event 430: Processing request chunk 141...
[2026-05-11 00:38:10] DEBUG: Event 431: Processing request chunk 561...
[2026-05-11 00:38:11] DEBUG: Event 432: Processing request chunk 263...
[2026-05-11 00:38:12] DEBUG: Event 433: Processing request chunk 463...
[2026-05-11 00:38:13] DEBUG: Event 434: Processing request chunk 799...
[2026-05-11 00:38:14] WARN: Event 435: Processing request chunk 792...
[2026-05-11 00:38:15] DEBUG: Event 436: Processing request chunk 505...
[2026-05-11 00:38:16] DEBUG: Event 437: Processing request chunk 316...
[2026-05-11 00:38:17] DEBUG: Event 438: Processing request chunk 380...
[2026-05-11 00:38:18] DEBUG: Event 439: Processing request chunk 255...
[2026-05-11 00:38:19] DEBUG: Event 440: Processing request chunk 905...
[2026-05-11 00:38:20] INFO: Event 441: Processing request chunk 839...
[2026-05-11 00:38:21] DEBUG: Event 442: Processing request chunk 965...
[2026-05-11 00:38:22] DEBUG: Event 443: Processing request chunk 318...
[2026-05-11 00:38:23] DEBUG: Event 444: Processing request chunk 667...
[2026-05-11 00:38:24] INFO: Event 445: Processing request chunk 214...
[2026-05-11 00:38:25] INFO: Event 446: Processing request chunk 541...
[2026-05-11 00:38:26] INFO: Event 447: Processing request chunk 393...
[2026-05-11 00:38:27] DEBUG: Event 448: Processing request chunk 417...
[2026-05-11 00:38:28] INFO: Event 449: Processing request chunk 303...
[2026-05-11 00:38:29] INFO: Event 450: Processing request chunk 274...
[2026-05-11 00:38:30] DEBUG: Event 451: Processing request chunk 364...
[2026-05-11 00:38:31] DEBUG: Event 452: Processing request chunk 409...
[2026-05-11 00:38:32] DEBUG: Event 453: Processing request chunk 983...
[2026-05-11 00:38:33] DEBUG: Event 454: Processing request chunk 443...
[2026-05-11 00:38:34] DEBUG: Event 455: Processing request chunk 636...
[2026-05-11 00:38:35] ERROR: Event 456: Processing request chunk 591...
[2026-05-11 00:38:36] DEBUG: Event 457: Processing request chunk 393...
[2026-05-11 00:38:37] CRITICAL: Event 458: FATAL SYSTEM FAILURE - Database connection lost at pool_id=2
[2026-05-11 00:38:38] DEBUG: Event 459: Processing request chunk 191...
[2026-05-11 00:38:39] DEBUG: Event 460: Processing request chunk 376...
[2026-05-11 00:38:40] DEBUG: Event 461: Processing request chunk 375...
[2026-05-11 00:38:41] INFO: Event 462: Processing request chunk 921...
[2026-05-11 00:38:42] DEBUG: Event 463: Processing request chunk 714...
[2026-05-11 00:38:43] INFO: Event 464: Processing request chunk 266...
[2026-05-11 00:38:44] INFO: Event 465: Processing request chunk 613...
[2026-05-11 00:38:45] DEBUG: Event 466: Processing request chunk 395...
[2026-05-11 00:38:46] INFO: Event 467: Processing request chunk 403...
[2026-05-11 00:38:47] DEBUG: Event 468: Processing request chunk 696...
[2026-05-11 00:38:48] DEBUG: Event 469: Processing request chunk 634...
[2026-05-11 00:38:49] DEBUG: Event 470: Processing request chunk 132...
[2026-05-11 00:38:50] DEBUG: Event 471: Processing request chunk 737...
[2026-05-11 00:38:51] INFO: Event 472: Processing request chunk 514...
[2026-05-11 00:38:52] INFO: Event 473: Processing request chunk 756...
[2026-05-11 00:38:53] WARN: Event 474: Processing request chunk 862...
[2026-05-11 00:38:54] DEBUG: Event 475: Processing request chunk 520...
[2026-05-11 00:38:55] DEBUG: Event 476: Processing request chunk 196...
[2026-05-11 00:38:56] DEBUG: Event 477: Processing request chunk 294...
[2026-05-11 00:38:57] INFO: Event 478: Processing request chunk 851...
[2026-05-11 00:38:58] DEBUG: Event 479: Processing request chunk 503...
[2026-05-11 00:38:59] WARN: Event 480: Processing request chunk 785...
[2026-05-11 00:39:00] DEBUG: Event 481: Processing request chunk 845...
[2026-05-11 00:39:01] DEBUG: Event 482: Processing request chunk 683...
[2026-05-11 00:39:02] DEBUG: Event 483: Processing request chunk 671...
[2026-05-11 00:39:03] DEBUG: Event 484: Processing request chunk 930...
[2026-05-11 00:39:04] DEBUG: Event 485: Processing request chunk 827...
[2026-05-11 00:39:05] DEBUG: Event 486: Processing request chunk 855...
[2026-05-11 00:39:06] INFO: Event 487: Processing request chunk 550...
[2026-05-11 00:39:07] DEBUG: Event 488: Processing request chunk 312...
[2026-05-11 00:39:08] DEBUG: Event 489: Processing request chunk 826...
[2026-05-11 00:39:09] DEBUG: Event 490: Processing request chunk 522...
[2026-05-11 00:39:10] DEBUG: Event 491: Processing request chunk 915...
[2026-05-11 00:39:11] DEBUG: Event 492: Processing request chunk 803...
[2026-05-11 00:39:12] WARN: Event 493: Processing request chunk 522...
[2026-05-11 00:39:13] DEBUG: Event 494: Processing request chunk 506...
[2026-05-11 00:39:14] DEBUG: Event 495: Processing request chunk 176...
[2026-05-11 00:39:15] DEBUG: Event 496: Processing request chunk 965...
[2026-05-11 00:39:16] DEBUG: Event 497: Processing request chunk 504...
[2026-05-11 00:39:17] DEBUG: Event 498: Processing request chunk 159...
[2026-05-11 00:39:18] DEBUG: Event 499: Processing request chunk 702...
[2026-05-11 00:39:19] DEBUG: Event 500: Processing request chunk 452...
[2026-05-11 00:39:20] DEBUG: Event 501: Processing request chunk 296...
[2026-05-11 00:39:21] INFO: Event 502: Processing request chunk 791...
[2026-05-11 00:39:22] DEBUG: Event 503: Processing request chunk 369...
[2026-05-11 00:39:23] DEBUG: Event 504: Processing request chunk 199...
[2026-05-11 00:39:24] INFO: Event 505: Processing request chunk 483...
[2026-05-11 00:39:25] DEBUG: Event 506: Processing request chunk 358...
[2026-05-11 00:39:26] INFO: Event 507: Processing request chunk 243...
[2026-05-11 00:39:27] DEBUG: Event 508: Processing request chunk 598...
[2026-05-11 00:39:28] DEBUG: Event 509: Processing request chunk 704...
[2026-05-11 00:39:29] DEBUG: Event 510: Processing request chunk 457...
[2026-05-11 00:39:30] DEBUG: Event 511: Processing request chunk 866...
[2026-05-11 00:39:31] DEBUG: Event 512: Processing request chunk 103...
[2026-05-11 00:39:32] INFO: Event 513: Processing request chunk 769...
[2026-05-11 00:39:33] INFO: Event 514: Processing request chunk 121...
[2026-05-11 00:39:34] DEBUG: Event 515: Processing request chunk 812...
[2026-05-11 00:39:35] DEBUG: Event 516: Processing request chunk 651...
[2026-05-11 00:39:36] WARN: Event 517: Processing request chunk 188...
[2026-05-11 00:39:37] DEBUG: Event 518: Processing request chunk 792...
[2026-05-11 00:39:38] DEBUG: Event 519: Processing request chunk 757...
[2026-05-11 00:39:39] DEBUG: Event 520: Processing request chunk 780...
[2026-05-11 00:39:40] INFO: Event 521: Processing request chunk 417...
[2026-05-11 00:39:41] INFO: Event 522: Processing request chunk 910...
[2026-05-11 00:39:42] DEBUG: Event 523: Processing request chunk 581...
[2026-05-11 00:39:43] DEBUG: Event 524: Processing request chunk 363...
[2026-05-11 00:39:44] INFO: Event 525: Processing request chunk 892...
[2026-05-11 00:39:45] INFO: Event 526: Processing request chunk 634...
[2026-05-11 00:39:46] DEBUG: Event 527: Processing request chunk 627...
[2026-05-11 00:39:47] DEBUG: Event 528: Processing request chunk 752...
[2026-05-11 00:39:48] DEBUG: Event 529: Processing request chunk 949...
[2026-05-11 00:39:49] DEBUG: Event 530: Processing request chunk 667...
[2026-05-11 00:39:50] INFO: Event 531: Processing request chunk 984...
[2026-05-11 00:39:51] DEBUG: Event 532: Processing request chunk 535...
[2026-05-11 00:39:52] DEBUG: Event 533: Processing request chunk 614...
[2026-05-11 00:39:53] DEBUG: Event 534: Processing request chunk 282...
[2026-05-11 00:39:54] DEBUG: Event 535: Processing request chunk 778...
[2026-05-11 00:39:55] INFO: Event 536: Processing request chunk 232...
[2026-05-11 00:39:56] DEBUG: Event 537: Processing request chunk 171...
[2026-05-11 00:39:57] DEBUG: Event 538: Processing request chunk 478...
[2026-05-11 00:39:58] DEBUG: Event 539: Processing request chunk 788...
[2026-05-11 00:39:59] DEBUG: Event 540: Processing request chunk 844...
[2026-05-11 00:40:00] DEBUG: Event 541: Processing request chunk 138...
[2026-05-11 00:40:01] DEBUG: Event 542: Processing request chunk 171...
[2026-05-11 00:40:02] DEBUG: Event 543: Processing request chunk 277...
[2026-05-11 00:40:03] DEBUG: Event 544: Processing request chunk 442...
[2026-05-11 00:40:04] DEBUG: Event 545: Processing request chunk 470...
[2026-05-11 00:40:05] DEBUG: Event 546: Processing request chunk 178...
[2026-05-11 00:40:06] DEBUG: Event 547: Processing request chunk 779...
[2026-05-11 00:40:07] DEBUG: Event 548: Processing request chunk 802...
[2026-05-11 00:40:08] WARN: Event 549: Processing request chunk 687...
[2026-05-11 00:40:09] WARN: Event 550: Processing request chunk 762...
[2026-05-11 00:40:10] DEBUG: Event 551: Processing request chunk 121...
[2026-05-11 00:40:11] INFO: Event 552: Processing request chunk 115...
[2026-05-11 00:40:12] INFO: Event 553: Processing request chunk 308...
[2026-05-11 00:40:13] INFO: Event 554: Processing request chunk 376...
[2026-05-11 00:40:14] DEBUG: Event 555: Processing request chunk 733...
[2026-05-11 00:40:15] DEBUG: Event 556: Processing request chunk 156...
[2026-05-11 00:40:16] DEBUG: Event 557: Processing request chunk 216...
[2026-05-11 00:40:17] DEBUG: Event 558: Processing request chunk 600...
[2026-05-11 00:40:18] DEBUG: Event 559: Processing request chunk 406...
[2026-05-11 00:40:19] WARN: Event 560: Processing request chunk 377...
[2026-05-11 00:40:20] DEBUG: Event 561: Processing request chunk 866...
[2026-05-11 00:40:21] INFO: Event 562: Processing request chunk 456...
[2026-05-11 00:40:22] DEBUG: Event 563: Processing request chunk 914...
[2026-05-11 00:40:23] DEBUG: Event 564: Processing request chunk 926...
[2026-05-11 00:40:24] DEBUG: Event 565: Processing request chunk 834...
[2026-05-11 00:40:25] DEBUG: Event 566: Processing request chunk 243...
[2026-05-11 00:40:26] DEBUG: Event 567: Processing request chunk 484...
[2026-05-11 00:40:27] DEBUG: Event 568: Processing request chunk 537...
[2026-05-11 00:40:28] DEBUG: Event 569: Processing request chunk 432...
[2026-05-11 00:40:29] DEBUG: Event 570: Processing request chunk 853...
[2026-05-11 00:40:30] DEBUG: Event 571: Processing request chunk 213...
[2026-05-11 00:40:31] DEBUG: Event 572: Processing request chunk 688...
[2026-05-11 00:40:32] WARN: Event 573: Processing request chunk 166...
[2026-05-11 00:40:33] DEBUG: Event 574: Processing request chunk 170...
[2026-05-11 00:40:34] INFO: Event 575: Processing request chunk 363...
[2026-05-11 00:40:35] INFO: Event 576: Processing request chunk 297...
[2026-05-11 00:40:36] DEBUG: Event 577: Processing request chunk 796...
[2026-05-11 00:40:37] DEBUG: Event 578: Processing request chunk 590...
[2026-05-11 00:40:38] WARN: Event 579: Processing request chunk 769...
[2026-05-11 00:40:39] INFO: Event 580: Processing request chunk 976...
[2026-05-11 00:40:40] DEBUG: Event 581: Processing request chunk 573...
[2026-05-11 00:40:41] DEBUG: Event 582: Processing request chunk 336...
[2026-05-11 00:40:42] DEBUG: Event 583: Processing request chunk 494...
[2026-05-11 00:40:43] DEBUG: Event 584: Processing request chunk 356...
[2026-05-11 00:40:44] DEBUG: Event 585: Processing request chunk 853...
[2026-05-11 00:40:45] DEBUG: Event 586: Processing request chunk 282...
[2026-05-11 00:40:46] DEBUG: Event 587: Processing request chunk 831...
[2026-05-11 00:40:47] DEBUG: Event 588: Processing request chunk 576...
[2026-05-11 00:40:48] DEBUG: Event 589: Processing request chunk 615...
[2026-05-11 00:40:49] DEBUG: Event 590: Processing request chunk 797...
[2026-05-11 00:40:50] DEBUG: Event 591: Processing request chunk 723...
[2026-05-11 00:40:51] DEBUG: Event 592: Processing request chunk 220...
[2026-05-11 00:40:52] WARN: Event 593: Processing request chunk 319...
[2026-05-11 00:40:53] DEBUG: Event 594: Processing request chunk 157...
[2026-05-11 00:40:54] INFO: Event 595: Processing request chunk 998...
[2026-05-11 00:40:55] DEBUG: Event 596: Processing request chunk 323...
[2026-05-11 00:40:56] INFO: Event 597: Processing request chunk 176...
[2026-05-11 00:40:57] DEBUG: Event 598: Processing request chunk 892...
[2026-05-11 00:40:58] INFO: Event 599: Processing request chunk 601...
[2026-05-11 00:40:59] DEBUG: Event 600: Processing request chunk 292...
[2026-05-11 00:41:00] DEBUG: Event 601: Processing request chunk 251...
[2026-05-11 00:41:01] DEBUG: Event 602: Processing request chunk 155...
[2026-05-11 00:41:02] DEBUG: Event 603: Processing request chunk 182...
[2026-05-11 00:41:03] DEBUG: Event 604: Processing request chunk 686...
[2026-05-11 00:41:04] INFO: Event 605: Processing request chunk 422...
[2026-05-11 00:41:05] WARN: Event 606: Processing request chunk 512...
[2026-05-11 00:41:06] WARN: Event 607: Processing request chunk 988...
[2026-05-11 00:41:07] INFO: Event 608: Processing request chunk 255...
[2026-05-11 00:41:08] DEBUG: Event 609: Processing request chunk 348...
[2026-05-11 00:41:09] DEBUG: Event 610: Processing request chunk 849...
[2026-05-11 00:41:10] DEBUG: Event 611: Processing request chunk 717...
[2026-05-11 00:41:11] DEBUG: Event 612: Processing request chunk 203...
[2026-05-11 00:41:12] INFO: Event 613: Processing request chunk 559...
[2026-05-11 00:41:13] DEBUG: Event 614: Processing request chunk 852...
[2026-05-11 00:41:14] DEBUG: Event 615: Processing request chunk 762...
[2026-05-11 00:41:15] INFO: Event 616: Processing request chunk 193...
[2026-05-11 00:41:16] DEBUG: Event 617: Processing request chunk 326...
[2026-05-11 00:41:17] INFO: Event 618: Processing request chunk 900...
[2026-05-11 00:41:18] DEBUG: Event 619: Processing request chunk 317...
[2026-05-11 00:41:19] INFO: Event 620: Processing request chunk 886...
[2026-05-11 00:41:20] INFO: Event 621: Processing request chunk 359...
[2026-05-11 00:41:21] DEBUG: Event 622: Processing request chunk 679...
[2026-05-11 00:41:22] ERROR: Event 623: Processing request chunk 882...
[2026-05-11 00:41:23] DEBUG: Event 624: Processing request chunk 920...
[2026-05-11 00:41:24] DEBUG: Event 625: Processing request chunk 446...
[2026-05-11 00:41:25] DEBUG: Event 626: Processing request chunk 845...
[2026-05-11 00:41:26] INFO: Event 627: Processing request chunk 688...
[2026-05-11 00:41:27] DEBUG: Event 628: Processing request chunk 237...
[2026-05-11 00:41:28] DEBUG: Event 629: Processing request chunk 676...
[2026-05-11 00:41:29] DEBUG: Event 630: Processing request chunk 273...
[2026-05-11 00:41:30] WARN: Event 631: Processing request chunk 219...
[2026-05-11 00:41:31] DEBUG: Event 632: Processing request chunk 287...
[2026-05-11 00:41:32] DEBUG: Event 633: Processing request chunk 545...
[2026-05-11 00:41:33] INFO: Event 634: Processing request chunk 138...
[2026-05-11 00:41:34] WARN: Event 635: Processing request chunk 353...
[2026-05-11 00:41:35] DEBUG: Event 636: Processing request chunk 190...
[2026-05-11 00:41:36] DEBUG: Event 637: Processing request chunk 399...
[2026-05-11 00:41:37] DEBUG: Event 638: Processing request chunk 986...
[2026-05-11 00:41:38] INFO: Event 639: Processing request chunk 302...
[2026-05-11 00:41:39] INFO: Event 640: Processing request chunk 485...
[2026-05-11 00:41:40] DEBUG: Event 641: Processing request chunk 306...
[2026-05-11 00:41:41] INFO: Event 642: Processing request chunk 205...
[2026-05-11 00:41:42] DEBUG: Event 643: Processing request chunk 705...
[2026-05-11 00:41:43] DEBUG: Event 644: Processing request chunk 840...
[2026-05-11 00:41:44] DEBUG: Event 645: Processing request chunk 899...
[2026-05-11 00:41:45] DEBUG: Event 646: Processing request chunk 539...
[2026-05-11 00:41:46] DEBUG: Event 647: Processing request chunk 309...
[2026-05-11 00:41:47] DEBUG: Event 648: Processing request chunk 609...
[2026-05-11 00:41:48] DEBUG: Event 649: Processing request chunk 459...
[2026-05-11 00:41:49] DEBUG: Event 650: Processing request chunk 813...
[2026-05-11 00:41:50] DEBUG: Event 651: Processing request chunk 162...
[2026-05-11 00:41:51] DEBUG: Event 652: Processing request chunk 206...
[2026-05-11 00:41:52] DEBUG: Event 653: Processing request chunk 501...
[2026-05-11 00:41:53] DEBUG: Event 654: Processing request chunk 533...
[2026-05-11 00:41:54] DEBUG: Event 655: Processing request chunk 860...
[2026-05-11 00:41:55] DEBUG: Event 656: Processing request chunk 410...
[2026-05-11 00:41:56] DEBUG: Event 657: Processing request chunk 121...
[2026-05-11 00:41:57] DEBUG: Event 658: Processing request chunk 723...
[2026-05-11 00:41:58] DEBUG: Event 659: Processing request chunk 174...
[2026-05-11 00:41:59] DEBUG: Event 660: Processing request chunk 152...
[2026-05-11 00:42:00] DEBUG: Event 661: Processing request chunk 387...
[2026-05-11 00:42:01] DEBUG: Event 662: Processing request chunk 990...
[2026-05-11 00:42:02] INFO: Event 663: Processing request chunk 704...
[2026-05-11 00:42:03] DEBUG: Event 664: Processing request chunk 391...
[2026-05-11 00:42:04] WARN: Event 665: Processing request chunk 142...
[2026-05-11 00:42:05] DEBUG: Event 666: Processing request chunk 575...
[2026-05-11 00:42:06] WARN: Event 667: Processing request chunk 448...
[2026-05-11 00:42:07] DEBUG: Event 668: Processing request chunk 453...
[2026-05-11 00:42:08] INFO: Event 669: Processing request chunk 379...
[2026-05-11 00:42:09] INFO: Event 670: Processing request chunk 905...
[2026-05-11 00:42:10] DEBUG: Event 671: Processing request chunk 140...
[2026-05-11 00:42:11] WARN: Event 672: Processing request chunk 154...
[2026-05-11 00:42:12] DEBUG: Event 673: Processing request chunk 192...
[2026-05-11 00:42:13] INFO: Event 674: Processing request chunk 946...
[2026-05-11 00:42:14] DEBUG: Event 675: Processing request chunk 402...
[2026-05-11 00:42:15] DEBUG: Event 676: Processing request chunk 643...
[2026-05-11 00:42:16] WARN: Event 677: Processing request chunk 883...
[2026-05-11 00:42:17] DEBUG: Event 678: Processing request chunk 413...
[2026-05-11 00:42:18] DEBUG: Event 679: Processing request chunk 289...
[2026-05-11 00:42:19] DEBUG: Event 680: Processing request chunk 899...
[2026-05-11 00:42:20] INFO: Event 681: Processing request chunk 103...
[2026-05-11 00:42:21] INFO: Event 682: Processing request chunk 346...
[2026-05-11 00:42:22] DEBUG: Event 683: Processing request chunk 820...
[2026-05-11 00:42:23] DEBUG: Event 684: Processing request chunk 881...
[2026-05-11 00:42:24] DEBUG: Event 685: Processing request chunk 874...
[2026-05-11 00:42:25] DEBUG: Event 686: Processing request chunk 617...
[2026-05-11 00:42:26] DEBUG: Event 687: Processing request chunk 521...
[2026-05-11 00:42:27] INFO: Event 688: Processing request chunk 946...
[2026-05-11 00:42:28] DEBUG: Event 689: Processing request chunk 871...
[2026-05-11 00:42:29] DEBUG: Event 690: Processing request chunk 824...
[2026-05-11 00:42:30] DEBUG: Event 691: Processing request chunk 342...
[2026-05-11 00:42:31] DEBUG: Event 692: Processing request chunk 717...
[2026-05-11 00:42:32] DEBUG: Event 693: Processing request chunk 628...
[2026-05-11 00:42:33] CRITICAL: Event 694: FATAL SYSTEM FAILURE - Database connection lost at pool_id=7
[2026-05-11 00:42:34] DEBUG: Event 695: Processing request chunk 579...
[2026-05-11 00:42:35] DEBUG: Event 696: Processing request chunk 327...
[2026-05-11 00:42:36] DEBUG: Event 697: Processing request chunk 606...
[2026-05-11 00:42:37] DEBUG: Event 698: Processing request chunk 689...
[2026-05-11 00:42:38] INFO: Event 699: Processing request chunk 827...
[2026-05-11 00:42:39] DEBUG: Event 700: Processing request chunk 691...
[2026-05-11 00:42:40] INFO: Event 701: Processing request chunk 910...
[2026-05-11 00:42:41] DEBUG: Event 702: Processing request chunk 863...
[2026-05-11 00:42:42] DEBUG: Event 703: Processing request chunk 193...
[2026-05-11 00:42:43] INFO: Event 704: Processing request chunk 908...
[2026-05-11 00:42:44] DEBUG: Event 705: Processing request chunk 214...
[2026-05-11 00:42:45] INFO: Event 706: Processing request chunk 615...
[2026-05-11 00:42:46] INFO: Event 707: Processing request chunk 336...
[2026-05-11 00:42:47] DEBUG: Event 708: Processing request chunk 954...
[2026-05-11 00:42:48] DEBUG: Event 709: Processing request chunk 634...
[2026-05-11 00:42:49] ERROR: Event 710: Processing request chunk 153...
[2026-05-11 00:42:50] INFO: Event 711: Processing request chunk 849...
[2026-05-11 00:42:51] INFO: Event 712: Processing request chunk 498...
[2026-05-11 00:42:52] INFO: Event 713: Processing request chunk 805...
[2026-05-11 00:42:53] DEBUG: Event 714: Processing request chunk 531...
[2026-05-11 00:42:54] DEBUG: Event 715: Processing request chunk 561...
[2026-05-11 00:42:55] INFO: Event 716: Processing request chunk 293...
[2026-05-11 00:42:56] DEBUG: Event 717: Processing request chunk 853...
[2026-05-11 00:42:57] INFO: Event 718: Processing request chunk 339...
[2026-05-11 00:42:58] DEBUG: Event 719: Processing request chunk 250...
[2026-05-11 00:42:59] DEBUG: Event 720: Processing request chunk 923...
[2026-05-11 00:43:00] DEBUG: Event 721: Processing request chunk 890...
[2026-05-11 00:43:01] CRITICAL: Event 722: FATAL SYSTEM FAILURE - Database connection lost at pool_id=5
[2026-05-11 00:43:02] INFO: Event 723: Processing request chunk 182...
[2026-05-11 00:43:03] DEBUG: Event 724: Processing request chunk 269...
[2026-05-11 00:43:04] DEBUG: Event 725: Processing request chunk 402...
[2026-05-11 00:43:05] DEBUG: Event 726: Processing request chunk 353...
[2026-05-11 00:43:06] DEBUG: Event 727: Processing request chunk 185...
[2026-05-11 00:43:07] DEBUG: Event 728: Processing request chunk 779...
[2026-05-11 00:43:08] INFO: Event 729: Processing request chunk 742...
[2026-05-11 00:43:09] DEBUG: Event 730: Processing request chunk 234...
[2026-05-11 00:43:10] INFO: Event 731: Processing request chunk 691...
[2026-05-11 00:43:11] WARN: Event 732: Processing request chunk 862...
[2026-05-11 00:43:12] DEBUG: Event 733: Processing request chunk 464...
[2026-05-11 00:43:13] INFO: Event 734: Processing request chunk 356...
[2026-05-11 00:43:14] DEBUG: Event 735: Processing request chunk 382...
[2026-05-11 00:43:15] DEBUG: Event 736: Processing request chunk 198...
[2026-05-11 00:43:16] INFO: Event 737: Processing request chunk 386...
[2026-05-11 00:43:17] DEBUG: Event 738: Processing request chunk 303...
[2026-05-11 00:43:18] DEBUG: Event 739: Processing request chunk 428...
[2026-05-11 00:43:19] DEBUG: Event 740: Processing request chunk 586...
[2026-05-11 00:43:20] DEBUG: Event 741: Processing request chunk 725...
[2026-05-11 00:43:21] WARN: Event 742: Processing request chunk 423...
[2026-05-11 00:43:22] DEBUG: Event 743: Processing request chunk 294...
[2026-05-11 00:43:23] DEBUG: Event 744: Processing request chunk 493...
[2026-05-11 00:43:24] DEBUG: Event 745: Processing request chunk 403...
[2026-05-11 00:43:25] DEBUG: Event 746: Processing request chunk 859...
[2026-05-11 00:43:26] DEBUG: Event 747: Processing request chunk 433...
[2026-05-11 00:43:27] INFO: Event 748: Processing request chunk 223...
[2026-05-11 00:43:28] DEBUG: Event 749: Processing request chunk 548...
[2026-05-11 00:43:29] DEBUG: Event 750: Processing request chunk 446...
[2026-05-11 00:43:30] DEBUG: Event 751: Processing request chunk 174...
[2026-05-11 00:43:31] INFO: Event 752: Processing request chunk 838...
[2026-05-11 00:43:32] DEBUG: Event 753: Processing request chunk 316...
[2026-05-11 00:43:33] INFO: Event 754: Processing request chunk 869...
[2026-05-11 00:43:34] DEBUG: Event 755: Processing request chunk 906...
[2026-05-11 00:43:35] DEBUG: Event 756: Processing request chunk 612...
[2026-05-11 00:43:36] DEBUG: Event 757: Processing request chunk 878...
[2026-05-11 00:43:37] DEBUG: Event 758: Processing request chunk 121...
[2026-05-11 00:43:38] WARN: Event 759: Processing request chunk 462...
[2026-05-11 00:43:39] INFO: Event 760: Processing request chunk 563...
[2026-05-11 00:43:40] DEBUG: Event 761: Processing request chunk 302...
[2026-05-11 00:43:41] INFO: Event 762: Processing request chunk 969...
[2026-05-11 00:43:42] DEBUG: Event 763: Processing request chunk 449...
[2026-05-11 00:43:43] INFO: Event 764: Processing request chunk 727...
[2026-05-11 00:43:44] WARN: Event 765: Processing request chunk 274...
[2026-05-11 00:43:45] DEBUG: Event 766: Processing request chunk 734...
[2026-05-11 00:43:46] DEBUG: Event 767: Processing request chunk 973...
[2026-05-11 00:43:47] DEBUG: Event 768: Processing request chunk 317...
[2026-05-11 00:43:48] DEBUG: Event 769: Processing request chunk 509...
[2026-05-11 00:43:49] ERROR: Event 770: Processing request chunk 366...
[2026-05-11 00:43:50] DEBUG: Event 771: Processing request chunk 643...
[2026-05-11 00:43:51] DEBUG: Event 772: Processing request chunk 800...
[2026-05-11 00:43:52] INFO: Event 773: Processing request chunk 603...
[2026-05-11 00:43:53] ERROR: Event 774: Processing request chunk 910...
[2026-05-11 00:43:54] DEBUG: Event 775: Processing request chunk 940...
[2026-05-11 00:43:55] DEBUG: Event 776: Processing request chunk 563...
[2026-05-11 00:43:56] INFO: Event 777: Processing request chunk 960...
[2026-05-11 00:43:57] DEBUG: Event 778: Processing request chunk 768...
[2026-05-11 00:43:58] DEBUG: Event 779: Processing request chunk 736...
[2026-05-11 00:43:59] DEBUG: Event 780: Processing request chunk 815...
[2026-05-11 00:44:00] DEBUG: Event 781: Processing request chunk 519...
[2026-05-11 00:44:01] DEBUG: Event 782: Processing request chunk 196...
[2026-05-11 00:44:02] DEBUG: Event 783: Processing request chunk 639...
[2026-05-11 00:44:03] DEBUG: Event 784: Processing request chunk 846...
[2026-05-11 00:44:04] INFO: Event 785: Processing request chunk 173...
[2026-05-11 00:44:05] DEBUG: Event 786: Processing request chunk 723...
[2026-05-11 00:44:06] DEBUG: Event 787: Processing request chunk 912...
[2026-05-11 00:44:07] INFO: Event 788: Processing request chunk 213...
[2026-05-11 00:44:08] DEBUG: Event 789: Processing request chunk 555...
[2026-05-11 00:44:09] DEBUG: Event 790: Processing request chunk 144...
[2026-05-11 00:44:10] WARN: Event 791: Processing request chunk 763...
[2026-05-11 00:44:11] DEBUG: Event 792: Processing request chunk 819...
[2026-05-11 00:44:12] INFO: Event 793: Processing request chunk 716...
[2026-05-11 00:44:13] DEBUG: Event 794: Processing request chunk 881...
[2026-05-11 00:44:14] DEBUG: Event 795: Processing request chunk 894...
[2026-05-11 00:44:15] DEBUG: Event 796: Processing request chunk 657...
[2026-05-11 00:44:16] DEBUG: Event 797: Processing request chunk 708...
[2026-05-11 00:44:17] DEBUG: Event 798: Processing request chunk 364...
[2026-05-11 00:44:18] DEBUG: Event 799: Processing request chunk 724...
[2026-05-11 00:44:19] DEBUG: Event 800: Processing request chunk 167...
[2026-05-11 00:44:20] INFO: Event 801: Processing request chunk 167...
[2026-05-11 00:44:21] DEBUG: Event 802: Processing request chunk 787...
[2026-05-11 00:44:22] DEBUG: Event 803: Processing request chunk 162...
[2026-05-11 00:44:23] DEBUG: Event 804: Processing request chunk 746...
[2026-05-11 00:44:24] CRITICAL: Event 805: FATAL SYSTEM FAILURE - Database connection lost at pool_id=10
[2026-05-11 00:44:25] DEBUG: Event 806: Processing request chunk 394...
[2026-05-11 00:44:26] DEBUG: Event 807: Processing request chunk 721...
[2026-05-11 00:44:27] DEBUG: Event 808: Processing request chunk 131...
[2026-05-11 00:44:28] WARN: Event 809: Processing request chunk 340...
[2026-05-11 00:44:29] DEBUG: Event 810: Processing request chunk 863...
[2026-05-11 00:44:30] WARN: Event 811: Processing request chunk 834...
[2026-05-11 00:44:31] INFO: Event 812: Processing request chunk 561...
[2026-05-11 00:44:32] DEBUG: Event 813: Processing request chunk 169...
[2026-05-11 00:44:33] INFO: Event 814: Processing request chunk 697...
[2026-05-11 00:44:34] ERROR: Event 815: Processing request chunk 368...
[2026-05-11 00:44:35] INFO: Event 816: Processing request chunk 108...
[2026-05-11 00:44:36] DEBUG: Event 817: Processing request chunk 551...
[2026-05-11 00:44:37] WARN: Event 818: Processing request chunk 326...
[2026-05-11 00:44:38] INFO: Event 819: Processing request chunk 793...
[2026-05-11 00:44:39] DEBUG: Event 820: Processing request chunk 641...
[2026-05-11 00:44:40] DEBUG: Event 821: Processing request chunk 125...
[2026-05-11 00:44:41] INFO: Event 822: Processing request chunk 280...
[2026-05-11 00:44:42] DEBUG: Event 823: Processing request chunk 771...
[2026-05-11 00:44:43] INFO: Event 824: Processing request chunk 475...
[2026-05-11 00:44:44] DEBUG: Event 825: Processing request chunk 731...
[2026-05-11 00:44:45] DEBUG: Event 826: Processing request chunk 949...
[2026-05-11 00:44:46] DEBUG: Event 827: Processing request chunk 160...
[2026-05-11 00:44:47] DEBUG: Event 828: Processing request chunk 365...
[2026-05-11 00:44:48] DEBUG: Event 829: Processing request chunk 360...
[2026-05-11 00:44:49] INFO: Event 830: Processing request chunk 835...
[2026-05-11 00:44:50] DEBUG: Event 831: Processing request chunk 801...
[2026-05-11 00:44:51] DEBUG: Event 832: Processing request chunk 313...
[2026-05-11 00:44:52] WARN: Event 833: Processing request chunk 143...
[2026-05-11 00:44:53] DEBUG: Event 834: Processing request chunk 587...
[2026-05-11 00:44:54] INFO: Event 835: Processing request chunk 587...
[2026-05-11 00:44:55] WARN: Event 836: Processing request chunk 343...
[2026-05-11 00:44:56] DEBUG: Event 837: Processing request chunk 365...
[2026-05-11 00:44:57] DEBUG: Event 838: Processing request chunk 595...
[2026-05-11 00:44:58] DEBUG: Event 839: Processing request chunk 918...
[2026-05-11 00:44:59] INFO: Event 840: Processing request chunk 575...
[2026-05-11 00:45:00] DEBUG: Event 841: Processing request chunk 957...
[2026-05-11 00:45:01] DEBUG: Event 842: Processing request chunk 776...
[2026-05-11 00:45:02] INFO: Event 843: Processing request chunk 655...
[2026-05-11 00:45:03] DEBUG: Event 844: Processing request chunk 846...
[2026-05-11 00:45:04] INFO: Event 845: Processing request chunk 869...
[2026-05-11 00:45:05] DEBUG: Event 846: Processing request chunk 101...
[2026-05-11 00:45:06] DEBUG: Event 847: Processing request chunk 297...
[2026-05-11 00:45:07] DEBUG: Event 848: Processing request chunk 543...
[2026-05-11 00:45:08] DEBUG: Event 849: Processing request chunk 104...
[2026-05-11 00:45:09] DEBUG: Event 850: Processing request chunk 936...
[2026-05-11 00:45:10] DEBUG: Event 851: Processing request chunk 357...
[2026-05-11 00:45:11] DEBUG: Event 852: Processing request chunk 840...
[2026-05-11 00:45:12] DEBUG: Event 853: Processing request chunk 599...
[2026-05-11 00:45:13] DEBUG: Event 854: Processing request chunk 647...
[2026-05-11 00:45:14] WARN: Event 855: Processing request chunk 883...
[2026-05-11 00:45:15] DEBUG: Event 856: Processing request chunk 156...
[2026-05-11 00:45:16] DEBUG: Event 857: Processing request chunk 761...
[2026-05-11 00:45:17] INFO: Event 858: Processing request chunk 668...
[2026-05-11 00:45:18] INFO: Event 859: Processing request chunk 319...
[2026-05-11 00:45:19] CRITICAL: Event 860: FATAL SYSTEM FAILURE - Database connection lost at pool_id=7
[2026-05-11 00:45:20] DEBUG: Event 861: Processing request chunk 230...
[2026-05-11 00:45:21] INFO: Event 862: Processing request chunk 396...
[2026-05-11 00:45:22] DEBUG: Event 863: Processing request chunk 349...
[2026-05-11 00:45:23] INFO: Event 864: Processing request chunk 194...
[2026-05-11 00:45:24] DEBUG: Event 865: Processing request chunk 746...
[2026-05-11 00:45:25] INFO: Event 866: Processing request chunk 952...
[2026-05-11 00:45:26] DEBUG: Event 867: Processing request chunk 250...
[2026-05-11 00:45:27] DEBUG: Event 868: Processing request chunk 853...
[2026-05-11 00:45:28] DEBUG: Event 869: Processing request chunk 652...
[2026-05-11 00:45:29] DEBUG: Event 870: Processing request chunk 605...
[2026-05-11 00:45:30] ERROR: Event 871: Processing request chunk 219...
[2026-05-11 00:45:31] DEBUG: Event 872: Processing request chunk 397...
[2026-05-11 00:45:32] DEBUG: Event 873: Processing request chunk 357...
[2026-05-11 00:45:33] DEBUG: Event 874: Processing request chunk 892...
[2026-05-11 00:45:34] DEBUG: Event 875: Processing request chunk 757...
[2026-05-11 00:45:35] DEBUG: Event 876: Processing request chunk 109...
[2026-05-11 00:45:36] DEBUG: Event 877: Processing request chunk 497...
[2026-05-11 00:45:37] DEBUG: Event 878: Processing request chunk 759...
[2026-05-11 00:45:38] INFO: Event 879: Processing request chunk 940...
[2026-05-11 00:45:39] DEBUG: Event 880: Processing request chunk 487...
[2026-05-11 00:45:40] DEBUG: Event 881: Processing request chunk 871...
[2026-05-11 00:45:41] DEBUG: Event 882: Processing request chunk 751...
[2026-05-11 00:45:42] DEBUG: Event 883: Processing request chunk 966...
[2026-05-11 00:45:43] DEBUG: Event 884: Processing request chunk 506...
[2026-05-11 00:45:44] DEBUG: Event 885: Processing request chunk 942...
[2026-05-11 00:45:45] INFO: Event 886: Processing request chunk 880...
[2026-05-11 00:45:46] DEBUG: Event 887: Processing request chunk 774...
[2026-05-11 00:45:47] INFO: Event 888: Processing request chunk 607...
[2026-05-11 00:45:48] WARN: Event 889: Processing request chunk 115...
[2026-05-11 00:45:49] DEBUG: Event 890: Processing request chunk 117...
[2026-05-11 00:45:50] DEBUG: Event 891: Processing request chunk 425...
[2026-05-11 00:45:51] DEBUG: Event 892: Processing request chunk 571...
[2026-05-11 00:45:52] INFO: Event 893: Processing request chunk 800...
[2026-05-11 00:45:53] DEBUG: Event 894: Processing request chunk 188...
[2026-05-11 00:45:54] DEBUG: Event 895: Processing request chunk 235...
[2026-05-11 00:45:55] INFO: Event 896: Processing request chunk 114...
[2026-05-11 00:45:56] DEBUG: Event 897: Processing request chunk 317...
[2026-05-11 00:45:57] DEBUG: Event 898: Processing request chunk 660...
[2026-05-11 00:45:58] DEBUG: Event 899: Processing request chunk 163...
[2026-05-11 00:45:59] DEBUG: Event 900: Processing request chunk 582...
[2026-05-11 00:46:00] DEBUG: Event 901: Processing request chunk 551...
[2026-05-11 00:46:01] DEBUG: Event 902: Processing request chunk 206...
[2026-05-11 00:46:02] DEBUG: Event 903: Processing request chunk 720...
[2026-05-11 00:46:03] DEBUG: Event 904: Processing request chunk 751...
[2026-05-11 00:46:04] INFO: Event 905: Processing request chunk 597...
[2026-05-11 00:46:05] DEBUG: Event 906: Processing request chunk 840...
[2026-05-11 00:46:06] DEBUG: Event 907: Processing request chunk 262...
[2026-05-11 00:46:07] DEBUG: Event 908: Processing request chunk 153...
[2026-05-11 00:46:08] DEBUG: Event 909: Processing request chunk 393...
[2026-05-11 00:46:09] DEBUG: Event 910: Processing request chunk 327...
[2026-05-11 00:46:10] DEBUG: Event 911: Processing request chunk 169...
[2026-05-11 00:46:11] DEBUG: Event 912: Processing request chunk 661...
[2026-05-11 00:46:12] INFO: Event 913: Processing request chunk 874...
[2026-05-11 00:46:13] INFO: Event 914: Processing request chunk 872...
[2026-05-11 00:46:14] DEBUG: Event 915: Processing request chunk 606...
[2026-05-11 00:46:15] DEBUG: Event 916: Processing request chunk 855...
[2026-05-11 00:46:16] DEBUG: Event 917: Processing request chunk 620...
[2026-05-11 00:46:17] DEBUG: Event 918: Processing request chunk 590...
[2026-05-11 00:46:18] DEBUG: Event 919: Processing request chunk 159...
[2026-05-11 00:46:19] DEBUG: Event 920: Processing request chunk 466...
[2026-05-11 00:46:20] DEBUG: Event 921: Processing request chunk 568...
[2026-05-11 00:46:21] DEBUG: Event 922: Processing request chunk 577...
[2026-05-11 00:46:22] DEBUG: Event 923: Processing request chunk 514...
[2026-05-11 00:46:23] WARN: Event 924: Processing request chunk 420...
[2026-05-11 00:46:24] DEBUG: Event 925: Processing request chunk 115...
[2026-05-11 00:46:25] DEBUG: Event 926: Processing request chunk 694...
[2026-05-11 00:46:26] INFO: Event 927: Processing request chunk 588...
[2026-05-11 00:46:27] DEBUG: Event 928: Processing request chunk 693...
[2026-05-11 00:46:28] DEBUG: Event 929: Processing request chunk 356...
[2026-05-11 00:46:29] DEBUG: Event 930: Processing request chunk 223...
[2026-05-11 00:46:30] DEBUG: Event 931: Processing request chunk 521...
[2026-05-11 00:46:31] DEBUG: Event 932: Processing request chunk 129...
[2026-05-11 00:46:32] DEBUG: Event 933: Processing request chunk 446...
[2026-05-11 00:46:33] DEBUG: Event 934: Processing request chunk 279...
[2026-05-11 00:46:34] INFO: Event 935: Processing request chunk 407...
[2026-05-11 00:46:35] WARN: Event 936: Processing request chunk 169...
[2026-05-11 00:46:36] DEBUG: Event 937: Processing request chunk 162...
[2026-05-11 00:46:37] WARN: Event 938: Processing request chunk 199...
[2026-05-11 00:46:38] DEBUG: Event 939: Processing request chunk 577...
[2026-05-11 00:46:39] DEBUG: Event 940: Processing request chunk 795...
[2026-05-11 00:46:40] DEBUG: Event 941: Processing request chunk 540...
[2026-05-11 00:46:41] DEBUG: Event 942: Processing request chunk 469...
[2026-05-11 00:46:42] DEBUG: Event 943: Processing request chunk 800...
[2026-05-11 00:46:43] DEBUG: Event 944: Processing request chunk 858...
[2026-05-11 00:46:44] DEBUG: Event 945: Processing request chunk 202...
[2026-05-11 00:46:45] INFO: Event 946: Processing request chunk 872...
[2026-05-11 00:46:46] DEBUG: Event 947: Processing request chunk 248...
[2026-05-11 00:46:47] DEBUG: Event 948: Processing request chunk 946...
[2026-05-11 00:46:48] INFO: Event 949: Processing request chunk 212...
[2026-05-11 00:46:49] WARN: Event 950: Processing request chunk 231...
[2026-05-11 00:46:50] DEBUG: Event 951: Processing request chunk 566...
[2026-05-11 00:46:51] DEBUG: Event 952: Processing request chunk 676...
[2026-05-11 00:46:52] DEBUG: Event 953: Processing request chunk 445...
[2026-05-11 00:46:53] INFO: Event 954: Processing request chunk 468...
[2026-05-11 00:46:54] DEBUG: Event 955: Processing request chunk 638...
[2026-05-11 00:46:55] ERROR: Event 956: Processing request chunk 766...
[2026-05-11 00:46:56] DEBUG: Event 957: Processing request chunk 502...
[2026-05-11 00:46:57] INFO: Event 958: Processing request chunk 444...
[2026-05-11 00:46:58] DEBUG: Event 959: Processing request chunk 191...
[2026-05-11 00:46:59] INFO: Event 960: Processing request chunk 412...
[2026-05-11 00:47:00] INFO: Event 961: Processing request chunk 826...
[2026-05-11 00:47:01] DEBUG: Event 962: Processing request chunk 620...
[2026-05-11 00:47:02] INFO: Event 963: Processing request chunk 899...
[2026-05-11 00:47:03] DEBUG: Event 964: Processing request chunk 692...
[2026-05-11 00:47:04] DEBUG: Event 965: Processing request chunk 869...
[2026-05-11 00:47:05] INFO: Event 966: Processing request chunk 665...
[2026-05-11 00:47:06] WARN: Event 967: Processing request chunk 834...
[2026-05-11 00:47:07] DEBUG: Event 968: Processing request chunk 647...
[2026-05-11 00:47:08] DEBUG: Event 969: Processing request chunk 750...
[2026-05-11 00:47:09] DEBUG: Event 970: Processing request chunk 725...
[2026-05-11 00:47:10] DEBUG: Event 971: Processing request chunk 664...
[2026-05-11 00:47:11] ERROR: Event 972: Processing request chunk 633...
[2026-05-11 00:47:12] WARN: Event 973: Processing request chunk 235...
[2026-05-11 00:47:13] DEBUG: Event 974: Processing request chunk 633...
[2026-05-11 00:47:14] WARN: Event 975: Processing request chunk 200...
[2026-05-11 00:47:15] DEBUG: Event 976: Processing request chunk 100...
[2026-05-11 00:47:16] INFO: Event 977: Processing request chunk 198...
[2026-05-11 00:47:17] DEBUG: Event 978: Processing request chunk 105...
[2026-05-11 00:47:18] DEBUG: Event 979: Processing request chunk 813...
[2026-05-11 00:47:19] DEBUG: Event 980: Processing request chunk 981...
[2026-05-11 00:47:20] DEBUG: Event 981: Processing request chunk 133...
[2026-05-11 00:47:21] DEBUG: Event 982: Processing request chunk 230...
[2026-05-11 00:47:22] DEBUG: Event 983: Processing request chunk 523...
[2026-05-11 00:47:23] INFO: Event 984: Processing request chunk 577...
[2026-05-11 00:47:24] DEBUG: Event 985: Processing request chunk 682...
[2026-05-11 00:47:25] DEBUG: Event 986: Processing request chunk 483...
[2026-05-11 00:47:26] DEBUG: Event 987: Processing request chunk 549...
[2026-05-11 00:47:27] INFO: Event 988: Processing request chunk 358...
[2026-05-11 00:47:28] WARN: Event 989: Processing request chunk 558...
[2026-05-11 00:47:29] DEBUG: Event 990: Processing request chunk 319...
[2026-05-11 00:47:30] DEBUG: Event 991: Processing request chunk 212...
[2026-05-11 00:47:31] DEBUG: Event 992: Processing request chunk 679...
[2026-05-11 00:47:32] INFO: Event 993: Processing request chunk 270...
[2026-05-11 00:47:33] DEBUG: Event 994: Processing request chunk 602...
[2026-05-11 00:47:34] DEBUG: Event 995: Processing request chunk 742...
[2026-05-11 00:47:35] INFO: Event 996: Processing request chunk 999...
[2026-05-11 00:47:36] DEBUG: Event 997: Processing request chunk 240...
[2026-05-11 00:47:37] DEBUG: Event 998: Processing request chunk 706...
[2026-05-11 00:47:38] DEBUG: Event 999: Processing request chunk 174...
[2026-05-11 00:47:39] INFO: Event 1000: Processing request chunk 903...
[2026-05-11 00:47:40] DEBUG: Event 1001: Processing request chunk 107...
[2026-05-11 00:47:41] DEBUG: Event 1002: Processing request chunk 275...
[2026-05-11 00:47:42] DEBUG: Event 1003: Processing request chunk 344...
[2026-05-11 00:47:43] DEBUG: Event 1004: Processing request chunk 205...
[2026-05-11 00:47:44] DEBUG: Event 1005: Processing request chunk 976...
[2026-05-11 00:47:45] DEBUG: Event 1006: Processing request chunk 274...
[2026-05-11 00:47:46] INFO: Event 1007: Processing request chunk 876...
[2026-05-11 00:47:47] WARN: Event 1008: Processing request chunk 751...
[2026-05-11 00:47:48] DEBUG: Event 1009: Processing request chunk 130...
[2026-05-11 00:47:49] DEBUG: Event 1010: Processing request chunk 403...
[2026-05-11 00:47:50] DEBUG: Event 1011: Processing request chunk 495...
[2026-05-11 00:47:51] INFO: Event 1012: Processing request chunk 367...
[2026-05-11 00:47:52] DEBUG: Event 1013: Processing request chunk 342...
[2026-05-11 00:47:53] DEBUG: Event 1014: Processing request chunk 136...
[2026-05-11 00:47:54] INFO: Event 1015: Processing request chunk 299...
[2026-05-11 00:47:55] DEBUG: Event 1016: Processing request chunk 895...
[2026-05-11 00:47:56] DEBUG: Event 1017: Processing request chunk 821...
[2026-05-11 00:47:57] DEBUG: Event 1018: Processing request chunk 652...
[2026-05-11 00:47:58] DEBUG: Event 1019: Processing request chunk 201...
[2026-05-11 00:47:59] INFO: Event 1020: Processing request chunk 164...
[2026-05-11 00:48:00] DEBUG: Event 1021: Processing request chunk 229...
[2026-05-11 00:48:01] DEBUG: Event 1022: Processing request chunk 915...
[2026-05-11 00:48:02] DEBUG: Event 1023: Processing request chunk 709...
[2026-05-11 00:48:03] INFO: Event 1024: Processing request chunk 758...
[2026-05-11 00:48:04] DEBUG: Event 1025: Processing request chunk 202...
[2026-05-11 00:48:05] DEBUG: Event 1026: Processing request chunk 771...
[2026-05-11 00:48:06] INFO: Event 1027: Processing request chunk 259...
[2026-05-11 00:48:07] DEBUG: Event 1028: Processing request chunk 811...
[2026-05-11 00:48:08] DEBUG: Event 1029: Processing request chunk 434...
[2026-05-11 00:48:09] DEBUG: Event 1030: Processing request chunk 670...
[2026-05-11 00:48:10] DEBUG: Event 1031: Processing request chunk 826...
[2026-05-11 00:48:11] DEBUG: Event 1032: Processing request chunk 441...
[2026-05-11 00:48:12] DEBUG: Event 1033: Processing request chunk 669...
[2026-05-11 00:48:13] DEBUG: Event 1034: Processing request chunk 201...
[2026-05-11 00:48:14] WARN: Event 1035: Processing request chunk 709...
[2026-05-11 00:48:15] DEBUG: Event 1036: Processing request chunk 304...
[2026-05-11 00:48:16] WARN: Event 1037: Processing request chunk 746...
[2026-05-11 00:48:17] DEBUG: Event 1038: Processing request chunk 286...
[2026-05-11 00:48:18] DEBUG: Event 1039: Processing request chunk 315...
[2026-05-11 00:48:19] DEBUG: Event 1040: Processing request chunk 740...
[2026-05-11 00:48:20] DEBUG: Event 1041: Processing request chunk 993...
[2026-05-11 00:48:21] DEBUG: Event 1042: Processing request chunk 505...
[2026-05-11 00:48:22] INFO: Event 1043: Processing request chunk 291...
[2026-05-11 00:48:23] DEBUG: Event 1044: Processing request chunk 235...
[2026-05-11 00:48:24] DEBUG: Event 1045: Processing request chunk 966...
[2026-05-11 00:48:25] DEBUG: Event 1046: Processing request chunk 585...
[2026-05-11 00:48:26] DEBUG: Event 1047: Processing request chunk 365...
[2026-05-11 00:48:27] DEBUG: Event 1048: Processing request chunk 480...
[2026-05-11 00:48:28] DEBUG: Event 1049: Processing request chunk 250...
[2026-05-11 00:48:29] WARN: Event 1050: Processing request chunk 854...
[2026-05-11 00:48:30] DEBUG: Event 1051: Processing request chunk 396...
[2026-05-11 00:48:31] DEBUG: Event 1052: Processing request chunk 516...
[2026-05-11 00:48:32] DEBUG: Event 1053: Processing request chunk 433...
[2026-05-11 00:48:33] DEBUG: Event 1054: Processing request chunk 361...
[2026-05-11 00:48:34] DEBUG: Event 1055: Processing request chunk 510...
[2026-05-11 00:48:35] INFO: Event 1056: Processing request chunk 197...
[2026-05-11 00:48:36] DEBUG: Event 1057: Processing request chunk 176...
[2026-05-11 00:48:37] DEBUG: Event 1058: Processing request chunk 937...
[2026-05-11 00:48:38] DEBUG: Event 1059: Processing request chunk 731...
[2026-05-11 00:48:39] WARN: Event 1060: Processing request chunk 851...
[2026-05-11 00:48:40] DEBUG: Event 1061: Processing request chunk 955...
[2026-05-11 00:48:41] INFO: Event 1062: Processing request chunk 926...
[2026-05-11 00:48:42] DEBUG: Event 1063: Processing request chunk 846...
[2026-05-11 00:48:43] DEBUG: Event 1064: Processing request chunk 383...
[2026-05-11 00:48:44] INFO: Event 1065: Processing request chunk 351...
[2026-05-11 00:48:45] DEBUG: Event 1066: Processing request chunk 796...
[2026-05-11 00:48:46] DEBUG: Event 1067: Processing request chunk 728...
[2026-05-11 00:48:47] DEBUG: Event 1068: Processing request chunk 131...
[2026-05-11 00:48:48] WARN: Event 1069: Processing request chunk 163...
[2026-05-11 00:48:49] DEBUG: Event 1070: Processing request chunk 202...
[2026-05-11 00:48:50] DEBUG: Event 1071: Processing request chunk 296...
[2026-05-11 00:48:51] DEBUG: Event 1072: Processing request chunk 707...
[2026-05-11 00:48:52] INFO: Event 1073: Processing request chunk 516...
[2026-05-11 00:48:53] DEBUG: Event 1074: Processing request chunk 507...
[2026-05-11 00:48:54] DEBUG: Event 1075: Processing request chunk 387...
[2026-05-11 00:48:55] DEBUG: Event 1076: Processing request chunk 945...
[2026-05-11 00:48:56] DEBUG: Event 1077: Processing request chunk 407...
[2026-05-11 00:48:57] DEBUG: Event 1078: Processing request chunk 704...
[2026-05-11 00:48:58] DEBUG: Event 1079: Processing request chunk 469...
[2026-05-11 00:48:59] INFO: Event 1080: Processing request chunk 884...
[2026-05-11 00:49:00] DEBUG: Event 1081: Processing request chunk 669...
[2026-05-11 00:49:01] DEBUG: Event 1082: Processing request chunk 257...
[2026-05-11 00:49:02] INFO: Event 1083: Processing request chunk 369...
[2026-05-11 00:49:03] DEBUG: Event 1084: Processing request chunk 296...
[2026-05-11 00:49:04] DEBUG: Event 1085: Processing request chunk 536...
[2026-05-11 00:49:05] WARN: Event 1086: Processing request chunk 280...
[2026-05-11 00:49:06] DEBUG: Event 1087: Processing request chunk 442...
[2026-05-11 00:49:07] DEBUG: Event 1088: Processing request chunk 918...
[2026-05-11 00:49:08] DEBUG: Event 1089: Processing request chunk 324...
[2026-05-11 00:49:09] DEBUG: Event 1090: Processing request chunk 328...
[2026-05-11 00:49:10] DEBUG: Event 1091: Processing request chunk 786...
[2026-05-11 00:49:11] DEBUG: Event 1092: Processing request chunk 837...
[2026-05-11 00:49:12] INFO: Event 1093: Processing request chunk 982...
[2026-05-11 00:49:13] INFO: Event 1094: Processing request chunk 138...
[2026-05-11 00:49:14] WARN: Event 1095: Processing request chunk 464...
[2026-05-11 00:49:15] INFO: Event 1096: Processing request chunk 776...
[2026-05-11 00:49:16] INFO: Event 1097: Processing request chunk 632...
[2026-05-11 00:49:17] DEBUG: Event 1098: Processing request chunk 812...
[2026-05-11 00:49:18] DEBUG: Event 1099: Processing request chunk 981...
[2026-05-11 00:49:19] INFO: Event 1100: Processing request chunk 891...
[2026-05-11 00:49:20] WARN: Event 1101: Processing request chunk 200...
[2026-05-11 00:49:21] INFO: Event 1102: Processing request chunk 916...
[2026-05-11 00:49:22] WARN: Event 1103: Processing request chunk 635...
[2026-05-11 00:49:23] DEBUG: Event 1104: Processing request chunk 175...
[2026-05-11 00:49:24] DEBUG: Event 1105: Processing request chunk 173...
[2026-05-11 00:49:25] DEBUG: Event 1106: Processing request chunk 618...
[2026-05-11 00:49:26] DEBUG: Event 1107: Processing request chunk 860...
[2026-05-11 00:49:27] DEBUG: Event 1108: Processing request chunk 902...
[2026-05-11 00:49:28] DEBUG: Event 1109: Processing request chunk 510...
[2026-05-11 00:49:29] DEBUG: Event 1110: Processing request chunk 630...
[2026-05-11 00:49:30] DEBUG: Event 1111: Processing request chunk 768...
[2026-05-11 00:49:31] DEBUG: Event 1112: Processing request chunk 591...
[2026-05-11 00:49:32] DEBUG: Event 1113: Processing request chunk 168...
[2026-05-11 00:49:33] DEBUG: Event 1114: Processing request chunk 277...
[2026-05-11 00:49:34] INFO: Event 1115: Processing request chunk 224...
[2026-05-11 00:49:35] DEBUG: Event 1116: Processing request chunk 524...
[2026-05-11 00:49:36] DEBUG: Event 1117: Processing request chunk 428...
[2026-05-11 00:49:37] INFO: Event 1118: Processing request chunk 523...
[2026-05-11 00:49:38] DEBUG: Event 1119: Processing request chunk 714...
[2026-05-11 00:49:39] DEBUG: Event 1120: Processing request chunk 454...
[2026-05-11 00:49:40] DEBUG: Event 1121: Processing request chunk 335...
[2026-05-11 00:49:41] DEBUG: Event 1122: Processing request chunk 251...
[2026-05-11 00:49:42] INFO: Event 1123: Processing request chunk 575...
[2026-05-11 00:49:43] DEBUG: Event 1124: Processing request chunk 939...
[2026-05-11 00:49:44] DEBUG: Event 1125: Processing request chunk 666...
[2026-05-11 00:49:45] DEBUG: Event 1126: Processing request chunk 999...
[2026-05-11 00:49:46] DEBUG: Event 1127: Processing request chunk 140...
[2026-05-11 00:49:47] DEBUG: Event 1128: Processing request chunk 168...
[2026-05-11 00:49:48] DEBUG: Event 1129: Processing request chunk 785...
[2026-05-11 00:49:49] WARN: Event 1130: Processing request chunk 831...
[2026-05-11 00:49:50] DEBUG: Event 1131: Processing request chunk 514...
[2026-05-11 00:49:51] ERROR: Event 1132: Processing request chunk 875...
[2026-05-11 00:49:52] INFO: Event 1133: Processing request chunk 183...
[2026-05-11 00:49:53] WARN: Event 1134: Processing request chunk 859...
[2026-05-11 00:49:54] DEBUG: Event 1135: Processing request chunk 463...
[2026-05-11 00:49:55] DEBUG: Event 1136: Processing request chunk 372...
[2026-05-11 00:49:56] DEBUG: Event 1137: Processing request chunk 889...
[2026-05-11 00:49:57] DEBUG: Event 1138: Processing request chunk 394...
[2026-05-11 00:49:58] DEBUG: Event 1139: Processing request chunk 260...
[2026-05-11 00:49:59] DEBUG: Event 1140: Processing request chunk 883...
[2026-05-11 00:50:00] DEBUG: Event 1141: Processing request chunk 892...
[2026-05-11 00:50:01] DEBUG: Event 1142: Processing request chunk 655...
[2026-05-11 00:50:02] INFO: Event 1143: Processing request chunk 392...
[2026-05-11 00:50:03] DEBUG: Event 1144: Processing request chunk 269...
[2026-05-11 00:50:04] ERROR: Event 1145: Processing request chunk 640...
[2026-05-11 00:50:05] DEBUG: Event 1146: Processing request chunk 635...
[2026-05-11 00:50:06] INFO: Event 1147: Processing request chunk 884...
[2026-05-11 00:50:07] DEBUG: Event 1148: Processing request chunk 493...
[2026-05-11 00:50:08] INFO: Event 1149: Processing request chunk 651...
[2026-05-11 00:50:09] DEBUG: Event 1150: Processing request chunk 790...
[2026-05-11 00:50:10] DEBUG: Event 1151: Processing request chunk 529...
[2026-05-11 00:50:11] DEBUG: Event 1152: Processing request chunk 216...
[2026-05-11 00:50:12] INFO: Event 1153: Processing request chunk 531...
[2026-05-11 00:50:13] INFO: Event 1154: Processing request chunk 327...
[2026-05-11 00:50:14] DEBUG: Event 1155: Processing request chunk 231...
[2026-05-11 00:50:15] DEBUG: Event 1156: Processing request chunk 446...
[2026-05-11 00:50:16] DEBUG: Event 1157: Processing request chunk 888...
[2026-05-11 00:50:17] DEBUG: Event 1158: Processing request chunk 336...
[2026-05-11 00:50:18] DEBUG: Event 1159: Processing request chunk 483...
[2026-05-11 00:50:19] INFO: Event 1160: Processing request chunk 534...
[2026-05-11 00:50:20] DEBUG: Event 1161: Processing request chunk 957...
[2026-05-11 00:50:21] INFO: Event 1162: Processing request chunk 314...
[2026-05-11 00:50:22] DEBUG: Event 1163: Processing request chunk 700...
[2026-05-11 00:50:23] CRITICAL: Event 1164: FATAL SYSTEM FAILURE - Database connection lost at pool_id=7
[2026-05-11 00:50:24] DEBUG: Event 1165: Processing request chunk 518...
[2026-05-11 00:50:25] DEBUG: Event 1166: Processing request chunk 199...
[2026-05-11 00:50:26] DEBUG: Event 1167: Processing request chunk 803...
[2026-05-11 00:50:27] DEBUG: Event 1168: Processing request chunk 528...
[2026-05-11 00:50:28] DEBUG: Event 1169: Processing request chunk 411...
[2026-05-11 00:50:29] INFO: Event 1170: Processing request chunk 114...
[2026-05-11 00:50:30] DEBUG: Event 1171: Processing request chunk 668...
[2026-05-11 00:50:31] DEBUG: Event 1172: Processing request chunk 408...
[2026-05-11 00:50:32] INFO: Event 1173: Processing request chunk 260...
[2026-05-11 00:50:33] DEBUG: Event 1174: Processing request chunk 781...
[2026-05-11 00:50:34] DEBUG: Event 1175: Processing request chunk 334...
[2026-05-11 00:50:35] DEBUG: Event 1176: Processing request chunk 565...
[2026-05-11 00:50:36] WARN: Event 1177: Processing request chunk 343...
[2026-05-11 00:50:37] DEBUG: Event 1178: Processing request chunk 292...
[2026-05-11 00:50:38] INFO: Event 1179: Processing request chunk 815...
[2026-05-11 00:50:39] DEBUG: Event 1180: Processing request chunk 988...
[2026-05-11 00:50:40] DEBUG: Event 1181: Processing request chunk 863...
[2026-05-11 00:50:41] DEBUG: Event 1182: Processing request chunk 905...
[2026-05-11 00:50:42] DEBUG: Event 1183: Processing request chunk 329...
[2026-05-11 00:50:43] DEBUG: Event 1184: Processing request chunk 275...
[2026-05-11 00:50:44] CRITICAL: Event 1185: FATAL SYSTEM FAILURE - Database connection lost at pool_id=5
[2026-05-11 00:50:45] WARN: Event 1186: Processing request chunk 276...
[2026-05-11 00:50:46] DEBUG: Event 1187: Processing request chunk 334...
[2026-05-11 00:50:47] DEBUG: Event 1188: Processing request chunk 978...
[2026-05-11 00:50:48] DEBUG: Event 1189: Processing request chunk 123...
[2026-05-11 00:50:49] DEBUG: Event 1190: Processing request chunk 301...
[2026-05-11 00:50:50] DEBUG: Event 1191: Processing request chunk 532...
[2026-05-11 00:50:51] DEBUG: Event 1192: Processing request chunk 294...
[2026-05-11 00:50:52] DEBUG: Event 1193: Processing request chunk 191...
[2026-05-11 00:50:53] ERROR: Event 1194: Processing request chunk 434...
[2026-05-11 00:50:54] DEBUG: Event 1195: Processing request chunk 941...
[2026-05-11 00:50:55] DEBUG: Event 1196: Processing request chunk 820...
[2026-05-11 00:50:56] DEBUG: Event 1197: Processing request chunk 941...
[2026-05-11 00:50:57] INFO: Event 1198: Processing request chunk 712...
[2026-05-11 00:50:58] DEBUG: Event 1199: Processing request chunk 375...
[2026-05-11 00:50:59] DEBUG: Event 1200: Processing request chunk 182...
[2026-05-11 00:51:00] DEBUG: Event 1201: Processing request chunk 170...
[2026-05-11 00:51:01] DEBUG: Event 1202: Processing request chunk 626...
[2026-05-11 00:51:02] INFO: Event 1203: Processing request chunk 844...
[2026-05-11 00:51:03] INFO: Event 1204: Processing request chunk 691...
[2026-05-11 00:51:04] DEBUG: Event 1205: Processing request chunk 818...
[2026-05-11 00:51:05] DEBUG: Event 1206: Processing request chunk 937...
[2026-05-11 00:51:06] DEBUG: Event 1207: Processing request chunk 410...
[2026-05-11 00:51:07] WARN: Event 1208: Processing request chunk 939...
[2026-05-11 00:51:08] DEBUG: Event 1209: Processing request chunk 683...
[2026-05-11 00:51:09] DEBUG: Event 1210: Processing request chunk 925...
[2026-05-11 00:51:10] DEBUG: Event 1211: Processing request chunk 472...
[2026-05-11 00:51:11] DEBUG: Event 1212: Processing request chunk 246...
[2026-05-11 00:51:12] DEBUG: Event 1213: Processing request chunk 947...
[2026-05-11 00:51:13] DEBUG: Event 1214: Processing request chunk 319...
[2026-05-11 00:51:14] DEBUG: Event 1215: Processing request chunk 603...
[2026-05-11 00:51:15] DEBUG: Event 1216: Processing request chunk 208...
[2026-05-11 00:51:16] INFO: Event 1217: Processing request chunk 301...
[2026-05-11 00:51:17] WARN: Event 1218: Processing request chunk 470...
[2026-05-11 00:51:18] DEBUG: Event 1219: Processing request chunk 681...
[2026-05-11 00:51:19] DEBUG: Event 1220: Processing request chunk 672...
[2026-05-11 00:51:20] DEBUG: Event 1221: Processing request chunk 769...
[2026-05-11 00:51:21] ERROR: Event 1222: Processing request chunk 936...
[2026-05-11 00:51:22] DEBUG: Event 1223: Processing request chunk 197...
[2026-05-11 00:51:23] DEBUG: Event 1224: Processing request chunk 488...
[2026-05-11 00:51:24] INFO: Event 1225: Processing request chunk 165...
[2026-05-11 00:51:25] DEBUG: Event 1226: Processing request chunk 827...
[2026-05-11 00:51:26] DEBUG: Event 1227: Processing request chunk 402...
[2026-05-11 00:51:27] ERROR: Event 1228: Processing request chunk 554...
[2026-05-11 00:51:28] DEBUG: Event 1229: Processing request chunk 533...
[2026-05-11 00:51:29] DEBUG: Event 1230: Processing request chunk 830...
[2026-05-11 00:51:30] DEBUG: Event 1231: Processing request chunk 862...
[2026-05-11 00:51:31] DEBUG: Event 1232: Processing request chunk 954...
[2026-05-11 00:51:32] DEBUG: Event 1233: Processing request chunk 928...
[2026-05-11 00:51:33] DEBUG: Event 1234: Processing request chunk 463...
[2026-05-11 00:51:34] INFO: Event 1235: Processing request chunk 276...
[2026-05-11 00:51:35] INFO: Event 1236: Processing request chunk 485...
[2026-05-11 00:51:36] DEBUG: Event 1237: Processing request chunk 734...
[2026-05-11 00:51:37] INFO: Event 1238: Processing request chunk 755...
[2026-05-11 00:51:38] DEBUG: Event 1239: Processing request chunk 474...
[2026-05-11 00:51:39] DEBUG: Event 1240: Processing request chunk 595...
[2026-05-11 00:51:40] DEBUG: Event 1241: Processing request chunk 218...
[2026-05-11 00:51:41] DEBUG: Event 1242: Processing request chunk 835...
[2026-05-11 00:51:42] DEBUG: Event 1243: Processing request chunk 201...
[2026-05-11 00:51:43] DEBUG: Event 1244: Processing request chunk 967...
[2026-05-11 00:51:44] DEBUG: Event 1245: Processing request chunk 880...
[2026-05-11 00:51:45] DEBUG: Event 1246: Processing request chunk 482...
[2026-05-11 00:51:46] DEBUG: Event 1247: Processing request chunk 763...
[2026-05-11 00:51:47] DEBUG: Event 1248: Processing request chunk 212...
[2026-05-11 00:51:48] DEBUG: Event 1249: Processing request chunk 164...
[2026-05-11 00:51:49] DEBUG: Event 1250: Processing request chunk 440...
[2026-05-11 00:51:50] DEBUG: Event 1251: Processing request chunk 939...
[2026-05-11 00:51:51] DEBUG: Event 1252: Processing request chunk 538...
[2026-05-11 00:51:52] DEBUG: Event 1253: Processing request chunk 248...
[2026-05-11 00:51:53] DEBUG: Event 1254: Processing request chunk 171...
[2026-05-11 00:51:54] INFO: Event 1255: Processing request chunk 336...
[2026-05-11 00:51:55] INFO: Event 1256: Processing request chunk 276...
[2026-05-11 00:51:56] DEBUG: Event 1257: Processing request chunk 652...
[2026-05-11 00:51:57] DEBUG: Event 1258: Processing request chunk 637...
[2026-05-11 00:51:58] WARN: Event 1259: Processing request chunk 583...
[2026-05-11 00:51:59] DEBUG: Event 1260: Processing request chunk 814...
[2026-05-11 00:52:00] INFO: Event 1261: Processing request chunk 704...
[2026-05-11 00:52:01] INFO: Event 1262: Processing request chunk 383...
[2026-05-11 00:52:02] DEBUG: Event 1263: Processing request chunk 214...
[2026-05-11 00:52:03] INFO: Event 1264: Processing request chunk 640...
[2026-05-11 00:52:04] DEBUG: Event 1265: Processing request chunk 194...
[2026-05-11 00:52:05] WARN: Event 1266: Processing request chunk 582...
[2026-05-11 00:52:06] CRITICAL: Event 1267: FATAL SYSTEM FAILURE - Database connection lost at pool_id=6
[2026-05-11 00:52:07] DEBUG: Event 1268: Processing request chunk 482...
[2026-05-11 00:52:08] INFO: Event 1269: Processing request chunk 734...
[2026-05-11 00:52:09] DEBUG: Event 1270: Processing request chunk 761...
[2026-05-11 00:52:10] WARN: Event 1271: Processing request chunk 913...
[2026-05-11 00:52:11] DEBUG: Event 1272: Processing request chunk 606...
[2026-05-11 00:52:12] DEBUG: Event 1273: Processing request chunk 999...
[2026-05-11 00:52:13] ERROR: Event 1274: Processing request chunk 567...
[2026-05-11 00:52:14] DEBUG: Event 1275: Processing request chunk 385...
[2026-05-11 00:52:15] DEBUG: Event 1276: Processing request chunk 420...
[2026-05-11 00:52:16] WARN: Event 1277: Processing request chunk 629...
[2026-05-11 00:52:17] DEBUG: Event 1278: Processing request chunk 470...
[2026-05-11 00:52:18] DEBUG: Event 1279: Processing request chunk 629...
[2026-05-11 00:52:19] DEBUG: Event 1280: Processing request chunk 973...
[2026-05-11 00:52:20] DEBUG: Event 1281: Processing request chunk 681...
[2026-05-11 00:52:21] DEBUG: Event 1282: Processing request chunk 904...
[2026-05-11 00:52:22] DEBUG: Event 1283: Processing request chunk 680...
[2026-05-11 00:52:23] DEBUG: Event 1284: Processing request chunk 211...
[2026-05-11 00:52:24] DEBUG: Event 1285: Processing request chunk 961...
[2026-05-11 00:52:25] INFO: Event 1286: Processing request chunk 315...
[2026-05-11 00:52:26] DEBUG: Event 1287: Processing request chunk 892...
[2026-05-11 00:52:27] DEBUG: Event 1288: Processing request chunk 398...
[2026-05-11 00:52:28] DEBUG: Event 1289: Processing request chunk 101...
[2026-05-11 00:52:29] DEBUG: Event 1290: Processing request chunk 245...
[2026-05-11 00:52:30] DEBUG: Event 1291: Processing request chunk 987...
[2026-05-11 00:52:31] DEBUG: Event 1292: Processing request chunk 263...
[2026-05-11 00:52:32] INFO: Event 1293: Processing request chunk 117...
[2026-05-11 00:52:33] DEBUG: Event 1294: Processing request chunk 218...
[2026-05-11 00:52:34] WARN: Event 1295: Processing request chunk 608...
[2026-05-11 00:52:35] DEBUG: Event 1296: Processing request chunk 448...
[2026-05-11 00:52:36] INFO: Event 1297: Processing request chunk 550...
[2026-05-11 00:52:37] WARN: Event 1298: Processing request chunk 482...
[2026-05-11 00:52:38] DEBUG: Event 1299: Processing request chunk 627...
[2026-05-11 00:52:39] INFO: Event 1300: Processing request chunk 872...
[2026-05-11 00:52:40] DEBUG: Event 1301: Processing request chunk 838...
[2026-05-11 00:52:41] DEBUG: Event 1302: Processing request chunk 278...
[2026-05-11 00:52:42] DEBUG: Event 1303: Processing request chunk 668...
[2026-05-11 00:52:43] INFO: Event 1304: Processing request chunk 849...
[2026-05-11 00:52:44] DEBUG: Event 1305: Processing request chunk 685...
[2026-05-11 00:52:45] DEBUG: Event 1306: Processing request chunk 704...
[2026-05-11 00:52:46] DEBUG: Event 1307: Processing request chunk 787...
[2026-05-11 00:52:47] DEBUG: Event 1308: Processing request chunk 904...
[2026-05-11 00:52:48] INFO: Event 1309: Processing request chunk 253...
[2026-05-11 00:52:49] DEBUG: Event 1310: Processing request chunk 885...
[2026-05-11 00:52:50] DEBUG: Event 1311: Processing request chunk 508...
[2026-05-11 00:52:51] INFO: Event 1312: Processing request chunk 774...
[2026-05-11 00:52:52] INFO: Event 1313: Processing request chunk 493...
[2026-05-11 00:52:53] DEBUG: Event 1314: Processing request chunk 353...
[2026-05-11 00:52:54] DEBUG: Event 1315: Processing request chunk 566...
[2026-05-11 00:52:55] WARN: Event 1316: Processing request chunk 337...
[2026-05-11 00:52:56] DEBUG: Event 1317: Processing request chunk 650...
[2026-05-11 00:52:57] DEBUG: Event 1318: Processing request chunk 289...
[2026-05-11 00:52:58] DEBUG: Event 1319: Processing request chunk 554...
[2026-05-11 00:52:59] DEBUG: Event 1320: Processing request chunk 956...
[2026-05-11 00:53:00] DEBUG: Event 1321: Processing request chunk 445...
[2026-05-11 00:53:01] INFO: Event 1322: Processing request chunk 280...
[2026-05-11 00:53:02] DEBUG: Event 1323: Processing request chunk 693...
[2026-05-11 00:53:03] DEBUG: Event 1324: Processing request chunk 172...
[2026-05-11 00:53:04] DEBUG: Event 1325: Processing request chunk 878...
[2026-05-11 00:53:05] CRITICAL: Event 1326: FATAL SYSTEM FAILURE - Database connection lost at pool_id=6
[2026-05-11 00:53:06] DEBUG: Event 1327: Processing request chunk 182...
[2026-05-11 00:53:07] DEBUG: Event 1328: Processing request chunk 643...
[2026-05-11 00:53:08] INFO: Event 1329: Processing request chunk 671...
[2026-05-11 00:53:09] DEBUG: Event 1330: Processing request chunk 738...
[2026-05-11 00:53:10] WARN: Event 1331: Processing request chunk 258...
[2026-05-11 00:53:11] DEBUG: Event 1332: Processing request chunk 355...
[2026-05-11 00:53:12] DEBUG: Event 1333: Processing request chunk 476...
[2026-05-11 00:53:13] DEBUG: Event 1334: Processing request chunk 430...
[2026-05-11 00:53:14] DEBUG: Event 1335: Processing request chunk 395...
[2026-05-11 00:53:15] DEBUG: Event 1336: Processing request chunk 907...
[2026-05-11 00:53:16] DEBUG: Event 1337: Processing request chunk 127...
[2026-05-11 00:53:17] DEBUG: Event 1338: Processing request chunk 157...
[2026-05-11 00:53:18] DEBUG: Event 1339: Processing request chunk 268...
[2026-05-11 00:53:19] DEBUG: Event 1340: Processing request chunk 886...
[2026-05-11 00:53:20] DEBUG: Event 1341: Processing request chunk 692...
[2026-05-11 00:53:21] DEBUG: Event 1342: Processing request chunk 353...
[2026-05-11 00:53:22] DEBUG: Event 1343: Processing request chunk 729...
[2026-05-11 00:53:23] DEBUG: Event 1344: Processing request chunk 152...
[2026-05-11 00:53:24] DEBUG: Event 1345: Processing request chunk 190...
[2026-05-11 00:53:25] DEBUG: Event 1346: Processing request chunk 402...
[2026-05-11 00:53:26] DEBUG: Event 1347: Processing request chunk 977...
[2026-05-11 00:53:27] INFO: Event 1348: Processing request chunk 667...
[2026-05-11 00:53:28] DEBUG: Event 1349: Processing request chunk 480...
[2026-05-11 00:53:29] INFO: Event 1350: Processing request chunk 957...
[2026-05-11 00:53:30] DEBUG: Event 1351: Processing request chunk 591...
[2026-05-11 00:53:31] DEBUG: Event 1352: Processing request chunk 506...
[2026-05-11 00:53:32] DEBUG: Event 1353: Processing request chunk 203...
[2026-05-11 00:53:33] INFO: Event 1354: Processing request chunk 778...
[2026-05-11 00:53:34] DEBUG: Event 1355: Processing request chunk 317...
[2026-05-11 00:53:35] DEBUG: Event 1356: Processing request chunk 264...
[2026-05-11 00:53:36] DEBUG: Event 1357: Processing request chunk 257...
[2026-05-11 00:53:37] DEBUG: Event 1358: Processing request chunk 466...
[2026-05-11 00:53:38] INFO: Event 1359: Processing request chunk 803...
[2026-05-11 00:53:39] DEBUG: Event 1360: Processing request chunk 946...
[2026-05-11 00:53:40] INFO: Event 1361: Processing request chunk 548...
[2026-05-11 00:53:41] DEBUG: Event 1362: Processing request chunk 676...
[2026-05-11 00:53:42] ERROR: Event 1363: Processing request chunk 195...
[2026-05-11 00:53:43] INFO: Event 1364: Processing request chunk 432...
[2026-05-11 00:53:44] DEBUG: Event 1365: Processing request chunk 669...
[2026-05-11 00:53:45] DEBUG: Event 1366: Processing request chunk 116...
[2026-05-11 00:53:46] CRITICAL: Event 1367: FATAL SYSTEM FAILURE - Database connection lost at pool_id=1
[2026-05-11 00:53:47] DEBUG: Event 1368: Processing request chunk 113...
[2026-05-11 00:53:48] WARN: Event 1369: Processing request chunk 322...
[2026-05-11 00:53:49] DEBUG: Event 1370: Processing request chunk 431...
[2026-05-11 00:53:50] DEBUG: Event 1371: Processing request chunk 149...
[2026-05-11 00:53:51] DEBUG: Event 1372: Processing request chunk 633...
[2026-05-11 00:53:52] DEBUG: Event 1373: Processing request chunk 241...
[2026-05-11 00:53:53] DEBUG: Event 1374: Processing request chunk 933...
[2026-05-11 00:53:54] WARN: Event 1375: Processing request chunk 669...
[2026-05-11 00:53:55] DEBUG: Event 1376: Processing request chunk 746...
[2026-05-11 00:53:56] DEBUG: Event 1377: Processing request chunk 689...
[2026-05-11 00:53:57] DEBUG: Event 1378: Processing request chunk 704...
[2026-05-11 00:53:58] DEBUG: Event 1379: Processing request chunk 433...
[2026-05-11 00:53:59] DEBUG: Event 1380: Processing request chunk 174...
[2026-05-11 00:54:00] DEBUG: Event 1381: Processing request chunk 711...
[2026-05-11 00:54:01] INFO: Event 1382: Processing request chunk 907...
[2026-05-11 00:54:02] DEBUG: Event 1383: Processing request chunk 611...
[2026-05-11 00:54:03] DEBUG: Event 1384: Processing request chunk 667...
[2026-05-11 00:54:04] DEBUG: Event 1385: Processing request chunk 479...
[2026-05-11 00:54:05] DEBUG: Event 1386: Processing request chunk 793...
[2026-05-11 00:54:06] INFO: Event 1387: Processing request chunk 341...
[2026-05-11 00:54:07] ERROR: Event 1388: Processing request chunk 849...
[2026-05-11 00:54:08] INFO: Event 1389: Processing request chunk 734...
[2026-05-11 00:54:09] WARN: Event 1390: Processing request chunk 785...
[2026-05-11 00:54:10] DEBUG: Event 1391: Processing request chunk 854...
[2026-05-11 00:54:11] DEBUG: Event 1392: Processing request chunk 257...
[2026-05-11 00:54:12] DEBUG: Event 1393: Processing request chunk 528...
[2026-05-11 00:54:13] DEBUG: Event 1394: Processing request chunk 380...
[2026-05-11 00:54:14] DEBUG: Event 1395: Processing request chunk 282...
[2026-05-11 00:54:15] INFO: Event 1396: Processing request chunk 115...
[2026-05-11 00:54:16] DEBUG: Event 1397: Processing request chunk 394...
[2026-05-11 00:54:17] INFO: Event 1398: Processing request chunk 249...
[2026-05-11 00:54:18] WARN: Event 1399: Processing request chunk 417...
[2026-05-11 00:54:19] DEBUG: Event 1400: Processing request chunk 711...
[2026-05-11 00:54:20] ERROR: Event 1401: Processing request chunk 550...
[2026-05-11 00:54:21] DEBUG: Event 1402: Processing request chunk 392...
[2026-05-11 00:54:22] DEBUG: Event 1403: Processing request chunk 594...
[2026-05-11 00:54:23] WARN: Event 1404: Processing request chunk 400...
[2026-05-11 00:54:24] DEBUG: Event 1405: Processing request chunk 621...
[2026-05-11 00:54:25] INFO: Event 1406: Processing request chunk 397...
[2026-05-11 00:54:26] DEBUG: Event 1407: Processing request chunk 657...
[2026-05-11 00:54:27] DEBUG: Event 1408: Processing request chunk 491...
[2026-05-11 00:54:28] DEBUG: Event 1409: Processing request chunk 775...
[2026-05-11 00:54:29] WARN: Event 1410: Processing request chunk 701...
[2026-05-11 00:54:30] DEBUG: Event 1411: Processing request chunk 882...
[2026-05-11 00:54:31] DEBUG: Event 1412: Processing request chunk 451...
[2026-05-11 00:54:32] INFO: Event 1413: Processing request chunk 572...
[2026-05-11 00:54:33] DEBUG: Event 1414: Processing request chunk 201...
[2026-05-11 00:54:34] WARN: Event 1415: Processing request chunk 782...
[2026-05-11 00:54:35] DEBUG: Event 1416: Processing request chunk 261...
[2026-05-11 00:54:36] DEBUG: Event 1417: Processing request chunk 401...
[2026-05-11 00:54:37] DEBUG: Event 1418: Processing request chunk 934...
[2026-05-11 00:54:38] WARN: Event 1419: Processing request chunk 383...
[2026-05-11 00:54:39] DEBUG: Event 1420: Processing request chunk 953...
[2026-05-11 00:54:40] DEBUG: Event 1421: Processing request chunk 976...
[2026-05-11 00:54:41] DEBUG: Event 1422: Processing request chunk 810...
[2026-05-11 00:54:42] DEBUG: Event 1423: Processing request chunk 679...
[2026-05-11 00:54:43] DEBUG: Event 1424: Processing request chunk 545...
[2026-05-11 00:54:44] DEBUG: Event 1425: Processing request chunk 906...
[2026-05-11 00:54:45] DEBUG: Event 1426: Processing request chunk 908...
[2026-05-11 00:54:46] INFO: Event 1427: Processing request chunk 874...
[2026-05-11 00:54:47] WARN: Event 1428: Processing request chunk 857...
[2026-05-11 00:54:48] ERROR: Event 1429: Processing request chunk 310...
[2026-05-11 00:54:49] DEBUG: Event 1430: Processing request chunk 654...
[2026-05-11 00:54:50] DEBUG: Event 1431: Processing request chunk 128...
[2026-05-11 00:54:51] DEBUG: Event 1432: Processing request chunk 744...
[2026-05-11 00:54:52] INFO: Event 1433: Processing request chunk 653...
[2026-05-11 00:54:53] INFO: Event 1434: Processing request chunk 925...
[2026-05-11 00:54:54] INFO: Event 1435: Processing request chunk 118...
[2026-05-11 00:54:55] DEBUG: Event 1436: Processing request chunk 670...
[2026-05-11 00:54:56] DEBUG: Event 1437: Processing request chunk 785...
[2026-05-11 00:54:57] DEBUG: Event 1438: Processing request chunk 186...
[2026-05-11 00:54:58] DEBUG: Event 1439: Processing request chunk 884...
[2026-05-11 00:54:59] DEBUG: Event 1440: Processing request chunk 739...
[2026-05-11 00:55:00] INFO: Event 1441: Processing request chunk 798...
[2026-05-11 00:55:01] ERROR: Event 1442: Processing request chunk 243...
[2026-05-11 00:55:02] WARN: Event 1443: Processing request chunk 682...
[2026-05-11 00:55:03] DEBUG: Event 1444: Processing request chunk 697...
[2026-05-11 00:55:04] DEBUG: Event 1445: Processing request chunk 376...
[2026-05-11 00:55:05] CRITICAL: Event 1446: FATAL SYSTEM FAILURE - Database connection lost at pool_id=4
[2026-05-11 00:55:06] DEBUG: Event 1447: Processing request chunk 153...
[2026-05-11 00:55:07] DEBUG: Event 1448: Processing request chunk 411...
[2026-05-11 00:55:08] INFO: Event 1449: Processing request chunk 478...
[2026-05-11 00:55:09] DEBUG: Event 1450: Processing request chunk 125...
[2026-05-11 00:55:10] DEBUG: Event 1451: Processing request chunk 241...
[2026-05-11 00:55:11] DEBUG: Event 1452: Processing request chunk 166...
[2026-05-11 00:55:12] DEBUG: Event 1453: Processing request chunk 598...
[2026-05-11 00:55:13] DEBUG: Event 1454: Processing request chunk 130...
[2026-05-11 00:55:14] DEBUG: Event 1455: Processing request chunk 668...
[2026-05-11 00:55:15] INFO: Event 1456: Processing request chunk 115...
[2026-05-11 00:55:16] DEBUG: Event 1457: Processing request chunk 394...
[2026-05-11 00:55:17] DEBUG: Event 1458: Processing request chunk 736...
[2026-05-11 00:55:18] DEBUG: Event 1459: Processing request chunk 556...
[2026-05-11 00:55:19] DEBUG: Event 1460: Processing request chunk 975...
[2026-05-11 00:55:20] DEBUG: Event 1461: Processing request chunk 847...
[2026-05-11 00:55:21] ERROR: Event 1462: Processing request chunk 810...
[2026-05-11 00:55:22] DEBUG: Event 1463: Processing request chunk 372...
[2026-05-11 00:55:23] DEBUG: Event 1464: Processing request chunk 867...
[2026-05-11 00:55:24] WARN: Event 1465: Processing request chunk 861...
[2026-05-11 00:55:25] DEBUG: Event 1466: Processing request chunk 354...
[2026-05-11 00:55:26] DEBUG: Event 1467: Processing request chunk 354...
[2026-05-11 00:55:27] ERROR: Event 1468: Processing request chunk 454...
[2026-05-11 00:55:28] DEBUG: Event 1469: Processing request chunk 495...
[2026-05-11 00:55:29] DEBUG: Event 1470: Processing request chunk 669...
[2026-05-11 00:55:30] DEBUG: Event 1471: Processing request chunk 789...
[2026-05-11 00:55:31] DEBUG: Event 1472: Processing request chunk 201...
[2026-05-11 00:55:32] DEBUG: Event 1473: Processing request chunk 866...
[2026-05-11 00:55:33] DEBUG: Event 1474: Processing request chunk 723...
[2026-05-11 00:55:34] INFO: Event 1475: Processing request chunk 321...
[2026-05-11 00:55:35] DEBUG: Event 1476: Processing request chunk 499...
[2026-05-11 00:55:36] DEBUG: Event 1477: Processing request chunk 967...
[2026-05-11 00:55:37] INFO: Event 1478: Processing request chunk 127...
[2026-05-11 00:55:38] DEBUG: Event 1479: Processing request chunk 352...
[2026-05-11 00:55:39] DEBUG: Event 1480: Processing request chunk 224...
[2026-05-11 00:55:40] DEBUG: Event 1481: Processing request chunk 132...
[2026-05-11 00:55:41] INFO: Event 1482: Processing request chunk 767...
[2026-05-11 00:55:42] DEBUG: Event 1483: Processing request chunk 372...
[2026-05-11 00:55:43] DEBUG: Event 1484: Processing request chunk 877...
[2026-05-11 00:55:44] DEBUG: Event 1485: Processing request chunk 770...
[2026-05-11 00:55:45] INFO: Event 1486: Processing request chunk 569...
[2026-05-11 00:55:46] DEBUG: Event 1487: Processing request chunk 188...
[2026-05-11 00:55:47] DEBUG: Event 1488: Processing request chunk 446...
[2026-05-11 00:55:48] WARN: Event 1489: Processing request chunk 783...
[2026-05-11 00:55:49] CRITICAL: Event 1490: FATAL SYSTEM FAILURE - Database connection lost at pool_id=7
[2026-05-11 00:55:50] INFO: Event 1491: Processing request chunk 134...
[2026-05-11 00:55:51] DEBUG: Event 1492: Processing request chunk 506...
[2026-05-11 00:55:52] INFO: Event 1493: Processing request chunk 984...
[2026-05-11 00:55:53] DEBUG: Event 1494: Processing request chunk 802...
[2026-05-11 00:55:54] INFO: Event 1495: Processing request chunk 939...
[2026-05-11 00:55:55] INFO: Event 1496: Processing request chunk 893...
[2026-05-11 00:55:56] DEBUG: Event 1497: Processing request chunk 258...
[2026-05-11 00:55:57] DEBUG: Event 1498: Processing request chunk 946...
[2026-05-11 00:55:58] DEBUG: Event 1499: Processing request chunk 818...
[2026-05-11 00:55:59] INFO: Event 1500: Processing request chunk 583...
[2026-05-11 00:56:00] DEBUG: Event 1501: Processing request chunk 606...
[2026-05-11 00:56:01] DEBUG: Event 1502: Processing request chunk 708...
[2026-05-11 00:56:02] WARN: Event 1503: Processing request chunk 668...
[2026-05-11 00:56:03] DEBUG: Event 1504: Processing request chunk 524...
[2026-05-11 00:56:04] DEBUG: Event 1505: Processing request chunk 865...
[2026-05-11 00:56:05] DEBUG: Event 1506: Processing request chunk 253...
[2026-05-11 00:56:06] INFO: Event 1507: Processing request chunk 354...
[2026-05-11 00:56:07] DEBUG: Event 1508: Processing request chunk 135...
[2026-05-11 00:56:08] DEBUG: Event 1509: Processing request chunk 326...
[2026-05-11 00:56:09] WARN: Event 1510: Processing request chunk 724...
[2026-05-11 00:56:10] WARN: Event 1511: Processing request chunk 661...
[2026-05-11 00:56:11] INFO: Event 1512: Processing request chunk 996...
[2026-05-11 00:56:12] DEBUG: Event 1513: Processing request chunk 665...
[2026-05-11 00:56:13] DEBUG: Event 1514: Processing request chunk 647...
[2026-05-11 00:56:14] DEBUG: Event 1515: Processing request chunk 173...
[2026-05-11 00:56:15] WARN: Event 1516: Processing request chunk 236...
[2026-05-11 00:56:16] INFO: Event 1517: Processing request chunk 474...
[2026-05-11 00:56:17] WARN: Event 1518: Processing request chunk 299...
[2026-05-11 00:56:18] DEBUG: Event 1519: Processing request chunk 715...
[2026-05-11 00:56:19] DEBUG: Event 1520: Processing request chunk 519...
[2026-05-11 00:56:20] INFO: Event 1521: Processing request chunk 727...
[2026-05-11 00:56:21] WARN: Event 1522: Processing request chunk 871...
[2026-05-11 00:56:22] WARN: Event 1523: Processing request chunk 125...
[2026-05-11 00:56:23] WARN: Event 1524: Processing request chunk 115...
[2026-05-11 00:56:24] DEBUG: Event 1525: Processing request chunk 833...
[2026-05-11 00:56:25] DEBUG: Event 1526: Processing request chunk 713...
[2026-05-11 00:56:26] DEBUG: Event 1527: Processing request chunk 116...
[2026-05-11 00:56:27] DEBUG: Event 1528: Processing request chunk 623...
[2026-05-11 00:56:28] DEBUG: Event 1529: Processing request chunk 528...
[2026-05-11 00:56:29] DEBUG: Event 1530: Processing request chunk 386...
[2026-05-11 00:56:30] DEBUG: Event 1531: Processing request chunk 149...
[2026-05-11 00:56:31] DEBUG: Event 1532: Processing request chunk 168...
[2026-05-11 00:56:32] DEBUG: Event 1533: Processing request chunk 878...
[2026-05-11 00:56:33] WARN: Event 1534: Processing request chunk 763...
[2026-05-11 00:56:34] DEBUG: Event 1535: Processing request chunk 531...
[2026-05-11 00:56:35] DEBUG: Event 1536: Processing request chunk 764...
[2026-05-11 00:56:36] DEBUG: Event 1537: Processing request chunk 661...
[2026-05-11 00:56:37] INFO: Event 1538: Processing request chunk 953...
[2026-05-11 00:56:38] DEBUG: Event 1539: Processing request chunk 798...
[2026-05-11 00:56:39] DEBUG: Event 1540: Processing request chunk 303...
[2026-05-11 00:56:40] INFO: Event 1541: Processing request chunk 651...
[2026-05-11 00:56:41] DEBUG: Event 1542: Processing request chunk 716...
[2026-05-11 00:56:42] WARN: Event 1543: Processing request chunk 232...
[2026-05-11 00:56:43] DEBUG: Event 1544: Processing request chunk 283...
[2026-05-11 00:56:44] DEBUG: Event 1545: Processing request chunk 300...
[2026-05-11 00:56:45] DEBUG: Event 1546: Processing request chunk 487...
[2026-05-11 00:56:46] WARN: Event 1547: Processing request chunk 131...
[2026-05-11 00:56:47] DEBUG: Event 1548: Processing request chunk 153...
[2026-05-11 00:56:48] DEBUG: Event 1549: Processing request chunk 598...
[2026-05-11 00:56:49] DEBUG: Event 1550: Processing request chunk 132...
[2026-05-11 00:56:50] ERROR: Event 1551: Processing request chunk 656...
[2026-05-11 00:56:51] WARN: Event 1552: Processing request chunk 114...
[2026-05-11 00:56:52] DEBUG: Event 1553: Processing request chunk 791...
[2026-05-11 00:56:53] WARN: Event 1554: Processing request chunk 166...
[2026-05-11 00:56:54] DEBUG: Event 1555: Processing request chunk 271...
[2026-05-11 00:56:55] DEBUG: Event 1556: Processing request chunk 255...
[2026-05-11 00:56:56] DEBUG: Event 1557: Processing request chunk 146...
[2026-05-11 00:56:57] INFO: Event 1558: Processing request chunk 640...
[2026-05-11 00:56:58] DEBUG: Event 1559: Processing request chunk 454...
[2026-05-11 00:56:59] DEBUG: Event 1560: Processing request chunk 432...
[2026-05-11 00:57:00] DEBUG: Event 1561: Processing request chunk 977...
[2026-05-11 00:57:01] INFO: Event 1562: Processing request chunk 365...
[2026-05-11 00:57:02] DEBUG: Event 1563: Processing request chunk 974...
[2026-05-11 00:57:03] DEBUG: Event 1564: Processing request chunk 401...
[2026-05-11 00:57:04] DEBUG: Event 1565: Processing request chunk 972...
[2026-05-11 00:57:05] DEBUG: Event 1566: Processing request chunk 534...
[2026-05-11 00:57:06] DEBUG: Event 1567: Processing request chunk 981...
[2026-05-11 00:57:07] WARN: Event 1568: Processing request chunk 995...
[2026-05-11 00:57:08] DEBUG: Event 1569: Processing request chunk 203...
[2026-05-11 00:57:09] DEBUG: Event 1570: Processing request chunk 728...
[2026-05-11 00:57:10] DEBUG: Event 1571: Processing request chunk 532...
[2026-05-11 00:57:11] DEBUG: Event 1572: Processing request chunk 886...
[2026-05-11 00:57:12] WARN: Event 1573: Processing request chunk 325...
[2026-05-11 00:57:13] DEBUG: Event 1574: Processing request chunk 494...
[2026-05-11 00:57:14] DEBUG: Event 1575: Processing request chunk 863...
[2026-05-11 00:57:15] DEBUG: Event 1576: Processing request chunk 682...
[2026-05-11 00:57:16] DEBUG: Event 1577: Processing request chunk 867...
[2026-05-11 00:57:17] INFO: Event 1578: Processing request chunk 825...
[2026-05-11 00:57:18] DEBUG: Event 1579: Processing request chunk 850...
[2026-05-11 00:57:19] DEBUG: Event 1580: Processing request chunk 907...
[2026-05-11 00:57:20] DEBUG: Event 1581: Processing request chunk 798...
[2026-05-11 00:57:21] DEBUG: Event 1582: Processing request chunk 481...
[2026-05-11 00:57:22] DEBUG: Event 1583: Processing request chunk 941...
[2026-05-11 00:57:23] DEBUG: Event 1584: Processing request chunk 998...
[2026-05-11 00:57:24] DEBUG: Event 1585: Processing request chunk 124...
[2026-05-11 00:57:25] DEBUG: Event 1586: Processing request chunk 716...
[2026-05-11 00:57:26] DEBUG: Event 1587: Processing request chunk 166...
[2026-05-11 00:57:27] DEBUG: Event 1588: Processing request chunk 281...
[2026-05-11 00:57:28] DEBUG: Event 1589: Processing request chunk 995...
[2026-05-11 00:57:29] DEBUG: Event 1590: Processing request chunk 184...
[2026-05-11 00:57:30] INFO: Event 1591: Processing request chunk 371...
[2026-05-11 00:57:31] WARN: Event 1592: Processing request chunk 864...
[2026-05-11 00:57:32] DEBUG: Event 1593: Processing request chunk 436...
[2026-05-11 00:57:33] INFO: Event 1594: Processing request chunk 739...
[2026-05-11 00:57:34] DEBUG: Event 1595: Processing request chunk 965...
[2026-05-11 00:57:35] DEBUG: Event 1596: Processing request chunk 542...
[2026-05-11 00:57:36] WARN: Event 1597: Processing request chunk 600...
[2026-05-11 00:57:37] INFO: Event 1598: Processing request chunk 173...
[2026-05-11 00:57:38] DEBUG: Event 1599: Processing request chunk 216...
[2026-05-11 00:57:39] DEBUG: Event 1600: Processing request chunk 714...
[2026-05-11 00:57:40] INFO: Event 1601: Processing request chunk 448...
[2026-05-11 00:57:41] WARN: Event 1602: Processing request chunk 950...
[2026-05-11 00:57:42] DEBUG: Event 1603: Processing request chunk 753...
[2026-05-11 00:57:43] DEBUG: Event 1604: Processing request chunk 409...
[2026-05-11 00:57:44] INFO: Event 1605: Processing request chunk 536...
[2026-05-11 00:57:45] DEBUG: Event 1606: Processing request chunk 508...
[2026-05-11 00:57:46] DEBUG: Event 1607: Processing request chunk 123...
[2026-05-11 00:57:47] DEBUG: Event 1608: Processing request chunk 428...
[2026-05-11 00:57:48] DEBUG: Event 1609: Processing request chunk 976...
[2026-05-11 00:57:49] DEBUG: Event 1610: Processing request chunk 610...
[2026-05-11 00:57:50] DEBUG: Event 1611: Processing request chunk 464...
[2026-05-11 00:57:51] DEBUG: Event 1612: Processing request chunk 175...
[2026-05-11 00:57:52] DEBUG: Event 1613: Processing request chunk 710...
[2026-05-11 00:57:53] DEBUG: Event 1614: Processing request chunk 857...
[2026-05-11 00:57:54] WARN: Event 1615: Processing request chunk 900...
[2026-05-11 00:57:55] DEBUG: Event 1616: Processing request chunk 983...
[2026-05-11 00:57:56] INFO: Event 1617: Processing request chunk 391...
[2026-05-11 00:57:57] DEBUG: Event 1618: Processing request chunk 301...
[2026-05-11 00:57:58] DEBUG: Event 1619: Processing request chunk 111...
[2026-05-11 00:57:59] ERROR: Event 1620: Processing request chunk 299...
[2026-05-11 00:58:00] CRITICAL: Event 1621: FATAL SYSTEM FAILURE - Database connection lost at pool_id=10
[2026-05-11 00:58:01] WARN: Event 1622: Processing request chunk 235...
[2026-05-11 00:58:02] DEBUG: Event 1623: Processing request chunk 960...
[2026-05-11 00:58:03] DEBUG: Event 1624: Processing request chunk 480...
[2026-05-11 00:58:04] INFO: Event 1625: Processing request chunk 489...
[2026-05-11 00:58:05] INFO: Event 1626: Processing request chunk 665...
[2026-05-11 00:58:06] DEBUG: Event 1627: Processing request chunk 427...
[2026-05-11 00:58:07] INFO: Event 1628: Processing request chunk 352...
[2026-05-11 00:58:08] WARN: Event 1629: Processing request chunk 257...
[2026-05-11 00:58:09] DEBUG: Event 1630: Processing request chunk 756...
[2026-05-11 00:58:10] DEBUG: Event 1631: Processing request chunk 383...
[2026-05-11 00:58:11] DEBUG: Event 1632: Processing request chunk 712...
[2026-05-11 00:58:12] DEBUG: Event 1633: Processing request chunk 442...
[2026-05-11 00:58:13] DEBUG: Event 1634: Processing request chunk 314...
[2026-05-11 00:58:14] DEBUG: Event 1635: Processing request chunk 598...
[2026-05-11 00:58:15] DEBUG: Event 1636: Processing request chunk 683...
[2026-05-11 00:58:16] INFO: Event 1637: Processing request chunk 724...
[2026-05-11 00:58:17] DEBUG: Event 1638: Processing request chunk 828...
[2026-05-11 00:58:18] DEBUG: Event 1639: Processing request chunk 384...
[2026-05-11 00:58:19] INFO: Event 1640: Processing request chunk 474...
[2026-05-11 00:58:20] INFO: Event 1641: Processing request chunk 495...
[2026-05-11 00:58:21] DEBUG: Event 1642: Processing request chunk 863...
[2026-05-11 00:58:22] DEBUG: Event 1643: Processing request chunk 503...
[2026-05-11 00:58:23] DEBUG: Event 1644: Processing request chunk 402...
[2026-05-11 00:58:24] DEBUG: Event 1645: Processing request chunk 945...
[2026-05-11 00:58:25] DEBUG: Event 1646: Processing request chunk 509...
[2026-05-11 00:58:26] DEBUG: Event 1647: Processing request chunk 362...
[2026-05-11 00:58:27] DEBUG: Event 1648: Processing request chunk 657...
[2026-05-11 00:58:28] DEBUG: Event 1649: Processing request chunk 153...
[2026-05-11 00:58:29] INFO: Event 1650: Processing request chunk 523...
[2026-05-11 00:58:30] DEBUG: Event 1651: Processing request chunk 811...
[2026-05-11 00:58:31] DEBUG: Event 1652: Processing request chunk 376...
[2026-05-11 00:58:32] DEBUG: Event 1653: Processing request chunk 984...
[2026-05-11 00:58:33] INFO: Event 1654: Processing request chunk 896...
[2026-05-11 00:58:34] DEBUG: Event 1655: Processing request chunk 715...
[2026-05-11 00:58:35] DEBUG: Event 1656: Processing request chunk 606...
[2026-05-11 00:58:36] DEBUG: Event 1657: Processing request chunk 797...
[2026-05-11 00:58:37] INFO: Event 1658: Processing request chunk 209...
[2026-05-11 00:58:38] DEBUG: Event 1659: Processing request chunk 157...
[2026-05-11 00:58:39] DEBUG: Event 1660: Processing request chunk 833...
[2026-05-11 00:58:40] DEBUG: Event 1661: Processing request chunk 612...
[2026-05-11 00:58:41] INFO: Event 1662: Processing request chunk 330...
[2026-05-11 00:58:42] DEBUG: Event 1663: Processing request chunk 415...
[2026-05-11 00:58:43] DEBUG: Event 1664: Processing request chunk 470...
[2026-05-11 00:58:44] INFO: Event 1665: Processing request chunk 751...
[2026-05-11 00:58:45] DEBUG: Event 1666: Processing request chunk 290...
[2026-05-11 00:58:46] WARN: Event 1667: Processing request chunk 448...
[2026-05-11 00:58:47] DEBUG: Event 1668: Processing request chunk 154...
[2026-05-11 00:58:48] DEBUG: Event 1669: Processing request chunk 641...
[2026-05-11 00:58:49] DEBUG: Event 1670: Processing request chunk 133...
[2026-05-11 00:58:50] INFO: Event 1671: Processing request chunk 952...
[2026-05-11 00:58:51] WARN: Event 1672: Processing request chunk 629...
[2026-05-11 00:58:52] DEBUG: Event 1673: Processing request chunk 118...
[2026-05-11 00:58:53] DEBUG: Event 1674: Processing request chunk 122...
[2026-05-11 00:58:54] INFO: Event 1675: Processing request chunk 302...
[2026-05-11 00:58:55] INFO: Event 1676: Processing request chunk 563...
[2026-05-11 00:58:56] INFO: Event 1677: Processing request chunk 505...
[2026-05-11 00:58:57] DEBUG: Event 1678: Processing request chunk 197...
[2026-05-11 00:58:58] DEBUG: Event 1679: Processing request chunk 633...
[2026-05-11 00:58:59] WARN: Event 1680: Processing request chunk 348...
[2026-05-11 00:59:00] INFO: Event 1681: Processing request chunk 328...
[2026-05-11 00:59:01] DEBUG: Event 1682: Processing request chunk 767...
[2026-05-11 00:59:02] DEBUG: Event 1683: Processing request chunk 895...
[2026-05-11 00:59:03] INFO: Event 1684: Processing request chunk 757...
[2026-05-11 00:59:04] DEBUG: Event 1685: Processing request chunk 716...
[2026-05-11 00:59:05] INFO: Event 1686: Processing request chunk 926...
[2026-05-11 00:59:06] INFO: Event 1687: Processing request chunk 437...
[2026-05-11 00:59:07] DEBUG: Event 1688: Processing request chunk 642...
[2026-05-11 00:59:08] DEBUG: Event 1689: Processing request chunk 794...
[2026-05-11 00:59:09] INFO: Event 1690: Processing request chunk 283...
[2026-05-11 00:59:10] INFO: Event 1691: Processing request chunk 473...
[2026-05-11 00:59:11] DEBUG: Event 1692: Processing request chunk 152...
[2026-05-11 00:59:12] DEBUG: Event 1693: Processing request chunk 550...
[2026-05-11 00:59:13] DEBUG: Event 1694: Processing request chunk 954...
[2026-05-11 00:59:14] DEBUG: Event 1695: Processing request chunk 100...
[2026-05-11 00:59:15] DEBUG: Event 1696: Processing request chunk 391...
[2026-05-11 00:59:16] WARN: Event 1697: Processing request chunk 619...
[2026-05-11 00:59:17] DEBUG: Event 1698: Processing request chunk 262...
[2026-05-11 00:59:18] DEBUG: Event 1699: Processing request chunk 155...
[2026-05-11 00:59:19] DEBUG: Event 1700: Processing request chunk 216...
[2026-05-11 00:59:20] DEBUG: Event 1701: Processing request chunk 937...
[2026-05-11 00:59:21] INFO: Event 1702: Processing request chunk 794...
[2026-05-11 00:59:22] DEBUG: Event 1703: Processing request chunk 179...
[2026-05-11 00:59:23] DEBUG: Event 1704: Processing request chunk 156...
[2026-05-11 00:59:24] DEBUG: Event 1705: Processing request chunk 131...
[2026-05-11 00:59:25] WARN: Event 1706: Processing request chunk 409...
[2026-05-11 00:59:26] DEBUG: Event 1707: Processing request chunk 927...
[2026-05-11 00:59:27] DEBUG: Event 1708: Processing request chunk 519...
[2026-05-11 00:59:28] WARN: Event 1709: Processing request chunk 843...
[2026-05-11 00:59:29] INFO: Event 1710: Processing request chunk 236...
[2026-05-11 00:59:30] DEBUG: Event 1711: Processing request chunk 228...
[2026-05-11 00:59:31] DEBUG: Event 1712: Processing request chunk 748...
[2026-05-11 00:59:32] DEBUG: Event 1713: Processing request chunk 636...
[2026-05-11 00:59:33] DEBUG: Event 1714: Processing request chunk 557...
[2026-05-11 00:59:34] DEBUG: Event 1715: Processing request chunk 124...
[2026-05-11 00:59:35] DEBUG: Event 1716: Processing request chunk 754...
[2026-05-11 00:59:36] INFO: Event 1717: Processing request chunk 100...
[2026-05-11 00:59:37] INFO: Event 1718: Processing request chunk 805...
[2026-05-11 00:59:38] INFO: Event 1719: Processing request chunk 715...
[2026-05-11 00:59:39] DEBUG: Event 1720: Processing request chunk 704...
[2026-05-11 00:59:40] DEBUG: Event 1721: Processing request chunk 814...
[2026-05-11 00:59:41] INFO: Event 1722: Processing request chunk 839...
[2026-05-11 00:59:42] DEBUG: Event 1723: Processing request chunk 952...
[2026-05-11 00:59:43] DEBUG: Event 1724: Processing request chunk 576...
[2026-05-11 00:59:44] DEBUG: Event 1725: Processing request chunk 368...
[2026-05-11 00:59:45] DEBUG: Event 1726: Processing request chunk 769...
[2026-05-11 00:59:46] DEBUG: Event 1727: Processing request chunk 293...
[2026-05-11 00:59:47] DEBUG: Event 1728: Processing request chunk 960...
[2026-05-11 00:59:48] INFO: Event 1729: Processing request chunk 404...
[2026-05-11 00:59:49] DEBUG: Event 1730: Processing request chunk 855...
[2026-05-11 00:59:50] DEBUG: Event 1731: Processing request chunk 587...
[2026-05-11 00:59:51] INFO: Event 1732: Processing request chunk 701...
[2026-05-11 00:59:52] DEBUG: Event 1733: Processing request chunk 717...
[2026-05-11 00:59:53] DEBUG: Event 1734: Processing request chunk 571...
[2026-05-11 00:59:54] DEBUG: Event 1735: Processing request chunk 320...
[2026-05-11 00:59:55] DEBUG: Event 1736: Processing request chunk 371...
[2026-05-11 00:59:56] DEBUG: Event 1737: Processing request chunk 972...
[2026-05-11 00:59:57] DEBUG: Event 1738: Processing request chunk 255...
[2026-05-11 00:59:58] DEBUG: Event 1739: Processing request chunk 454...
[2026-05-11 00:59:59] DEBUG: Event 1740: Processing request chunk 474...
[2026-05-11 01:00:00] DEBUG: Event 1741: Processing request chunk 645...
[2026-05-11 01:00:01] INFO: Event 1742: Processing request chunk 633...
[2026-05-11 01:00:02] INFO: Event 1743: Processing request chunk 989...
[2026-05-11 01:00:03] DEBUG: Event 1744: Processing request chunk 510...
[2026-05-11 01:00:04] INFO: Event 1745: Processing request chunk 886...
[2026-05-11 01:00:05] DEBUG: Event 1746: Processing request chunk 842...
[2026-05-11 01:00:06] WARN: Event 1747: Processing request chunk 280...
[2026-05-11 01:00:07] WARN: Event 1748: Processing request chunk 831...
[2026-05-11 01:00:08] ERROR: Event 1749: Processing request chunk 603...
[2026-05-11 01:00:09] DEBUG: Event 1750: Processing request chunk 757...
[2026-05-11 01:00:10] DEBUG: Event 1751: Processing request chunk 121...
[2026-05-11 01:00:11] INFO: Event 1752: Processing request chunk 305...
[2026-05-11 01:00:12] DEBUG: Event 1753: Processing request chunk 657...
[2026-05-11 01:00:13] DEBUG: Event 1754: Processing request chunk 507...
[2026-05-11 01:00:14] DEBUG: Event 1755: Processing request chunk 223...
[2026-05-11 01:00:15] DEBUG: Event 1756: Processing request chunk 481...
[2026-05-11 01:00:16] WARN: Event 1757: Processing request chunk 330...
[2026-05-11 01:00:17] DEBUG: Event 1758: Processing request chunk 449...
[2026-05-11 01:00:18] INFO: Event 1759: Processing request chunk 221...
[2026-05-11 01:00:19] ERROR: Event 1760: Processing request chunk 927...
[2026-05-11 01:00:20] DEBUG: Event 1761: Processing request chunk 348...
[2026-05-11 01:00:21] WARN: Event 1762: Processing request chunk 593...
[2026-05-11 01:00:22] DEBUG: Event 1763: Processing request chunk 664...
[2026-05-11 01:00:23] DEBUG: Event 1764: Processing request chunk 616...
[2026-05-11 01:00:24] DEBUG: Event 1765: Processing request chunk 223...
[2026-05-11 01:00:25] DEBUG: Event 1766: Processing request chunk 982...
[2026-05-11 01:00:26] DEBUG: Event 1767: Processing request chunk 961...
[2026-05-11 01:00:27] DEBUG: Event 1768: Processing request chunk 338...
[2026-05-11 01:00:28] DEBUG: Event 1769: Processing request chunk 205...
[2026-05-11 01:00:29] INFO: Event 1770: Processing request chunk 150...
[2026-05-11 01:00:30] WARN: Event 1771: Processing request chunk 466...
[2026-05-11 01:00:31] INFO: Event 1772: Processing request chunk 951...
[2026-05-11 01:00:32] INFO: Event 1773: Processing request chunk 750...
[2026-05-11 01:00:33] DEBUG: Event 1774: Processing request chunk 203...
[2026-05-11 01:00:34] DEBUG: Event 1775: Processing request chunk 616...
[2026-05-11 01:00:35] DEBUG: Event 1776: Processing request chunk 422...
[2026-05-11 01:00:36] INFO: Event 1777: Processing request chunk 213...
[2026-05-11 01:00:37] INFO: Event 1778: Processing request chunk 265...
[2026-05-11 01:00:38] DEBUG: Event 1779: Processing request chunk 891...
[2026-05-11 01:00:39] DEBUG: Event 1780: Processing request chunk 472...
[2026-05-11 01:00:40] DEBUG: Event 1781: Processing request chunk 165...
[2026-05-11 01:00:41] INFO: Event 1782: Processing request chunk 178...
[2026-05-11 01:00:42] INFO: Event 1783: Processing request chunk 164...
[2026-05-11 01:00:43] INFO: Event 1784: Processing request chunk 219...
[2026-05-11 01:00:44] DEBUG: Event 1785: Processing request chunk 699...
[2026-05-11 01:00:45] INFO: Event 1786: Processing request chunk 727...
[2026-05-11 01:00:46] DEBUG: Event 1787: Processing request chunk 524...
[2026-05-11 01:00:47] DEBUG: Event 1788: Processing request chunk 971...
[2026-05-11 01:00:48] DEBUG: Event 1789: Processing request chunk 215...
[2026-05-11 01:00:49] DEBUG: Event 1790: Processing request chunk 505...
[2026-05-11 01:00:50] DEBUG: Event 1791: Processing request chunk 251...
[2026-05-11 01:00:51] DEBUG: Event 1792: Processing request chunk 164...
[2026-05-11 01:00:52] DEBUG: Event 1793: Processing request chunk 640...
[2026-05-11 01:00:53] DEBUG: Event 1794: Processing request chunk 417...
[2026-05-11 01:00:54] DEBUG: Event 1795: Processing request chunk 503...
[2026-05-11 01:00:55] DEBUG: Event 1796: Processing request chunk 265...
[2026-05-11 01:00:56] INFO: Event 1797: Processing request chunk 161...
[2026-05-11 01:00:57] DEBUG: Event 1798: Processing request chunk 465...
[2026-05-11 01:00:58] DEBUG: Event 1799: Processing request chunk 856...
[2026-05-11 01:00:59] DEBUG: Event 1800: Processing request chunk 825...
[2026-05-11 01:01:00] DEBUG: Event 1801: Processing request chunk 120...
[2026-05-11 01:01:01] DEBUG: Event 1802: Processing request chunk 508...
[2026-05-11 01:01:02] DEBUG: Event 1803: Processing request chunk 197...
[2026-05-11 01:01:03] DEBUG: Event 1804: Processing request chunk 446...
[2026-05-11 01:01:04] DEBUG: Event 1805: Processing request chunk 934...
[2026-05-11 01:01:05] INFO: Event 1806: Processing request chunk 427...
[2026-05-11 01:01:06] ERROR: Event 1807: Processing request chunk 988...
[2026-05-11 01:01:07] DEBUG: Event 1808: Processing request chunk 947...
[2026-05-11 01:01:08] DEBUG: Event 1809: Processing request chunk 644...
[2026-05-11 01:01:09] INFO: Event 1810: Processing request chunk 708...
[2026-05-11 01:01:10] DEBUG: Event 1811: Processing request chunk 108...
[2026-05-11 01:01:11] INFO: Event 1812: Processing request chunk 162...
[2026-05-11 01:01:12] DEBUG: Event 1813: Processing request chunk 391...
[2026-05-11 01:01:13] DEBUG: Event 1814: Processing request chunk 973...
[2026-05-11 01:01:14] DEBUG: Event 1815: Processing request chunk 194...
[2026-05-11 01:01:15] DEBUG: Event 1816: Processing request chunk 507...
[2026-05-11 01:01:16] DEBUG: Event 1817: Processing request chunk 316...
[2026-05-11 01:01:17] INFO: Event 1818: Processing request chunk 203...
[2026-05-11 01:01:18] DEBUG: Event 1819: Processing request chunk 796...
[2026-05-11 01:01:19] DEBUG: Event 1820: Processing request chunk 189...
[2026-05-11 01:01:20] DEBUG: Event 1821: Processing request chunk 662...
[2026-05-11 01:01:21] DEBUG: Event 1822: Processing request chunk 343...
[2026-05-11 01:01:22] DEBUG: Event 1823: Processing request chunk 168...
[2026-05-11 01:01:23] WARN: Event 1824: Processing request chunk 362...
[2026-05-11 01:01:24] DEBUG: Event 1825: Processing request chunk 663...
[2026-05-11 01:01:25] DEBUG: Event 1826: Processing request chunk 272...
[2026-05-11 01:01:26] INFO: Event 1827: Processing request chunk 715...
[2026-05-11 01:01:27] DEBUG: Event 1828: Processing request chunk 980...
[2026-05-11 01:01:28] DEBUG: Event 1829: Processing request chunk 481...
[2026-05-11 01:01:29] INFO: Event 1830: Processing request chunk 735...
[2026-05-11 01:01:30] ERROR: Event 1831: Processing request chunk 976...
[2026-05-11 01:01:31] DEBUG: Event 1832: Processing request chunk 330...
[2026-05-11 01:01:32] DEBUG: Event 1833: Processing request chunk 662...
[2026-05-11 01:01:33] DEBUG: Event 1834: Processing request chunk 606...
[2026-05-11 01:01:34] WARN: Event 1835: Processing request chunk 573...
[2026-05-11 01:01:35] DEBUG: Event 1836: Processing request chunk 329...
[2026-05-11 01:01:36] INFO: Event 1837: Processing request chunk 432...
[2026-05-11 01:01:37] DEBUG: Event 1838: Processing request chunk 376...
[2026-05-11 01:01:38] DEBUG: Event 1839: Processing request chunk 191...
[2026-05-11 01:01:39] DEBUG: Event 1840: Processing request chunk 138...
[2026-05-11 01:01:40] DEBUG: Event 1841: Processing request chunk 249...
[2026-05-11 01:01:41] DEBUG: Event 1842: Processing request chunk 476...
[2026-05-11 01:01:42] WARN: Event 1843: Processing request chunk 360...
[2026-05-11 01:01:43] INFO: Event 1844: Processing request chunk 222...
[2026-05-11 01:01:44] INFO: Event 1845: Processing request chunk 720...
[2026-05-11 01:01:45] DEBUG: Event 1846: Processing request chunk 262...
[2026-05-11 01:01:46] ERROR: Event 1847: Processing request chunk 157...
[2026-05-11 01:01:47] DEBUG: Event 1848: Processing request chunk 324...
[2026-05-11 01:01:48] DEBUG: Event 1849: Processing request chunk 438...
[2026-05-11 01:01:49] INFO: Event 1850: Processing request chunk 771...
[2026-05-11 01:01:50] DEBUG: Event 1851: Processing request chunk 147...
[2026-05-11 01:01:51] DEBUG: Event 1852: Processing request chunk 888...
[2026-05-11 01:01:52] INFO: Event 1853: Processing request chunk 672...
[2026-05-11 01:01:53] DEBUG: Event 1854: Processing request chunk 508...
[2026-05-11 01:01:54] DEBUG: Event 1855: Processing request chunk 311...
[2026-05-11 01:01:55] DEBUG: Event 1856: Processing request chunk 637...
[2026-05-11 01:01:56] INFO: Event 1857: Processing request chunk 940...
[2026-05-11 01:01:57] DEBUG: Event 1858: Processing request chunk 163...
[2026-05-11 01:01:58] DEBUG: Event 1859: Processing request chunk 783...
[2026-05-11 01:01:59] INFO: Event 1860: Processing request chunk 605...
[2026-05-11 01:02:00] DEBUG: Event 1861: Processing request chunk 610...
[2026-05-11 01:02:01] DEBUG: Event 1862: Processing request chunk 681...
[2026-05-11 01:02:02] INFO: Event 1863: Processing request chunk 407...
[2026-05-11 01:02:03] CRITICAL: Event 1864: FATAL SYSTEM FAILURE - Database connection lost at pool_id=7
[2026-05-11 01:02:04] INFO: Event 1865: Processing request chunk 761...
[2026-05-11 01:02:05] DEBUG: Event 1866: Processing request chunk 269...
[2026-05-11 01:02:06] INFO: Event 1867: Processing request chunk 624...
[2026-05-11 01:02:07] INFO: Event 1868: Processing request chunk 952...
[2026-05-11 01:02:08] WARN: Event 1869: Processing request chunk 752...
[2026-05-11 01:02:09] DEBUG: Event 1870: Processing request chunk 886...
[2026-05-11 01:02:10] DEBUG: Event 1871: Processing request chunk 897...
[2026-05-11 01:02:11] DEBUG: Event 1872: Processing request chunk 923...
[2026-05-11 01:02:12] INFO: Event 1873: Processing request chunk 120...
[2026-05-11 01:02:13] INFO: Event 1874: Processing request chunk 807...
[2026-05-11 01:02:14] DEBUG: Event 1875: Processing request chunk 818...
[2026-05-11 01:02:15] DEBUG: Event 1876: Processing request chunk 759...
[2026-05-11 01:02:16] DEBUG: Event 1877: Processing request chunk 485...
[2026-05-11 01:02:17] DEBUG: Event 1878: Processing request chunk 181...
[2026-05-11 01:02:18] INFO: Event 1879: Processing request chunk 811...
[2026-05-11 01:02:19] DEBUG: Event 1880: Processing request chunk 634...
[2026-05-11 01:02:20] DEBUG: Event 1881: Processing request chunk 465...
[2026-05-11 01:02:21] DEBUG: Event 1882: Processing request chunk 555...
[2026-05-11 01:02:22] DEBUG: Event 1883: Processing request chunk 638...
[2026-05-11 01:02:23] DEBUG: Event 1884: Processing request chunk 714...
[2026-05-11 01:02:24] ERROR: Event 1885: Processing request chunk 178...
[2026-05-11 01:02:25] DEBUG: Event 1886: Processing request chunk 736...
[2026-05-11 01:02:26] DEBUG: Event 1887: Processing request chunk 135...
[2026-05-11 01:02:27] DEBUG: Event 1888: Processing request chunk 435...
[2026-05-11 01:02:28] DEBUG: Event 1889: Processing request chunk 758...
[2026-05-11 01:02:29] DEBUG: Event 1890: Processing request chunk 270...
[2026-05-11 01:02:30] INFO: Event 1891: Processing request chunk 722...
[2026-05-11 01:02:31] DEBUG: Event 1892: Processing request chunk 202...
[2026-05-11 01:02:32] INFO: Event 1893: Processing request chunk 421...
[2026-05-11 01:02:33] DEBUG: Event 1894: Processing request chunk 178...
[2026-05-11 01:02:34] DEBUG: Event 1895: Processing request chunk 246...
[2026-05-11 01:02:35] DEBUG: Event 1896: Processing request chunk 661...
[2026-05-11 01:02:36] DEBUG: Event 1897: Processing request chunk 515...
[2026-05-11 01:02:37] DEBUG: Event 1898: Processing request chunk 428...
[2026-05-11 01:02:38] DEBUG: Event 1899: Processing request chunk 935...
[2026-05-11 01:02:39] DEBUG: Event 1900: Processing request chunk 754...
[2026-05-11 01:02:40] DEBUG: Event 1901: Processing request chunk 898...
[2026-05-11 01:02:41] INFO: Event 1902: Processing request chunk 562...
[2026-05-11 01:02:42] INFO: Event 1903: Processing request chunk 209...
[2026-05-11 01:02:43] DEBUG: Event 1904: Processing request chunk 644...
[2026-05-11 01:02:44] WARN: Event 1905: Processing request chunk 514...
[2026-05-11 01:02:45] DEBUG: Event 1906: Processing request chunk 799...
[2026-05-11 01:02:46] DEBUG: Event 1907: Processing request chunk 535...
[2026-05-11 01:02:47] DEBUG: Event 1908: Processing request chunk 918...
[2026-05-11 01:02:48] DEBUG: Event 1909: Processing request chunk 130...
[2026-05-11 01:02:49] INFO: Event 1910: Processing request chunk 241...
[2026-05-11 01:02:50] DEBUG: Event 1911: Processing request chunk 270...
[2026-05-11 01:02:51] ERROR: Event 1912: Processing request chunk 983...
[2026-05-11 01:02:52] DEBUG: Event 1913: Processing request chunk 398...
[2026-05-11 01:02:53] DEBUG: Event 1914: Processing request chunk 333...
[2026-05-11 01:02:54] INFO: Event 1915: Processing request chunk 317...
[2026-05-11 01:02:55] DEBUG: Event 1916: Processing request chunk 502...
[2026-05-11 01:02:56] DEBUG: Event 1917: Processing request chunk 273...
[2026-05-11 01:02:57] DEBUG: Event 1918: Processing request chunk 529...
[2026-05-11 01:02:58] DEBUG: Event 1919: Processing request chunk 386...
[2026-05-11 01:02:59] DEBUG: Event 1920: Processing request chunk 809...
[2026-05-11 01:03:00] DEBUG: Event 1921: Processing request chunk 930...
[2026-05-11 01:03:01] INFO: Event 1922: Processing request chunk 311...
[2026-05-11 01:03:02] DEBUG: Event 1923: Processing request chunk 400...
[2026-05-11 01:03:03] DEBUG: Event 1924: Processing request chunk 442...
[2026-05-11 01:03:04] DEBUG: Event 1925: Processing request chunk 998...
[2026-05-11 01:03:05] INFO: Event 1926: Processing request chunk 200...
[2026-05-11 01:03:06] DEBUG: Event 1927: Processing request chunk 614...
[2026-05-11 01:03:07] DEBUG: Event 1928: Processing request chunk 718...
[2026-05-11 01:03:08] DEBUG: Event 1929: Processing request chunk 660...
[2026-05-11 01:03:09] INFO: Event 1930: Processing request chunk 654...
[2026-05-11 01:03:10] DEBUG: Event 1931: Processing request chunk 754...
[2026-05-11 01:03:11] DEBUG: Event 1932: Processing request chunk 826...
[2026-05-11 01:03:12] DEBUG: Event 1933: Processing request chunk 622...
[2026-05-11 01:03:13] DEBUG: Event 1934: Processing request chunk 618...
[2026-05-11 01:03:14] WARN: Event 1935: Processing request chunk 593...
[2026-05-11 01:03:15] DEBUG: Event 1936: Processing request chunk 595...
[2026-05-11 01:03:16] DEBUG: Event 1937: Processing request chunk 151...
[2026-05-11 01:03:17] INFO: Event 1938: Processing request chunk 848...
[2026-05-11 01:03:18] DEBUG: Event 1939: Processing request chunk 873...
[2026-05-11 01:03:19] WARN: Event 1940: Processing request chunk 648...
[2026-05-11 01:03:20] DEBUG: Event 1941: Processing request chunk 749...
[2026-05-11 01:03:21] WARN: Event 1942: Processing request chunk 773...
[2026-05-11 01:03:22] INFO: Event 1943: Processing request chunk 822...
[2026-05-11 01:03:23] DEBUG: Event 1944: Processing request chunk 505...
[2026-05-11 01:03:24] DEBUG: Event 1945: Processing request chunk 502...
[2026-05-11 01:03:25] DEBUG: Event 1946: Processing request chunk 346...
[2026-05-11 01:03:26] DEBUG: Event 1947: Processing request chunk 553...
[2026-05-11 01:03:27] DEBUG: Event 1948: Processing request chunk 266...
[2026-05-11 01:03:28] INFO: Event 1949: Processing request chunk 482...
[2026-05-11 01:03:29] DEBUG: Event 1950: Processing request chunk 262...
[2026-05-11 01:03:30] DEBUG: Event 1951: Processing request chunk 864...
[2026-05-11 01:03:31] DEBUG: Event 1952: Processing request chunk 235...
[2026-05-11 01:03:32] DEBUG: Event 1953: Processing request chunk 905...
[2026-05-11 01:03:33] WARN: Event 1954: Processing request chunk 521...
[2026-05-11 01:03:34] INFO: Event 1955: Processing request chunk 172...
[2026-05-11 01:03:35] INFO: Event 1956: Processing request chunk 484...
[2026-05-11 01:03:36] DEBUG: Event 1957: Processing request chunk 439...
[2026-05-11 01:03:37] DEBUG: Event 1958: Processing request chunk 262...
[2026-05-11 01:03:38] DEBUG: Event 1959: Processing request chunk 625...
[2026-05-11 01:03:39] DEBUG: Event 1960: Processing request chunk 636...
[2026-05-11 01:03:40] INFO: Event 1961: Processing request chunk 274...
[2026-05-11 01:03:41] INFO: Event 1962: Processing request chunk 781...
[2026-05-11 01:03:42] INFO: Event 1963: Processing request chunk 129...
[2026-05-11 01:03:43] WARN: Event 1964: Processing request chunk 424...
[2026-05-11 01:03:44] DEBUG: Event 1965: Processing request chunk 892...
[2026-05-11 01:03:45] DEBUG: Event 1966: Processing request chunk 593...
[2026-05-11 01:03:46] DEBUG: Event 1967: Processing request chunk 648...
[2026-05-11 01:03:47] DEBUG: Event 1968: Processing request chunk 452...
[2026-05-11 01:03:48] DEBUG: Event 1969: Processing request chunk 855...
[2026-05-11 01:03:49] DEBUG: Event 1970: Processing request chunk 565...
[2026-05-11 01:03:50] DEBUG: Event 1971: Processing request chunk 407...
[2026-05-11 01:03:51] INFO: Event 1972: Processing request chunk 388...
[2026-05-11 01:03:52] DEBUG: Event 1973: Processing request chunk 467...
[2026-05-11 01:03:53] INFO: Event 1974: Processing request chunk 794...
[2026-05-11 01:03:54] DEBUG: Event 1975: Processing request chunk 897...
[2026-05-11 01:03:55] DEBUG: Event 1976: Processing request chunk 731...
[2026-05-11 01:03:56] INFO: Event 1977: Processing request chunk 929...
[2026-05-11 01:03:57] INFO: Event 1978: Processing request chunk 446...
[2026-05-11 01:03:58] DEBUG: Event 1979: Processing request chunk 418...
[2026-05-11 01:03:59] WARN: Event 1980: Processing request chunk 433...
[2026-05-11 01:04:00] DEBUG: Event 1981: Processing request chunk 906...
[2026-05-11 01:04:01] DEBUG: Event 1982: Processing request chunk 691...
[2026-05-11 01:04:02] DEBUG: Event 1983: Processing request chunk 700...
[2026-05-11 01:04:03] DEBUG: Event 1984: Processing request chunk 335...
[2026-05-11 01:04:04] DEBUG: Event 1985: Processing request chunk 780...
[2026-05-11 01:04:05] INFO: Event 1986: Processing request chunk 454...
[2026-05-11 01:04:06] DEBUG: Event 1987: Processing request chunk 705...
[2026-05-11 01:04:07] WARN: Event 1988: Processing request chunk 142...
[2026-05-11 01:04:08] DEBUG: Event 1989: Processing request chunk 209...
[2026-05-11 01:04:09] DEBUG: Event 1990: Processing request chunk 499...
[2026-05-11 01:04:10] DEBUG: Event 1991: Processing request chunk 908...
[2026-05-11 01:04:11] DEBUG: Event 1992: Processing request chunk 313...
[2026-05-11 01:04:12] INFO: Event 1993: Processing request chunk 706...
[2026-05-11 01:04:13] INFO: Event 1994: Processing request chunk 960...
[2026-05-11 01:04:14] DEBUG: Event 1995: Processing request chunk 543...
[2026-05-11 01:04:15] DEBUG: Event 1996: Processing request chunk 984...
[2026-05-11 01:04:16] INFO: Event 1997: Processing request chunk 949...
[2026-05-11 01:04:17] DEBUG: Event 1998: Processing request chunk 265...
[2026-05-11 01:04:18] DEBUG: Event 1999: Processing request chunk 378...
[2026-05-11 01:04:19] DEBUG: Event 2000: Processing request chunk 295...
[2026-05-11 01:04:20] DEBUG: Event 2001: Processing request chunk 497...
[2026-05-11 01:04:21] DEBUG: Event 2002: Processing request chunk 638...
[2026-05-11 01:04:22] DEBUG: Event 2003: Processing request chunk 956...
[2026-05-11 01:04:23] WARN: Event 2004: Processing request chunk 985...
[2026-05-11 01:04:24] WARN: Event 2005: Processing request chunk 272...
[2026-05-11 01:04:25] DEBUG: Event 2006: Processing request chunk 465...
[2026-05-11 01:04:26] DEBUG: Event 2007: Processing request chunk 792...
[2026-05-11 01:04:27] DEBUG: Event 2008: Processing request chunk 661...
[2026-05-11 01:04:28] DEBUG: Event 2009: Processing request chunk 897...
[2026-05-11 01:04:29] WARN: Event 2010: Processing request chunk 256...
[2026-05-11 01:04:30] DEBUG: Event 2011: Processing request chunk 141...
[2026-05-11 01:04:31] INFO: Event 2012: Processing request chunk 564...
[2026-05-11 01:04:32] DEBUG: Event 2013: Processing request chunk 791...
[2026-05-11 01:04:33] DEBUG: Event 2014: Processing request chunk 561...
[2026-05-11 01:04:34] DEBUG: Event 2015: Processing request chunk 964...
[2026-05-11 01:04:35] DEBUG: Event 2016: Processing request chunk 311...
[2026-05-11 01:04:36] CRITICAL: Event 2017: FATAL SYSTEM FAILURE - Database connection lost at pool_id=9
[2026-05-11 01:04:37] WARN: Event 2018: Processing request chunk 726...
[2026-05-11 01:04:38] WARN: Event 2019: Processing request chunk 937...
[2026-05-11 01:04:39] DEBUG: Event 2020: Processing request chunk 184...
[2026-05-11 01:04:40] DEBUG: Event 2021: Processing request chunk 285...
[2026-05-11 01:04:41] DEBUG: Event 2022: Processing request chunk 762...
[2026-05-11 01:04:42] DEBUG: Event 2023: Processing request chunk 919...
[2026-05-11 01:04:43] DEBUG: Event 2024: Processing request chunk 538...
[2026-05-11 01:04:44] INFO: Event 2025: Processing request chunk 625...
[2026-05-11 01:04:45] DEBUG: Event 2026: Processing request chunk 989...
[2026-05-11 01:04:46] DEBUG: Event 2027: Processing request chunk 754...
[2026-05-11 01:04:47] DEBUG: Event 2028: Processing request chunk 463...
[2026-05-11 01:04:48] WARN: Event 2029: Processing request chunk 231...
[2026-05-11 01:04:49] DEBUG: Event 2030: Processing request chunk 258...
[2026-05-11 01:04:50] WARN: Event 2031: Processing request chunk 194...
[2026-05-11 01:04:51] DEBUG: Event 2032: Processing request chunk 753...
[2026-05-11 01:04:52] DEBUG: Event 2033: Processing request chunk 693...
[2026-05-11 01:04:53] DEBUG: Event 2034: Processing request chunk 520...
[2026-05-11 01:04:54] DEBUG: Event 2035: Processing request chunk 965...
[2026-05-11 01:04:55] DEBUG: Event 2036: Processing request chunk 356...
[2026-05-11 01:04:56] DEBUG: Event 2037: Processing request chunk 828...
[2026-05-11 01:04:57] INFO: Event 2038: Processing request chunk 705...
[2026-05-11 01:04:58] DEBUG: Event 2039: Processing request chunk 305...
[2026-05-11 01:04:59] DEBUG: Event 2040: Processing request chunk 955...
[2026-05-11 01:05:00] INFO: Event 2041: Processing request chunk 362...
[2026-05-11 01:05:01] INFO: Event 2042: Processing request chunk 938...
[2026-05-11 01:05:02] WARN: Event 2043: Processing request chunk 820...
[2026-05-11 01:05:03] INFO: Event 2044: Processing request chunk 859...
[2026-05-11 01:05:04] ERROR: Event 2045: Processing request chunk 400...
[2026-05-11 01:05:05] INFO: Event 2046: Processing request chunk 184...
[2026-05-11 01:05:06] DEBUG: Event 2047: Processing request chunk 707...
[2026-05-11 01:05:07] INFO: Event 2048: Processing request chunk 373...
[2026-05-11 01:05:08] DEBUG: Event 2049: Processing request chunk 426...
[2026-05-11 01:05:09] DEBUG: Event 2050: Processing request chunk 464...
[2026-05-11 01:05:10] DEBUG: Event 2051: Processing request chunk 122...
[2026-05-11 01:05:11] DEBUG: Event 2052: Processing request chunk 160...
[2026-05-11 01:05:12] DEBUG: Event 2053: Processing request chunk 101...
[2026-05-11 01:05:13] DEBUG: Event 2054: Processing request chunk 266...
[2026-05-11 01:05:14] DEBUG: Event 2055: Processing request chunk 249...
[2026-05-11 01:05:15] INFO: Event 2056: Processing request chunk 325...
[2026-05-11 01:05:16] INFO: Event 2057: Processing request chunk 299...
[2026-05-11 01:05:17] WARN: Event 2058: Processing request chunk 982...
[2026-05-11 01:05:18] DEBUG: Event 2059: Processing request chunk 739...
[2026-05-11 01:05:19] DEBUG: Event 2060: Processing request chunk 735...
[2026-05-11 01:05:20] DEBUG: Event 2061: Processing request chunk 837...
[2026-05-11 01:05:21] DEBUG: Event 2062: Processing request chunk 393...
[2026-05-11 01:05:22] INFO: Event 2063: Processing request chunk 364...
[2026-05-11 01:05:23] INFO: Event 2064: Processing request chunk 922...
[2026-05-11 01:05:24] DEBUG: Event 2065: Processing request chunk 776...
[2026-05-11 01:05:25] DEBUG: Event 2066: Processing request chunk 544...
[2026-05-11 01:05:26] DEBUG: Event 2067: Processing request chunk 830...
[2026-05-11 01:05:27] DEBUG: Event 2068: Processing request chunk 692...
[2026-05-11 01:05:28] DEBUG: Event 2069: Processing request chunk 185...
[2026-05-11 01:05:29] DEBUG: Event 2070: Processing request chunk 504...
[2026-05-11 01:05:30] DEBUG: Event 2071: Processing request chunk 340...
[2026-05-11 01:05:31] INFO: Event 2072: Processing request chunk 493...
[2026-05-11 01:05:32] DEBUG: Event 2073: Processing request chunk 775...
[2026-05-11 01:05:33] DEBUG: Event 2074: Processing request chunk 711...
[2026-05-11 01:05:34] DEBUG: Event 2075: Processing request chunk 564...
[2026-05-11 01:05:35] DEBUG: Event 2076: Processing request chunk 840...
[2026-05-11 01:05:36] WARN: Event 2077: Processing request chunk 618...
[2026-05-11 01:05:37] DEBUG: Event 2078: Processing request chunk 426...
[2026-05-11 01:05:38] DEBUG: Event 2079: Processing request chunk 414...
[2026-05-11 01:05:39] DEBUG: Event 2080: Processing request chunk 719...
[2026-05-11 01:05:40] ERROR: Event 2081: Processing request chunk 867...
[2026-05-11 01:05:41] INFO: Event 2082: Processing request chunk 636...
[2026-05-11 01:05:42] DEBUG: Event 2083: Processing request chunk 233...
[2026-05-11 01:05:43] DEBUG: Event 2084: Processing request chunk 179...
[2026-05-11 01:05:44] DEBUG: Event 2085: Processing request chunk 760...
[2026-05-11 01:05:45] DEBUG: Event 2086: Processing request chunk 591...
[2026-05-11 01:05:46] INFO: Event 2087: Processing request chunk 991...
[2026-05-11 01:05:47] DEBUG: Event 2088: Processing request chunk 892...
[2026-05-11 01:05:48] DEBUG: Event 2089: Processing request chunk 902...
[2026-05-11 01:05:49] DEBUG: Event 2090: Processing request chunk 831...
[2026-05-11 01:05:50] DEBUG: Event 2091: Processing request chunk 424...
[2026-05-11 01:05:51] INFO: Event 2092: Processing request chunk 158...
[2026-05-11 01:05:52] DEBUG: Event 2093: Processing request chunk 715...
[2026-05-11 01:05:53] DEBUG: Event 2094: Processing request chunk 697...
[2026-05-11 01:05:54] DEBUG: Event 2095: Processing request chunk 829...
[2026-05-11 01:05:55] DEBUG: Event 2096: Processing request chunk 966...
[2026-05-11 01:05:56] INFO: Event 2097: Processing request chunk 464...
[2026-05-11 01:05:57] DEBUG: Event 2098: Processing request chunk 692...
[2026-05-11 01:05:58] WARN: Event 2099: Processing request chunk 861...
[2026-05-11 01:05:59] DEBUG: Event 2100: Processing request chunk 891...
[2026-05-11 01:06:00] DEBUG: Event 2101: Processing request chunk 702...
[2026-05-11 01:06:01] INFO: Event 2102: Processing request chunk 463...
[2026-05-11 01:06:02] DEBUG: Event 2103: Processing request chunk 252...
[2026-05-11 01:06:03] INFO: Event 2104: Processing request chunk 881...
[2026-05-11 01:06:04] DEBUG: Event 2105: Processing request chunk 880...
[2026-05-11 01:06:05] WARN: Event 2106: Processing request chunk 512...
[2026-05-11 01:06:06] DEBUG: Event 2107: Processing request chunk 306...
[2026-05-11 01:06:07] WARN: Event 2108: Processing request chunk 149...
[2026-05-11 01:06:08] DEBUG: Event 2109: Processing request chunk 201...
[2026-05-11 01:06:09] DEBUG: Event 2110: Processing request chunk 745...
[2026-05-11 01:06:10] DEBUG: Event 2111: Processing request chunk 553...
[2026-05-11 01:06:11] DEBUG: Event 2112: Processing request chunk 453...
[2026-05-11 01:06:12] INFO: Event 2113: Processing request chunk 254...
[2026-05-11 01:06:13] DEBUG: Event 2114: Processing request chunk 782...
[2026-05-11 01:06:14] DEBUG: Event 2115: Processing request chunk 962...
[2026-05-11 01:06:15] DEBUG: Event 2116: Processing request chunk 855...
[2026-05-11 01:06:16] DEBUG: Event 2117: Processing request chunk 525...
[2026-05-11 01:06:17] INFO: Event 2118: Processing request chunk 755...
[2026-05-11 01:06:18] INFO: Event 2119: Processing request chunk 461...
[2026-05-11 01:06:19] DEBUG: Event 2120: Processing request chunk 223...
[2026-05-11 01:06:20] DEBUG: Event 2121: Processing request chunk 412...
[2026-05-11 01:06:21] INFO: Event 2122: Processing request chunk 711...
[2026-05-11 01:06:22] DEBUG: Event 2123: Processing request chunk 515...
[2026-05-11 01:06:23] INFO: Event 2124: Processing request chunk 235...
[2026-05-11 01:06:24] INFO: Event 2125: Processing request chunk 681...
[2026-05-11 01:06:25] DEBUG: Event 2126: Processing request chunk 667...
[2026-05-11 01:06:26] DEBUG: Event 2127: Processing request chunk 629...
[2026-05-11 01:06:27] DEBUG: Event 2128: Processing request chunk 142...
[2026-05-11 01:06:28] ERROR: Event 2129: Processing request chunk 252...
[2026-05-11 01:06:29] DEBUG: Event 2130: Processing request chunk 963...
[2026-05-11 01:06:30] DEBUG: Event 2131: Processing request chunk 468...
[2026-05-11 01:06:31] DEBUG: Event 2132: Processing request chunk 174...
[2026-05-11 01:06:32] DEBUG: Event 2133: Processing request chunk 439...
[2026-05-11 01:06:33] DEBUG: Event 2134: Processing request chunk 829...
[2026-05-11 01:06:34] DEBUG: Event 2135: Processing request chunk 568...
[2026-05-11 01:06:35] DEBUG: Event 2136: Processing request chunk 551...
[2026-05-11 01:06:36] DEBUG: Event 2137: Processing request chunk 362...
[2026-05-11 01:06:37] WARN: Event 2138: Processing request chunk 173...
[2026-05-11 01:06:38] DEBUG: Event 2139: Processing request chunk 665...
[2026-05-11 01:06:39] WARN: Event 2140: Processing request chunk 537...
[2026-05-11 01:06:40] DEBUG: Event 2141: Processing request chunk 640...
[2026-05-11 01:06:41] INFO: Event 2142: Processing request chunk 548...
[2026-05-11 01:06:42] DEBUG: Event 2143: Processing request chunk 128...
[2026-05-11 01:06:43] DEBUG: Event 2144: Processing request chunk 259...
[2026-05-11 01:06:44] DEBUG: Event 2145: Processing request chunk 959...
[2026-05-11 01:06:45] DEBUG: Event 2146: Processing request chunk 729...
[2026-05-11 01:06:46] DEBUG: Event 2147: Processing request chunk 679...
[2026-05-11 01:06:47] INFO: Event 2148: Processing request chunk 718...
[2026-05-11 01:06:48] DEBUG: Event 2149: Processing request chunk 956...
[2026-05-11 01:06:49] DEBUG: Event 2150: Processing request chunk 569...
[2026-05-11 01:06:50] DEBUG: Event 2151: Processing request chunk 678...
[2026-05-11 01:06:51] DEBUG: Event 2152: Processing request chunk 168...
[2026-05-11 01:06:52] DEBUG: Event 2153: Processing request chunk 117...
[2026-05-11 01:06:53] DEBUG: Event 2154: Processing request chunk 306...
[2026-05-11 01:06:54] DEBUG: Event 2155: Processing request chunk 292...
[2026-05-11 01:06:55] DEBUG: Event 2156: Processing request chunk 292...
[2026-05-11 01:06:56] DEBUG: Event 2157: Processing request chunk 988...
[2026-05-11 01:06:57] INFO: Event 2158: Processing request chunk 977...
[2026-05-11 01:06:58] DEBUG: Event 2159: Processing request chunk 120...
[2026-05-11 01:06:59] DEBUG: Event 2160: Processing request chunk 624...
[2026-05-11 01:07:00] WARN: Event 2161: Processing request chunk 596...
[2026-05-11 01:07:01] DEBUG: Event 2162: Processing request chunk 662...
[2026-05-11 01:07:02] DEBUG: Event 2163: Processing request chunk 590...
[2026-05-11 01:07:03] WARN: Event 2164: Processing request chunk 365...
[2026-05-11 01:07:04] INFO: Event 2165: Processing request chunk 123...
[2026-05-11 01:07:05] DEBUG: Event 2166: Processing request chunk 245...
[2026-05-11 01:07:06] DEBUG: Event 2167: Processing request chunk 762...
[2026-05-11 01:07:07] DEBUG: Event 2168: Processing request chunk 530...
[2026-05-11 01:07:08] DEBUG: Event 2169: Processing request chunk 223...
[2026-05-11 01:07:09] INFO: Event 2170: Processing request chunk 415...
[2026-05-11 01:07:10] DEBUG: Event 2171: Processing request chunk 874...
[2026-05-11 01:07:11] INFO: Event 2172: Processing request chunk 204...
[2026-05-11 01:07:12] DEBUG: Event 2173: Processing request chunk 541...
[2026-05-11 01:07:13] DEBUG: Event 2174: Processing request chunk 681...
[2026-05-11 01:07:14] DEBUG: Event 2175: Processing request chunk 709...
[2026-05-11 01:07:15] DEBUG: Event 2176: Processing request chunk 310...
[2026-05-11 01:07:16] WARN: Event 2177: Processing request chunk 974...
[2026-05-11 01:07:17] DEBUG: Event 2178: Processing request chunk 756...
[2026-05-11 01:07:18] DEBUG: Event 2179: Processing request chunk 501...
[2026-05-11 01:07:19] DEBUG: Event 2180: Processing request chunk 901...
[2026-05-11 01:07:20] INFO: Event 2181: Processing request chunk 619...
[2026-05-11 01:07:21] INFO: Event 2182: Processing request chunk 750...
[2026-05-11 01:07:22] DEBUG: Event 2183: Processing request chunk 686...
[2026-05-11 01:07:23] DEBUG: Event 2184: Processing request chunk 791...
[2026-05-11 01:07:24] DEBUG: Event 2185: Processing request chunk 175...
[2026-05-11 01:07:25] DEBUG: Event 2186: Processing request chunk 837...
[2026-05-11 01:07:26] DEBUG: Event 2187: Processing request chunk 141...
[2026-05-11 01:07:27] DEBUG: Event 2188: Processing request chunk 711...
[2026-05-11 01:07:28] DEBUG: Event 2189: Processing request chunk 659...
[2026-05-11 01:07:29] DEBUG: Event 2190: Processing request chunk 311...
[2026-05-11 01:07:30] DEBUG: Event 2191: Processing request chunk 852...
[2026-05-11 01:07:31] DEBUG: Event 2192: Processing request chunk 198...
[2026-05-11 01:07:32] WARN: Event 2193: Processing request chunk 171...
[2026-05-11 01:07:33] DEBUG: Event 2194: Processing request chunk 165...
[2026-05-11 01:07:34] DEBUG: Event 2195: Processing request chunk 386...
[2026-05-11 01:07:35] DEBUG: Event 2196: Processing request chunk 160...
[2026-05-11 01:07:36] INFO: Event 2197: Processing request chunk 638...
[2026-05-11 01:07:37] DEBUG: Event 2198: Processing request chunk 969...
[2026-05-11 01:07:38] ERROR: Event 2199: Processing request chunk 705...
[2026-05-11 01:07:39] DEBUG: Event 2200: Processing request chunk 661...
[2026-05-11 01:07:40] INFO: Event 2201: Processing request chunk 948...
[2026-05-11 01:07:41] INFO: Event 2202: Processing request chunk 830...
[2026-05-11 01:07:42] DEBUG: Event 2203: Processing request chunk 701...
[2026-05-11 01:07:43] INFO: Event 2204: Processing request chunk 112...
[2026-05-11 01:07:44] WARN: Event 2205: Processing request chunk 582...
[2026-05-11 01:07:45] DEBUG: Event 2206: Processing request chunk 560...
[2026-05-11 01:07:46] DEBUG: Event 2207: Processing request chunk 982...
[2026-05-11 01:07:47] DEBUG: Event 2208: Processing request chunk 822...
[2026-05-11 01:07:48] DEBUG: Event 2209: Processing request chunk 146...
[2026-05-11 01:07:49] DEBUG: Event 2210: Processing request chunk 138...
[2026-05-11 01:07:50] DEBUG: Event 2211: Processing request chunk 161...
[2026-05-11 01:07:51] DEBUG: Event 2212: Processing request chunk 197...
[2026-05-11 01:07:52] INFO: Event 2213: Processing request chunk 115...
[2026-05-11 01:07:53] WARN: Event 2214: Processing request chunk 765...
[2026-05-11 01:07:54] DEBUG: Event 2215: Processing request chunk 680...
[2026-05-11 01:07:55] DEBUG: Event 2216: Processing request chunk 937...
[2026-05-11 01:07:56] DEBUG: Event 2217: Processing request chunk 158...
[2026-05-11 01:07:57] DEBUG: Event 2218: Processing request chunk 329...
[2026-05-11 01:07:58] DEBUG: Event 2219: Processing request chunk 631...
[2026-05-11 01:07:59] DEBUG: Event 2220: Processing request chunk 967...
[2026-05-11 01:08:00] INFO: Event 2221: Processing request chunk 678...
[2026-05-11 01:08:01] WARN: Event 2222: Processing request chunk 292...
[2026-05-11 01:08:02] DEBUG: Event 2223: Processing request chunk 301...
[2026-05-11 01:08:03] DEBUG: Event 2224: Processing request chunk 139...
[2026-05-11 01:08:04] INFO: Event 2225: Processing request chunk 728...
[2026-05-11 01:08:05] WARN: Event 2226: Processing request chunk 172...
[2026-05-11 01:08:06] DEBUG: Event 2227: Processing request chunk 969...
[2026-05-11 01:08:07] DEBUG: Event 2228: Processing request chunk 826...
[2026-05-11 01:08:08] WARN: Event 2229: Processing request chunk 972...
[2026-05-11 01:08:09] DEBUG: Event 2230: Processing request chunk 281...
[2026-05-11 01:08:10] DEBUG: Event 2231: Processing request chunk 755...
[2026-05-11 01:08:11] DEBUG: Event 2232: Processing request chunk 102...
[2026-05-11 01:08:12] INFO: Event 2233: Processing request chunk 694...
[2026-05-11 01:08:13] INFO: Event 2234: Processing request chunk 389...
[2026-05-11 01:08:14] INFO: Event 2235: Processing request chunk 200...
[2026-05-11 01:08:15] DEBUG: Event 2236: Processing request chunk 911...
[2026-05-11 01:08:16] DEBUG: Event 2237: Processing request chunk 887...
[2026-05-11 01:08:17] DEBUG: Event 2238: Processing request chunk 943...
[2026-05-11 01:08:18] DEBUG: Event 2239: Processing request chunk 939...
[2026-05-11 01:08:19] INFO: Event 2240: Processing request chunk 649...
[2026-05-11 01:08:20] DEBUG: Event 2241: Processing request chunk 993...
[2026-05-11 01:08:21] DEBUG: Event 2242: Processing request chunk 776...
[2026-05-11 01:08:22] DEBUG: Event 2243: Processing request chunk 930...
[2026-05-11 01:08:23] DEBUG: Event 2244: Processing request chunk 570...
[2026-05-11 01:08:24] DEBUG: Event 2245: Processing request chunk 813...
[2026-05-11 01:08:25] DEBUG: Event 2246: Processing request chunk 443...
[2026-05-11 01:08:26] DEBUG: Event 2247: Processing request chunk 270...
[2026-05-11 01:08:27] DEBUG: Event 2248: Processing request chunk 784...
[2026-05-11 01:08:28] WARN: Event 2249: Processing request chunk 620...
[2026-05-11 01:08:29] DEBUG: Event 2250: Processing request chunk 257...
[2026-05-11 01:08:30] DEBUG: Event 2251: Processing request chunk 888...
[2026-05-11 01:08:31] DEBUG: Event 2252: Processing request chunk 683...
[2026-05-11 01:08:32] DEBUG: Event 2253: Processing request chunk 319...
[2026-05-11 01:08:33] DEBUG: Event 2254: Processing request chunk 372...
[2026-05-11 01:08:34] DEBUG: Event 2255: Processing request chunk 684...
[2026-05-11 01:08:35] DEBUG: Event 2256: Processing request chunk 864...
[2026-05-11 01:08:36] DEBUG: Event 2257: Processing request chunk 696...
[2026-05-11 01:08:37] DEBUG: Event 2258: Processing request chunk 346...
[2026-05-11 01:08:38] DEBUG: Event 2259: Processing request chunk 625...
[2026-05-11 01:08:39] DEBUG: Event 2260: Processing request chunk 862...
[2026-05-11 01:08:40] DEBUG: Event 2261: Processing request chunk 705...
[2026-05-11 01:08:41] DEBUG: Event 2262: Processing request chunk 485...
[2026-05-11 01:08:42] DEBUG: Event 2263: Processing request chunk 695...
[2026-05-11 01:08:43] DEBUG: Event 2264: Processing request chunk 266...
[2026-05-11 01:08:44] DEBUG: Event 2265: Processing request chunk 510...
[2026-05-11 01:08:45] DEBUG: Event 2266: Processing request chunk 870...
[2026-05-11 01:08:46] DEBUG: Event 2267: Processing request chunk 612...
[2026-05-11 01:08:47] DEBUG: Event 2268: Processing request chunk 658...
[2026-05-11 01:08:48] DEBUG: Event 2269: Processing request chunk 229...
[2026-05-11 01:08:49] DEBUG: Event 2270: Processing request chunk 426...
[2026-05-11 01:08:50] INFO: Event 2271: Processing request chunk 135...
[2026-05-11 01:08:51] INFO: Event 2272: Processing request chunk 574...
[2026-05-11 01:08:52] DEBUG: Event 2273: Processing request chunk 301...
[2026-05-11 01:08:53] DEBUG: Event 2274: Processing request chunk 643...
[2026-05-11 01:08:54] INFO: Event 2275: Processing request chunk 719...
[2026-05-11 01:08:55] DEBUG: Event 2276: Processing request chunk 448...
[2026-05-11 01:08:56] DEBUG: Event 2277: Processing request chunk 245...
[2026-05-11 01:08:57] DEBUG: Event 2278: Processing request chunk 453...
[2026-05-11 01:08:58] DEBUG: Event 2279: Processing request chunk 393...
[2026-05-11 01:08:59] WARN: Event 2280: Processing request chunk 527...
[2026-05-11 01:09:00] DEBUG: Event 2281: Processing request chunk 316...
[2026-05-11 01:09:01] DEBUG: Event 2282: Processing request chunk 398...
[2026-05-11 01:09:02] CRITICAL: Event 2283: FATAL SYSTEM FAILURE - Database connection lost at pool_id=3
[2026-05-11 01:09:03] DEBUG: Event 2284: Processing request chunk 250...
[2026-05-11 01:09:04] DEBUG: Event 2285: Processing request chunk 671...
[2026-05-11 01:09:05] DEBUG: Event 2286: Processing request chunk 503...
[2026-05-11 01:09:06] DEBUG: Event 2287: Processing request chunk 355...
[2026-05-11 01:09:07] DEBUG: Event 2288: Processing request chunk 311...
[2026-05-11 01:09:08] DEBUG: Event 2289: Processing request chunk 688...
[2026-05-11 01:09:09] DEBUG: Event 2290: Processing request chunk 368...
[2026-05-11 01:09:10] INFO: Event 2291: Processing request chunk 117...
[2026-05-11 01:09:11] DEBUG: Event 2292: Processing request chunk 752...
[2026-05-11 01:09:12] ERROR: Event 2293: Processing request chunk 951...
[2026-05-11 01:09:13] DEBUG: Event 2294: Processing request chunk 663...
[2026-05-11 01:09:14] DEBUG: Event 2295: Processing request chunk 447...
[2026-05-11 01:09:15] WARN: Event 2296: Processing request chunk 152...
[2026-05-11 01:09:16] DEBUG: Event 2297: Processing request chunk 902...
[2026-05-11 01:09:17] DEBUG: Event 2298: Processing request chunk 812...
[2026-05-11 01:09:18] DEBUG: Event 2299: Processing request chunk 827...
[2026-05-11 01:09:19] DEBUG: Event 2300: Processing request chunk 205...
[2026-05-11 01:09:20] DEBUG: Event 2301: Processing request chunk 927...
[2026-05-11 01:09:21] INFO: Event 2302: Processing request chunk 256...
[2026-05-11 01:09:22] DEBUG: Event 2303: Processing request chunk 733...
[2026-05-11 01:09:23] DEBUG: Event 2304: Processing request chunk 228...
[2026-05-11 01:09:24] INFO: Event 2305: Processing request chunk 740...
[2026-05-11 01:09:25] DEBUG: Event 2306: Processing request chunk 985...
[2026-05-11 01:09:26] INFO: Event 2307: Processing request chunk 193...
[2026-05-11 01:09:27] INFO: Event 2308: Processing request chunk 915...
[2026-05-11 01:09:28] DEBUG: Event 2309: Processing request chunk 445...
[2026-05-11 01:09:29] INFO: Event 2310: Processing request chunk 120...
[2026-05-11 01:09:30] INFO: Event 2311: Processing request chunk 911...
[2026-05-11 01:09:31] INFO: Event 2312: Processing request chunk 745...
[2026-05-11 01:09:32] DEBUG: Event 2313: Processing request chunk 193...
[2026-05-11 01:09:33] DEBUG: Event 2314: Processing request chunk 178...
[2026-05-11 01:09:34] DEBUG: Event 2315: Processing request chunk 769...
[2026-05-11 01:09:35] INFO: Event 2316: Processing request chunk 938...
[2026-05-11 01:09:36] DEBUG: Event 2317: Processing request chunk 295...
[2026-05-11 01:09:37] INFO: Event 2318: Processing request chunk 495...
[2026-05-11 01:09:38] INFO: Event 2319: Processing request chunk 869...
[2026-05-11 01:09:39] DEBUG: Event 2320: Processing request chunk 121...
[2026-05-11 01:09:40] DEBUG: Event 2321: Processing request chunk 649...
[2026-05-11 01:09:41] DEBUG: Event 2322: Processing request chunk 436...
[2026-05-11 01:09:42] DEBUG: Event 2323: Processing request chunk 385...
[2026-05-11 01:09:43] DEBUG: Event 2324: Processing request chunk 568...
[2026-05-11 01:09:44] DEBUG: Event 2325: Processing request chunk 200...
[2026-05-11 01:09:45] WARN: Event 2326: Processing request chunk 513...
[2026-05-11 01:09:46] DEBUG: Event 2327: Processing request chunk 281...
[2026-05-11 01:09:47] INFO: Event 2328: Processing request chunk 223...
[2026-05-11 01:09:48] INFO: Event 2329: Processing request chunk 828...
[2026-05-11 01:09:49] INFO: Event 2330: Processing request chunk 959...
[2026-05-11 01:09:50] WARN: Event 2331: Processing request chunk 601...
[2026-05-11 01:09:51] DEBUG: Event 2332: Processing request chunk 276...
[2026-05-11 01:09:52] DEBUG: Event 2333: Processing request chunk 665...
[2026-05-11 01:09:53] WARN: Event 2334: Processing request chunk 978...
[2026-05-11 01:09:54] DEBUG: Event 2335: Processing request chunk 165...
[2026-05-11 01:09:55] DEBUG: Event 2336: Processing request chunk 134...
[2026-05-11 01:09:56] DEBUG: Event 2337: Processing request chunk 999...
[2026-05-11 01:09:57] DEBUG: Event 2338: Processing request chunk 538...
[2026-05-11 01:09:58] DEBUG: Event 2339: Processing request chunk 300...
[2026-05-11 01:09:59] DEBUG: Event 2340: Processing request chunk 600...
[2026-05-11 01:10:00] DEBUG: Event 2341: Processing request chunk 933...
[2026-05-11 01:10:01] DEBUG: Event 2342: Processing request chunk 949...
[2026-05-11 01:10:02] DEBUG: Event 2343: Processing request chunk 546...
[2026-05-11 01:10:03] DEBUG: Event 2344: Processing request chunk 680...
[2026-05-11 01:10:04] DEBUG: Event 2345: Processing request chunk 946...
[2026-05-11 01:10:05] DEBUG: Event 2346: Processing request chunk 136...
[2026-05-11 01:10:06] DEBUG: Event 2347: Processing request chunk 831...
[2026-05-11 01:10:07] INFO: Event 2348: Processing request chunk 173...
[2026-05-11 01:10:08] DEBUG: Event 2349: Processing request chunk 578...
[2026-05-11 01:10:09] DEBUG: Event 2350: Processing request chunk 108...
[2026-05-11 01:10:10] DEBUG: Event 2351: Processing request chunk 211...
[2026-05-11 01:10:11] DEBUG: Event 2352: Processing request chunk 139...
[2026-05-11 01:10:12] INFO: Event 2353: Processing request chunk 296...
[2026-05-11 01:10:13] INFO: Event 2354: Processing request chunk 353...
[2026-05-11 01:10:14] DEBUG: Event 2355: Processing request chunk 294...
[2026-05-11 01:10:15] DEBUG: Event 2356: Processing request chunk 230...
[2026-05-11 01:10:16] DEBUG: Event 2357: Processing request chunk 292...
[2026-05-11 01:10:17] DEBUG: Event 2358: Processing request chunk 885...
[2026-05-11 01:10:18] DEBUG: Event 2359: Processing request chunk 911...
[2026-05-11 01:10:19] DEBUG: Event 2360: Processing request chunk 332...
[2026-05-11 01:10:20] WARN: Event 2361: Processing request chunk 449...
[2026-05-11 01:10:21] DEBUG: Event 2362: Processing request chunk 284...
[2026-05-11 01:10:22] INFO: Event 2363: Processing request chunk 814...
[2026-05-11 01:10:23] DEBUG: Event 2364: Processing request chunk 497...
[2026-05-11 01:10:24] DEBUG: Event 2365: Processing request chunk 640...
[2026-05-11 01:10:25] DEBUG: Event 2366: Processing request chunk 396...
[2026-05-11 01:10:26] DEBUG: Event 2367: Processing request chunk 550...
[2026-05-11 01:10:27] DEBUG: Event 2368: Processing request chunk 960...
[2026-05-11 01:10:28] WARN: Event 2369: Processing request chunk 229...
[2026-05-11 01:10:29] DEBUG: Event 2370: Processing request chunk 446...
[2026-05-11 01:10:30] CRITICAL: Event 2371: FATAL SYSTEM FAILURE - Database connection lost at pool_id=6
[2026-05-11 01:10:31] WARN: Event 2372: Processing request chunk 731...
[2026-05-11 01:10:32] DEBUG: Event 2373: Processing request chunk 318...
[2026-05-11 01:10:33] ERROR: Event 2374: Processing request chunk 124...
[2026-05-11 01:10:34] INFO: Event 2375: Processing request chunk 665...
[2026-05-11 01:10:35] DEBUG: Event 2376: Processing request chunk 766...
[2026-05-11 01:10:36] DEBUG: Event 2377: Processing request chunk 786...
[2026-05-11 01:10:37] ERROR: Event 2378: Processing request chunk 105...
[2026-05-11 01:10:38] DEBUG: Event 2379: Processing request chunk 199...
[2026-05-11 01:10:39] DEBUG: Event 2380: Processing request chunk 731...
[2026-05-11 01:10:40] INFO: Event 2381: Processing request chunk 516...
[2026-05-11 01:10:41] INFO: Event 2382: Processing request chunk 923...
[2026-05-11 01:10:42] DEBUG: Event 2383: Processing request chunk 226...
[2026-05-11 01:10:43] WARN: Event 2384: Processing request chunk 245...
[2026-05-11 01:10:44] DEBUG: Event 2385: Processing request chunk 730...
[2026-05-11 01:10:45] DEBUG: Event 2386: Processing request chunk 871...
[2026-05-11 01:10:46] DEBUG: Event 2387: Processing request chunk 285...
[2026-05-11 01:10:47] INFO: Event 2388: Processing request chunk 338...
[2026-05-11 01:10:48] INFO: Event 2389: Processing request chunk 183...
[2026-05-11 01:10:49] DEBUG: Event 2390: Processing request chunk 121...
[2026-05-11 01:10:50] DEBUG: Event 2391: Processing request chunk 300...
[2026-05-11 01:10:51] ERROR: Event 2392: Processing request chunk 258...
[2026-05-11 01:10:52] WARN: Event 2393: Processing request chunk 275...
[2026-05-11 01:10:53] INFO: Event 2394: Processing request chunk 364...
[2026-05-11 01:10:54] DEBUG: Event 2395: Processing request chunk 733...
[2026-05-11 01:10:55] DEBUG: Event 2396: Processing request chunk 883...
[2026-05-11 01:10:56] DEBUG: Event 2397: Processing request chunk 234...
[2026-05-11 01:10:57] DEBUG: Event 2398: Processing request chunk 993...
[2026-05-11 01:10:58] DEBUG: Event 2399: Processing request chunk 751...
[2026-05-11 01:10:59] INFO: Event 2400: Processing request chunk 703...
[2026-05-11 01:11:00] DEBUG: Event 2401: Processing request chunk 416...
[2026-05-11 01:11:01] DEBUG: Event 2402: Processing request chunk 837...
[2026-05-11 01:11:02] DEBUG: Event 2403: Processing request chunk 876...
[2026-05-11 01:11:03] DEBUG: Event 2404: Processing request chunk 524...
[2026-05-11 01:11:04] DEBUG: Event 2405: Processing request chunk 320...
[2026-05-11 01:11:05] INFO: Event 2406: Processing request chunk 380...
[2026-05-11 01:11:06] DEBUG: Event 2407: Processing request chunk 575...
[2026-05-11 01:11:07] DEBUG: Event 2408: Processing request chunk 665...
[2026-05-11 01:11:08] DEBUG: Event 2409: Processing request chunk 457...
[2026-05-11 01:11:09] DEBUG: Event 2410: Processing request chunk 349...
[2026-05-11 01:11:10] DEBUG: Event 2411: Processing request chunk 884...
[2026-05-11 01:11:11] DEBUG: Event 2412: Processing request chunk 533...
[2026-05-11 01:11:12] DEBUG: Event 2413: Processing request chunk 412...
[2026-05-11 01:11:13] DEBUG: Event 2414: Processing request chunk 935...
[2026-05-11 01:11:14] DEBUG: Event 2415: Processing request chunk 186...
[2026-05-11 01:11:15] DEBUG: Event 2416: Processing request chunk 850...
[2026-05-11 01:11:16] DEBUG: Event 2417: Processing request chunk 209...
[2026-05-11 01:11:17] DEBUG: Event 2418: Processing request chunk 811...
[2026-05-11 01:11:18] DEBUG: Event 2419: Processing request chunk 613...
[2026-05-11 01:11:19] DEBUG: Event 2420: Processing request chunk 488...
[2026-05-11 01:11:20] DEBUG: Event 2421: Processing request chunk 593...
[2026-05-11 01:11:21] INFO: Event 2422: Processing request chunk 329...
[2026-05-11 01:11:22] DEBUG: Event 2423: Processing request chunk 323...
[2026-05-11 01:11:23] DEBUG: Event 2424: Processing request chunk 719...
[2026-05-11 01:11:24] DEBUG: Event 2425: Processing request chunk 822...
[2026-05-11 01:11:25] WARN: Event 2426: Processing request chunk 256...
[2026-05-11 01:11:26] INFO: Event 2427: Processing request chunk 815...
[2026-05-11 01:11:27] DEBUG: Event 2428: Processing request chunk 695...
[2026-05-11 01:11:28] DEBUG: Event 2429: Processing request chunk 751...
[2026-05-11 01:11:29] INFO: Event 2430: Processing request chunk 283...
[2026-05-11 01:11:30] DEBUG: Event 2431: Processing request chunk 945...
[2026-05-11 01:11:31] DEBUG: Event 2432: Processing request chunk 301...
[2026-05-11 01:11:32] INFO: Event 2433: Processing request chunk 446...
[2026-05-11 01:11:33] DEBUG: Event 2434: Processing request chunk 635...
[2026-05-11 01:11:34] DEBUG: Event 2435: Processing request chunk 701...
[2026-05-11 01:11:35] DEBUG: Event 2436: Processing request chunk 188...
[2026-05-11 01:11:36] INFO: Event 2437: Processing request chunk 352...
[2026-05-11 01:11:37] INFO: Event 2438: Processing request chunk 778...
[2026-05-11 01:11:38] DEBUG: Event 2439: Processing request chunk 855...
[2026-05-11 01:11:39] WARN: Event 2440: Processing request chunk 395...
[2026-05-11 01:11:40] DEBUG: Event 2441: Processing request chunk 561...
[2026-05-11 01:11:41] DEBUG: Event 2442: Processing request chunk 560...
[2026-05-11 01:11:42] INFO: Event 2443: Processing request chunk 341...
[2026-05-11 01:11:43] DEBUG: Event 2444: Processing request chunk 561...
[2026-05-11 01:11:44] DEBUG: Event 2445: Processing request chunk 457...
[2026-05-11 01:11:45] DEBUG: Event 2446: Processing request chunk 771...
[2026-05-11 01:11:46] DEBUG: Event 2447: Processing request chunk 753...
[2026-05-11 01:11:47] INFO: Event 2448: Processing request chunk 386...
[2026-05-11 01:11:48] DEBUG: Event 2449: Processing request chunk 218...
[2026-05-11 01:11:49] DEBUG: Event 2450: Processing request chunk 965...
[2026-05-11 01:11:50] INFO: Event 2451: Processing request chunk 146...
[2026-05-11 01:11:51] DEBUG: Event 2452: Processing request chunk 773...
[2026-05-11 01:11:52] DEBUG: Event 2453: Processing request chunk 694...
[2026-05-11 01:11:53] DEBUG: Event 2454: Processing request chunk 943...
[2026-05-11 01:11:54] DEBUG: Event 2455: Processing request chunk 187...
[2026-05-11 01:11:55] DEBUG: Event 2456: Processing request chunk 440...
[2026-05-11 01:11:56] DEBUG: Event 2457: Processing request chunk 190...
[2026-05-11 01:11:57] DEBUG: Event 2458: Processing request chunk 193...
[2026-05-11 01:11:58] INFO: Event 2459: Processing request chunk 996...
[2026-05-11 01:11:59] DEBUG: Event 2460: Processing request chunk 337...
[2026-05-11 01:12:00] INFO: Event 2461: Processing request chunk 316...
[2026-05-11 01:12:01] DEBUG: Event 2462: Processing request chunk 554...
[2026-05-11 01:12:02] DEBUG: Event 2463: Processing request chunk 737...
[2026-05-11 01:12:03] DEBUG: Event 2464: Processing request chunk 594...
[2026-05-11 01:12:04] DEBUG: Event 2465: Processing request chunk 401...
[2026-05-11 01:12:05] DEBUG: Event 2466: Processing request chunk 616...
[2026-05-11 01:12:06] INFO: Event 2467: Processing request chunk 591...
[2026-05-11 01:12:07] DEBUG: Event 2468: Processing request chunk 110...
[2026-05-11 01:12:08] DEBUG: Event 2469: Processing request chunk 910...
[2026-05-11 01:12:09] INFO: Event 2470: Processing request chunk 431...
[2026-05-11 01:12:10] INFO: Event 2471: Processing request chunk 731...
[2026-05-11 01:12:11] DEBUG: Event 2472: Processing request chunk 487...
[2026-05-11 01:12:12] DEBUG: Event 2473: Processing request chunk 769...
[2026-05-11 01:12:13] DEBUG: Event 2474: Processing request chunk 831...
[2026-05-11 01:12:14] DEBUG: Event 2475: Processing request chunk 629...
[2026-05-11 01:12:15] DEBUG: Event 2476: Processing request chunk 652...
[2026-05-11 01:12:16] INFO: Event 2477: Processing request chunk 945...
[2026-05-11 01:12:17] DEBUG: Event 2478: Processing request chunk 262...
[2026-05-11 01:12:18] INFO: Event 2479: Processing request chunk 836...
[2026-05-11 01:12:19] DEBUG: Event 2480: Processing request chunk 391...
[2026-05-11 01:12:20] DEBUG: Event 2481: Processing request chunk 538...
[2026-05-11 01:12:21] DEBUG: Event 2482: Processing request chunk 439...
[2026-05-11 01:12:22] DEBUG: Event 2483: Processing request chunk 674...
[2026-05-11 01:12:23] DEBUG: Event 2484: Processing request chunk 315...
[2026-05-11 01:12:24] DEBUG: Event 2485: Processing request chunk 716...
[2026-05-11 01:12:25] DEBUG: Event 2486: Processing request chunk 823...
[2026-05-11 01:12:26] INFO: Event 2487: Processing request chunk 119...
[2026-05-11 01:12:27] INFO: Event 2488: Processing request chunk 678...
[2026-05-11 01:12:28] DEBUG: Event 2489: Processing request chunk 129...
[2026-05-11 01:12:29] INFO: Event 2490: Processing request chunk 247...
[2026-05-11 01:12:30] WARN: Event 2491: Processing request chunk 251...
[2026-05-11 01:12:31] DEBUG: Event 2492: Processing request chunk 857...
[2026-05-11 01:12:32] DEBUG: Event 2493: Processing request chunk 838...
[2026-05-11 01:12:33] DEBUG: Event 2494: Processing request chunk 353...
[2026-05-11 01:12:34] DEBUG: Event 2495: Processing request chunk 708...
[2026-05-11 01:12:35] DEBUG: Event 2496: Processing request chunk 691...
[2026-05-11 01:12:36] DEBUG: Event 2497: Processing request chunk 427...
[2026-05-11 01:12:37] DEBUG: Event 2498: Processing request chunk 989...
[2026-05-11 01:12:38] DEBUG: Event 2499: Processing request chunk 387...
[2026-05-11 01:12:39] INFO: Event 2500: Processing request chunk 750...
[2026-05-11 01:12:40] INFO: Event 2501: Processing request chunk 135...
[2026-05-11 01:12:41] DEBUG: Event 2502: Processing request chunk 935...
[2026-05-11 01:12:42] DEBUG: Event 2503: Processing request chunk 669...
[2026-05-11 01:12:43] DEBUG: Event 2504: Processing request chunk 493...
[2026-05-11 01:12:44] DEBUG: Event 2505: Processing request chunk 633...
[2026-05-11 01:12:45] DEBUG: Event 2506: Processing request chunk 374...
[2026-05-11 01:12:46] DEBUG: Event 2507: Processing request chunk 677...
[2026-05-11 01:12:47] DEBUG: Event 2508: Processing request chunk 615...
[2026-05-11 01:12:48] DEBUG: Event 2509: Processing request chunk 499...
[2026-05-11 01:12:49] DEBUG: Event 2510: Processing request chunk 692...
[2026-05-11 01:12:50] DEBUG: Event 2511: Processing request chunk 144...
[2026-05-11 01:12:51] INFO: Event 2512: Processing request chunk 201...
[2026-05-11 01:12:52] DEBUG: Event 2513: Processing request chunk 213...
[2026-05-11 01:12:53] DEBUG: Event 2514: Processing request chunk 612...
[2026-05-11 01:12:54] DEBUG: Event 2515: Processing request chunk 909...
[2026-05-11 01:12:55] DEBUG: Event 2516: Processing request chunk 333...
[2026-05-11 01:12:56] ERROR: Event 2517: Processing request chunk 375...
[2026-05-11 01:12:57] DEBUG: Event 2518: Processing request chunk 346...
[2026-05-11 01:12:58] DEBUG: Event 2519: Processing request chunk 806...
[2026-05-11 01:12:59] INFO: Event 2520: Processing request chunk 344...
[2026-05-11 01:13:00] INFO: Event 2521: Processing request chunk 279...
[2026-05-11 01:13:01] INFO: Event 2522: Processing request chunk 241...
[2026-05-11 01:13:02] DEBUG: Event 2523: Processing request chunk 469...
[2026-05-11 01:13:03] WARN: Event 2524: Processing request chunk 560...
[2026-05-11 01:13:04] INFO: Event 2525: Processing request chunk 608...
[2026-05-11 01:13:05] DEBUG: Event 2526: Processing request chunk 816...
[2026-05-11 01:13:06] DEBUG: Event 2527: Processing request chunk 666...
[2026-05-11 01:13:07] DEBUG: Event 2528: Processing request chunk 749...
[2026-05-11 01:13:08] DEBUG: Event 2529: Processing request chunk 458...
[2026-05-11 01:13:09] DEBUG: Event 2530: Processing request chunk 685...
[2026-05-11 01:13:10] INFO: Event 2531: Processing request chunk 571...
[2026-05-11 01:13:11] INFO: Event 2532: Processing request chunk 914...
[2026-05-11 01:13:12] INFO: Event 2533: Processing request chunk 927...
[2026-05-11 01:13:13] INFO: Event 2534: Processing request chunk 311...
[2026-05-11 01:13:14] ERROR: Event 2535: Processing request chunk 861...
[2026-05-11 01:13:15] INFO: Event 2536: Processing request chunk 252...
[2026-05-11 01:13:16] DEBUG: Event 2537: Processing request chunk 993...
[2026-05-11 01:13:17] DEBUG: Event 2538: Processing request chunk 968...
[2026-05-11 01:13:18] INFO: Event 2539: Processing request chunk 789...
[2026-05-11 01:13:19] DEBUG: Event 2540: Processing request chunk 426...
[2026-05-11 01:13:20] DEBUG: Event 2541: Processing request chunk 491...
[2026-05-11 01:13:21] INFO: Event 2542: Processing request chunk 680...
[2026-05-11 01:13:22] INFO: Event 2543: Processing request chunk 772...
[2026-05-11 01:13:23] WARN: Event 2544: Processing request chunk 188...
[2026-05-11 01:13:24] DEBUG: Event 2545: Processing request chunk 790...
[2026-05-11 01:13:25] DEBUG: Event 2546: Processing request chunk 966...
[2026-05-11 01:13:26] DEBUG: Event 2547: Processing request chunk 430...
[2026-05-11 01:13:27] INFO: Event 2548: Processing request chunk 520...
[2026-05-11 01:13:28] INFO: Event 2549: Processing request chunk 450...
[2026-05-11 01:13:29] DEBUG: Event 2550: Processing request chunk 285...
[2026-05-11 01:13:30] DEBUG: Event 2551: Processing request chunk 684...
[2026-05-11 01:13:31] DEBUG: Event 2552: Processing request chunk 419...
[2026-05-11 01:13:32] INFO: Event 2553: Processing request chunk 546...
[2026-05-11 01:13:33] DEBUG: Event 2554: Processing request chunk 646...
[2026-05-11 01:13:34] DEBUG: Event 2555: Processing request chunk 670...
[2026-05-11 01:13:35] DEBUG: Event 2556: Processing request chunk 392...
[2026-05-11 01:13:36] INFO: Event 2557: Processing request chunk 946...
[2026-05-11 01:13:37] DEBUG: Event 2558: Processing request chunk 577...
[2026-05-11 01:13:38] WARN: Event 2559: Processing request chunk 732...
[2026-05-11 01:13:39] DEBUG: Event 2560: Processing request chunk 769...
[2026-05-11 01:13:40] DEBUG: Event 2561: Processing request chunk 592...
[2026-05-11 01:13:41] INFO: Event 2562: Processing request chunk 409...
[2026-05-11 01:13:42] WARN: Event 2563: Processing request chunk 838...
[2026-05-11 01:13:43] INFO: Event 2564: Processing request chunk 507...
[2026-05-11 01:13:44] DEBUG: Event 2565: Processing request chunk 670...
[2026-05-11 01:13:45] DEBUG: Event 2566: Processing request chunk 659...
[2026-05-11 01:13:46] DEBUG: Event 2567: Processing request chunk 841...
[2026-05-11 01:13:47] INFO: Event 2568: Processing request chunk 219...
[2026-05-11 01:13:48] WARN: Event 2569: Processing request chunk 389...
[2026-05-11 01:13:49] INFO: Event 2570: Processing request chunk 684...
[2026-05-11 01:13:50] DEBUG: Event 2571: Processing request chunk 788...
[2026-05-11 01:13:51] DEBUG: Event 2572: Processing request chunk 444...
[2026-05-11 01:13:52] DEBUG: Event 2573: Processing request chunk 117...
[2026-05-11 01:13:53] DEBUG: Event 2574: Processing request chunk 955...
[2026-05-11 01:13:54] INFO: Event 2575: Processing request chunk 905...
[2026-05-11 01:13:55] DEBUG: Event 2576: Processing request chunk 254...
[2026-05-11 01:13:56] DEBUG: Event 2577: Processing request chunk 375...
[2026-05-11 01:13:57] ERROR: Event 2578: Processing request chunk 207...
[2026-05-11 01:13:58] DEBUG: Event 2579: Processing request chunk 178...
[2026-05-11 01:13:59] DEBUG: Event 2580: Processing request chunk 466...
[2026-05-11 01:14:00] DEBUG: Event 2581: Processing request chunk 955...
[2026-05-11 01:14:01] INFO: Event 2582: Processing request chunk 226...
[2026-05-11 01:14:02] WARN: Event 2583: Processing request chunk 186...
[2026-05-11 01:14:03] DEBUG: Event 2584: Processing request chunk 558...
[2026-05-11 01:14:04] DEBUG: Event 2585: Processing request chunk 392...
[2026-05-11 01:14:05] DEBUG: Event 2586: Processing request chunk 589...
[2026-05-11 01:14:06] INFO: Event 2587: Processing request chunk 425...
[2026-05-11 01:14:07] INFO: Event 2588: Processing request chunk 740...
[2026-05-11 01:14:08] DEBUG: Event 2589: Processing request chunk 118...
[2026-05-11 01:14:09] INFO: Event 2590: Processing request chunk 547...
[2026-05-11 01:14:10] DEBUG: Event 2591: Processing request chunk 599...
[2026-05-11 01:14:11] DEBUG: Event 2592: Processing request chunk 726...
[2026-05-11 01:14:12] DEBUG: Event 2593: Processing request chunk 338...
[2026-05-11 01:14:13] DEBUG: Event 2594: Processing request chunk 644...
[2026-05-11 01:14:14] WARN: Event 2595: Processing request chunk 354...
[2026-05-11 01:14:15] DEBUG: Event 2596: Processing request chunk 836...
[2026-05-11 01:14:16] DEBUG: Event 2597: Processing request chunk 932...
[2026-05-11 01:14:17] DEBUG: Event 2598: Processing request chunk 733...
[2026-05-11 01:14:18] DEBUG: Event 2599: Processing request chunk 731...
[2026-05-11 01:14:19] DEBUG: Event 2600: Processing request chunk 205...
[2026-05-11 01:14:20] DEBUG: Event 2601: Processing request chunk 846...
[2026-05-11 01:14:21] INFO: Event 2602: Processing request chunk 989...
[2026-05-11 01:14:22] DEBUG: Event 2603: Processing request chunk 600...
[2026-05-11 01:14:23] DEBUG: Event 2604: Processing request chunk 578...
[2026-05-11 01:14:24] DEBUG: Event 2605: Processing request chunk 284...
[2026-05-11 01:14:25] WARN: Event 2606: Processing request chunk 243...
[2026-05-11 01:14:26] DEBUG: Event 2607: Processing request chunk 378...
[2026-05-11 01:14:27] DEBUG: Event 2608: Processing request chunk 268...
[2026-05-11 01:14:28] INFO: Event 2609: Processing request chunk 165...
[2026-05-11 01:14:29] DEBUG: Event 2610: Processing request chunk 441...
[2026-05-11 01:14:30] DEBUG: Event 2611: Processing request chunk 636...
[2026-05-11 01:14:31] DEBUG: Event 2612: Processing request chunk 458...
[2026-05-11 01:14:32] DEBUG: Event 2613: Processing request chunk 707...
[2026-05-11 01:14:33] INFO: Event 2614: Processing request chunk 823...
[2026-05-11 01:14:34] INFO: Event 2615: Processing request chunk 374...
[2026-05-11 01:14:35] DEBUG: Event 2616: Processing request chunk 395...
[2026-05-11 01:14:36] DEBUG: Event 2617: Processing request chunk 473...
[2026-05-11 01:14:37] DEBUG: Event 2618: Processing request chunk 421...
[2026-05-11 01:14:38] DEBUG: Event 2619: Processing request chunk 809...
[2026-05-11 01:14:39] DEBUG: Event 2620: Processing request chunk 446...
[2026-05-11 01:14:40] DEBUG: Event 2621: Processing request chunk 322...
[2026-05-11 01:14:41] DEBUG: Event 2622: Processing request chunk 706...
[2026-05-11 01:14:42] DEBUG: Event 2623: Processing request chunk 676...
[2026-05-11 01:14:43] INFO: Event 2624: Processing request chunk 284...
[2026-05-11 01:14:44] DEBUG: Event 2625: Processing request chunk 136...
[2026-05-11 01:14:45] DEBUG: Event 2626: Processing request chunk 284...
[2026-05-11 01:14:46] DEBUG: Event 2627: Processing request chunk 346...
[2026-05-11 01:14:47] DEBUG: Event 2628: Processing request chunk 645...
[2026-05-11 01:14:48] INFO: Event 2629: Processing request chunk 249...
[2026-05-11 01:14:49] INFO: Event 2630: Processing request chunk 109...
[2026-05-11 01:14:50] DEBUG: Event 2631: Processing request chunk 555...
[2026-05-11 01:14:51] DEBUG: Event 2632: Processing request chunk 115...
[2026-05-11 01:14:52] DEBUG: Event 2633: Processing request chunk 340...
[2026-05-11 01:14:53] WARN: Event 2634: Processing request chunk 704...
[2026-05-11 01:14:54] DEBUG: Event 2635: Processing request chunk 909...
[2026-05-11 01:14:55] INFO: Event 2636: Processing request chunk 194...
[2026-05-11 01:14:56] DEBUG: Event 2637: Processing request chunk 327...
[2026-05-11 01:14:57] DEBUG: Event 2638: Processing request chunk 625...
[2026-05-11 01:14:58] INFO: Event 2639: Processing request chunk 579...
[2026-05-11 01:14:59] DEBUG: Event 2640: Processing request chunk 139...
[2026-05-11 01:15:00] DEBUG: Event 2641: Processing request chunk 562...
[2026-05-11 01:15:01] INFO: Event 2642: Processing request chunk 491...
[2026-05-11 01:15:02] DEBUG: Event 2643: Processing request chunk 146...
[2026-05-11 01:15:03] DEBUG: Event 2644: Processing request chunk 658...
[2026-05-11 01:15:04] DEBUG: Event 2645: Processing request chunk 927...
[2026-05-11 01:15:05] DEBUG: Event 2646: Processing request chunk 694...
[2026-05-11 01:15:06] DEBUG: Event 2647: Processing request chunk 786...
[2026-05-11 01:15:07] DEBUG: Event 2648: Processing request chunk 804...
[2026-05-11 01:15:08] DEBUG: Event 2649: Processing request chunk 423...
[2026-05-11 01:15:09] DEBUG: Event 2650: Processing request chunk 793...
[2026-05-11 01:15:10] DEBUG: Event 2651: Processing request chunk 432...
[2026-05-11 01:15:11] DEBUG: Event 2652: Processing request chunk 119...
[2026-05-11 01:15:12] DEBUG: Event 2653: Processing request chunk 555...
[2026-05-11 01:15:13] DEBUG: Event 2654: Processing request chunk 935...
[2026-05-11 01:15:14] WARN: Event 2655: Processing request chunk 214...
[2026-05-11 01:15:15] DEBUG: Event 2656: Processing request chunk 932...
[2026-05-11 01:15:16] DEBUG: Event 2657: Processing request chunk 936...
[2026-05-11 01:15:17] DEBUG: Event 2658: Processing request chunk 209...
[2026-05-11 01:15:18] DEBUG: Event 2659: Processing request chunk 295...
[2026-05-11 01:15:19] CRITICAL: Event 2660: FATAL SYSTEM FAILURE - Database connection lost at pool_id=7
[2026-05-11 01:15:20] DEBUG: Event 2661: Processing request chunk 870...
[2026-05-11 01:15:21] WARN: Event 2662: Processing request chunk 335...
[2026-05-11 01:15:22] DEBUG: Event 2663: Processing request chunk 591...
[2026-05-11 01:15:23] INFO: Event 2664: Processing request chunk 987...
[2026-05-11 01:15:24] INFO: Event 2665: Processing request chunk 886...
[2026-05-11 01:15:25] WARN: Event 2666: Processing request chunk 697...
[2026-05-11 01:15:26] WARN: Event 2667: Processing request chunk 915...
[2026-05-11 01:15:27] DEBUG: Event 2668: Processing request chunk 122...
[2026-05-11 01:15:28] DEBUG: Event 2669: Processing request chunk 458...
[2026-05-11 01:15:29] DEBUG: Event 2670: Processing request chunk 449...
[2026-05-11 01:15:30] DEBUG: Event 2671: Processing request chunk 190...
[2026-05-11 01:15:31] INFO: Event 2672: Processing request chunk 898...
[2026-05-11 01:15:32] DEBUG: Event 2673: Processing request chunk 963...
[2026-05-11 01:15:33] DEBUG: Event 2674: Processing request chunk 839...
[2026-05-11 01:15:34] DEBUG: Event 2675: Processing request chunk 677...
[2026-05-11 01:15:35] DEBUG: Event 2676: Processing request chunk 391...
[2026-05-11 01:15:36] DEBUG: Event 2677: Processing request chunk 287...
[2026-05-11 01:15:37] DEBUG: Event 2678: Processing request chunk 618...
[2026-05-11 01:15:38] DEBUG: Event 2679: Processing request chunk 207...
[2026-05-11 01:15:39] DEBUG: Event 2680: Processing request chunk 662...
[2026-05-11 01:15:40] INFO: Event 2681: Processing request chunk 416...
[2026-05-11 01:15:41] DEBUG: Event 2682: Processing request chunk 638...
[2026-05-11 01:15:42] INFO: Event 2683: Processing request chunk 145...
[2026-05-11 01:15:43] DEBUG: Event 2684: Processing request chunk 690...
[2026-05-11 01:15:44] DEBUG: Event 2685: Processing request chunk 931...
[2026-05-11 01:15:45] DEBUG: Event 2686: Processing request chunk 187...
[2026-05-11 01:15:46] INFO: Event 2687: Processing request chunk 809...
[2026-05-11 01:15:47] DEBUG: Event 2688: Processing request chunk 778...
[2026-05-11 01:15:48] DEBUG: Event 2689: Processing request chunk 991...
[2026-05-11 01:15:49] DEBUG: Event 2690: Processing request chunk 554...
[2026-05-11 01:15:50] DEBUG: Event 2691: Processing request chunk 214...
[2026-05-11 01:15:51] DEBUG: Event 2692: Processing request chunk 934...
[2026-05-11 01:15:52] INFO: Event 2693: Processing request chunk 183...
[2026-05-11 01:15:53] DEBUG: Event 2694: Processing request chunk 714...
[2026-05-11 01:15:54] DEBUG: Event 2695: Processing request chunk 900...
[2026-05-11 01:15:55] INFO: Event 2696: Processing request chunk 876...
[2026-05-11 01:15:56] WARN: Event 2697: Processing request chunk 886...
[2026-05-11 01:15:57] DEBUG: Event 2698: Processing request chunk 774...
[2026-05-11 01:15:58] WARN: Event 2699: Processing request chunk 950...
[2026-05-11 01:15:59] DEBUG: Event 2700: Processing request chunk 738...
[2026-05-11 01:16:00] DEBUG: Event 2701: Processing request chunk 627...
[2026-05-11 01:16:01] DEBUG: Event 2702: Processing request chunk 677...
[2026-05-11 01:16:02] INFO: Event 2703: Processing request chunk 340...
[2026-05-11 01:16:03] DEBUG: Event 2704: Processing request chunk 648...
[2026-05-11 01:16:04] ERROR: Event 2705: Processing request chunk 523...
[2026-05-11 01:16:05] DEBUG: Event 2706: Processing request chunk 808...
[2026-05-11 01:16:06] DEBUG: Event 2707: Processing request chunk 430...
[2026-05-11 01:16:07] DEBUG: Event 2708: Processing request chunk 575...
[2026-05-11 01:16:08] INFO: Event 2709: Processing request chunk 365...
[2026-05-11 01:16:09] DEBUG: Event 2710: Processing request chunk 196...
[2026-05-11 01:16:10] DEBUG: Event 2711: Processing request chunk 194...
[2026-05-11 01:16:11] INFO: Event 2712: Processing request chunk 955...
[2026-05-11 01:16:12] DEBUG: Event 2713: Processing request chunk 370...
[2026-05-11 01:16:13] DEBUG: Event 2714: Processing request chunk 139...
[2026-05-11 01:16:14] WARN: Event 2715: Processing request chunk 741...
[2026-05-11 01:16:15] DEBUG: Event 2716: Processing request chunk 131...
[2026-05-11 01:16:16] DEBUG: Event 2717: Processing request chunk 873...
[2026-05-11 01:16:17] DEBUG: Event 2718: Processing request chunk 648...
[2026-05-11 01:16:18] DEBUG: Event 2719: Processing request chunk 743...
[2026-05-11 01:16:19] DEBUG: Event 2720: Processing request chunk 212...
[2026-05-11 01:16:20] DEBUG: Event 2721: Processing request chunk 580...
[2026-05-11 01:16:21] DEBUG: Event 2722: Processing request chunk 656...
[2026-05-11 01:16:22] INFO: Event 2723: Processing request chunk 412...
[2026-05-11 01:16:23] DEBUG: Event 2724: Processing request chunk 135...
[2026-05-11 01:16:24] ERROR: Event 2725: Processing request chunk 718...
[2026-05-11 01:16:25] INFO: Event 2726: Processing request chunk 469...
[2026-05-11 01:16:26] INFO: Event 2727: Processing request chunk 177...
[2026-05-11 01:16:27] INFO: Event 2728: Processing request chunk 401...
[2026-05-11 01:16:28] CRITICAL: Event 2729: FATAL SYSTEM FAILURE - Database connection lost at pool_id=4
[2026-05-11 01:16:29] INFO: Event 2730: Processing request chunk 375...
[2026-05-11 01:16:30] CRITICAL: Event 2731: FATAL SYSTEM FAILURE - Database connection lost at pool_id=4
[2026-05-11 01:16:31] DEBUG: Event 2732: Processing request chunk 694...
[2026-05-11 01:16:32] INFO: Event 2733: Processing request chunk 520...
[2026-05-11 01:16:33] DEBUG: Event 2734: Processing request chunk 268...
[2026-05-11 01:16:34] DEBUG: Event 2735: Processing request chunk 108...
[2026-05-11 01:16:35] INFO: Event 2736: Processing request chunk 264...
[2026-05-11 01:16:36] DEBUG: Event 2737: Processing request chunk 894...
[2026-05-11 01:16:37] DEBUG: Event 2738: Processing request chunk 483...
[2026-05-11 01:16:38] DEBUG: Event 2739: Processing request chunk 950...
[2026-05-11 01:16:39] DEBUG: Event 2740: Processing request chunk 685...
[2026-05-11 01:16:40] DEBUG: Event 2741: Processing request chunk 600...
[2026-05-11 01:16:41] DEBUG: Event 2742: Processing request chunk 129...
[2026-05-11 01:16:42] DEBUG: Event 2743: Processing request chunk 733...
[2026-05-11 01:16:43] WARN: Event 2744: Processing request chunk 200...
[2026-05-11 01:16:44] DEBUG: Event 2745: Processing request chunk 546...
[2026-05-11 01:16:45] DEBUG: Event 2746: Processing request chunk 921...
[2026-05-11 01:16:46] DEBUG: Event 2747: Processing request chunk 907...
[2026-05-11 01:16:47] DEBUG: Event 2748: Processing request chunk 502...
[2026-05-11 01:16:48] DEBUG: Event 2749: Processing request chunk 589...
[2026-05-11 01:16:49] DEBUG: Event 2750: Processing request chunk 257...
[2026-05-11 01:16:50] DEBUG: Event 2751: Processing request chunk 419...
[2026-05-11 01:16:51] CRITICAL: Event 2752: FATAL SYSTEM FAILURE - Database connection lost at pool_id=5
[2026-05-11 01:16:52] DEBUG: Event 2753: Processing request chunk 753...
[2026-05-11 01:16:53] WARN: Event 2754: Processing request chunk 984...
[2026-05-11 01:16:54] DEBUG: Event 2755: Processing request chunk 140...
[2026-05-11 01:16:55] INFO: Event 2756: Processing request chunk 356...
[2026-05-11 01:16:56] DEBUG: Event 2757: Processing request chunk 869...
[2026-05-11 01:16:57] DEBUG: Event 2758: Processing request chunk 489...
[2026-05-11 01:16:58] INFO: Event 2759: Processing request chunk 695...
[2026-05-11 01:16:59] INFO: Event 2760: Processing request chunk 157...
[2026-05-11 01:17:00] DEBUG: Event 2761: Processing request chunk 396...
[2026-05-11 01:17:01] DEBUG: Event 2762: Processing request chunk 857...
[2026-05-11 01:17:02] INFO: Event 2763: Processing request chunk 415...
[2026-05-11 01:17:03] DEBUG: Event 2764: Processing request chunk 149...
[2026-05-11 01:17:04] DEBUG: Event 2765: Processing request chunk 585...
[2026-05-11 01:17:05] DEBUG: Event 2766: Processing request chunk 784...
[2026-05-11 01:17:06] DEBUG: Event 2767: Processing request chunk 725...
[2026-05-11 01:17:07] WARN: Event 2768: Processing request chunk 793...
[2026-05-11 01:17:08] DEBUG: Event 2769: Processing request chunk 802...
[2026-05-11 01:17:09] INFO: Event 2770: Processing request chunk 849...
[2026-05-11 01:17:10] DEBUG: Event 2771: Processing request chunk 379...
[2026-05-11 01:17:11] DEBUG: Event 2772: Processing request chunk 114...
[2026-05-11 01:17:12] DEBUG: Event 2773: Processing request chunk 675...
[2026-05-11 01:17:13] DEBUG: Event 2774: Processing request chunk 212...
[2026-05-11 01:17:14] DEBUG: Event 2775: Processing request chunk 220...
[2026-05-11 01:17:15] DEBUG: Event 2776: Processing request chunk 923...
[2026-05-11 01:17:16] DEBUG: Event 2777: Processing request chunk 519...
[2026-05-11 01:17:17] DEBUG: Event 2778: Processing request chunk 992...
[2026-05-11 01:17:18] DEBUG: Event 2779: Processing request chunk 719...
[2026-05-11 01:17:19] DEBUG: Event 2780: Processing request chunk 393...
[2026-05-11 01:17:20] DEBUG: Event 2781: Processing request chunk 414...
[2026-05-11 01:17:21] INFO: Event 2782: Processing request chunk 526...
[2026-05-11 01:17:22] DEBUG: Event 2783: Processing request chunk 606...
[2026-05-11 01:17:23] WARN: Event 2784: Processing request chunk 609...
[2026-05-11 01:17:24] INFO: Event 2785: Processing request chunk 382...
[2026-05-11 01:17:25] DEBUG: Event 2786: Processing request chunk 162...
[2026-05-11 01:17:26] DEBUG: Event 2787: Processing request chunk 450...
[2026-05-11 01:17:27] DEBUG: Event 2788: Processing request chunk 214...
[2026-05-11 01:17:28] WARN: Event 2789: Processing request chunk 181...
[2026-05-11 01:17:29] WARN: Event 2790: Processing request chunk 606...
[2026-05-11 01:17:30] DEBUG: Event 2791: Processing request chunk 510...
[2026-05-11 01:17:31] DEBUG: Event 2792: Processing request chunk 725...
[2026-05-11 01:17:32] DEBUG: Event 2793: Processing request chunk 953...
[2026-05-11 01:17:33] INFO: Event 2794: Processing request chunk 349...
[2026-05-11 01:17:34] INFO: Event 2795: Processing request chunk 845...
[2026-05-11 01:17:35] INFO: Event 2796: Processing request chunk 390...
[2026-05-11 01:17:36] DEBUG: Event 2797: Processing request chunk 595...
[2026-05-11 01:17:37] DEBUG: Event 2798: Processing request chunk 475...
[2026-05-11 01:17:38] INFO: Event 2799: Processing request chunk 796...
[2026-05-11 01:17:39] INFO: Event 2800: Processing request chunk 164...
[2026-05-11 01:17:40] DEBUG: Event 2801: Processing request chunk 471...
[2026-05-11 01:17:41] WARN: Event 2802: Processing request chunk 586...
[2026-05-11 01:17:42] DEBUG: Event 2803: Processing request chunk 898...
[2026-05-11 01:17:43] WARN: Event 2804: Processing request chunk 714...
[2026-05-11 01:17:44] DEBUG: Event 2805: Processing request chunk 442...
[2026-05-11 01:17:45] DEBUG: Event 2806: Processing request chunk 135...
[2026-05-11 01:17:46] DEBUG: Event 2807: Processing request chunk 643...
[2026-05-11 01:17:47] WARN: Event 2808: Processing request chunk 959...
[2026-05-11 01:17:48] DEBUG: Event 2809: Processing request chunk 872...
[2026-05-11 01:17:49] INFO: Event 2810: Processing request chunk 520...
[2026-05-11 01:17:50] DEBUG: Event 2811: Processing request chunk 242...
[2026-05-11 01:17:51] INFO: Event 2812: Processing request chunk 829...
[2026-05-11 01:17:52] DEBUG: Event 2813: Processing request chunk 386...
[2026-05-11 01:17:53] DEBUG: Event 2814: Processing request chunk 790...
[2026-05-11 01:17:54] INFO: Event 2815: Processing request chunk 937...
[2026-05-11 01:17:55] DEBUG: Event 2816: Processing request chunk 590...
[2026-05-11 01:17:56] DEBUG: Event 2817: Processing request chunk 373...
[2026-05-11 01:17:57] DEBUG: Event 2818: Processing request chunk 210...
[2026-05-11 01:17:58] DEBUG: Event 2819: Processing request chunk 331...
[2026-05-11 01:17:59] INFO: Event 2820: Processing request chunk 572...
[2026-05-11 01:18:00] DEBUG: Event 2821: Processing request chunk 415...
[2026-05-11 01:18:01] DEBUG: Event 2822: Processing request chunk 601...
[2026-05-11 01:18:02] DEBUG: Event 2823: Processing request chunk 451...
[2026-05-11 01:18:03] DEBUG: Event 2824: Processing request chunk 684...
[2026-05-11 01:18:04] ERROR: Event 2825: Processing request chunk 303...
[2026-05-11 01:18:05] DEBUG: Event 2826: Processing request chunk 859...
[2026-05-11 01:18:06] DEBUG: Event 2827: Processing request chunk 428...
[2026-05-11 01:18:07] DEBUG: Event 2828: Processing request chunk 491...
[2026-05-11 01:18:08] INFO: Event 2829: Processing request chunk 251...
[2026-05-11 01:18:09] DEBUG: Event 2830: Processing request chunk 954...
[2026-05-11 01:18:10] DEBUG: Event 2831: Processing request chunk 930...
[2026-05-11 01:18:11] DEBUG: Event 2832: Processing request chunk 465...
[2026-05-11 01:18:12] WARN: Event 2833: Processing request chunk 298...
[2026-05-11 01:18:13] INFO: Event 2834: Processing request chunk 446...
[2026-05-11 01:18:14] DEBUG: Event 2835: Processing request chunk 192...
[2026-05-11 01:18:15] DEBUG: Event 2836: Processing request chunk 447...
[2026-05-11 01:18:16] INFO: Event 2837: Processing request chunk 997...
[2026-05-11 01:18:17] DEBUG: Event 2838: Processing request chunk 121...
[2026-05-11 01:18:18] DEBUG: Event 2839: Processing request chunk 816...
[2026-05-11 01:18:19] DEBUG: Event 2840: Processing request chunk 961...
[2026-05-11 01:18:20] WARN: Event 2841: Processing request chunk 533...
[2026-05-11 01:18:21] DEBUG: Event 2842: Processing request chunk 426...
[2026-05-11 01:18:22] DEBUG: Event 2843: Processing request chunk 814...
[2026-05-11 01:18:23] INFO: Event 2844: Processing request chunk 789...
[2026-05-11 01:18:24] INFO: Event 2845: Processing request chunk 298...
[2026-05-11 01:18:25] INFO: Event 2846: Processing request chunk 151...
[2026-05-11 01:18:26] DEBUG: Event 2847: Processing request chunk 882...
[2026-05-11 01:18:27] INFO: Event 2848: Processing request chunk 531...
[2026-05-11 01:18:28] DEBUG: Event 2849: Processing request chunk 152...
[2026-05-11 01:18:29] DEBUG: Event 2850: Processing request chunk 913...
[2026-05-11 01:18:30] DEBUG: Event 2851: Processing request chunk 188...
[2026-05-11 01:18:31] DEBUG: Event 2852: Processing request chunk 699...
[2026-05-11 01:18:32] DEBUG: Event 2853: Processing request chunk 316...
[2026-05-11 01:18:33] WARN: Event 2854: Processing request chunk 239...
[2026-05-11 01:18:34] DEBUG: Event 2855: Processing request chunk 445...
[2026-05-11 01:18:35] DEBUG: Event 2856: Processing request chunk 706...
[2026-05-11 01:18:36] DEBUG: Event 2857: Processing request chunk 667...
[2026-05-11 01:18:37] DEBUG: Event 2858: Processing request chunk 891...
[2026-05-11 01:18:38] DEBUG: Event 2859: Processing request chunk 407...
[2026-05-11 01:18:39] DEBUG: Event 2860: Processing request chunk 763...
[2026-05-11 01:18:40] DEBUG: Event 2861: Processing request chunk 326...
[2026-05-11 01:18:41] WARN: Event 2862: Processing request chunk 980...
[2026-05-11 01:18:42] DEBUG: Event 2863: Processing request chunk 552...
[2026-05-11 01:18:43] DEBUG: Event 2864: Processing request chunk 289...
[2026-05-11 01:18:44] WARN: Event 2865: Processing request chunk 314...
[2026-05-11 01:18:45] WARN: Event 2866: Processing request chunk 589...
[2026-05-11 01:18:46] WARN: Event 2867: Processing request chunk 268...
[2026-05-11 01:18:47] INFO: Event 2868: Processing request chunk 735...
[2026-05-11 01:18:48] DEBUG: Event 2869: Processing request chunk 718...
[2026-05-11 01:18:49] DEBUG: Event 2870: Processing request chunk 542...
[2026-05-11 01:18:50] DEBUG: Event 2871: Processing request chunk 405...
[2026-05-11 01:18:51] CRITICAL: Event 2872: FATAL SYSTEM FAILURE - Database connection lost at pool_id=7
[2026-05-11 01:18:52] DEBUG: Event 2873: Processing request chunk 432...
[2026-05-11 01:18:53] DEBUG: Event 2874: Processing request chunk 328...
[2026-05-11 01:18:54] DEBUG: Event 2875: Processing request chunk 380...
[2026-05-11 01:18:55] DEBUG: Event 2876: Processing request chunk 241...
[2026-05-11 01:18:56] INFO: Event 2877: Processing request chunk 891...
[2026-05-11 01:18:57] DEBUG: Event 2878: Processing request chunk 451...
[2026-05-11 01:18:58] DEBUG: Event 2879: Processing request chunk 362...
[2026-05-11 01:18:59] CRITICAL: Event 2880: FATAL SYSTEM FAILURE - Database connection lost at pool_id=2
[2026-05-11 01:19:00] ERROR: Event 2881: Processing request chunk 610...
[2026-05-11 01:19:01] DEBUG: Event 2882: Processing request chunk 570...
[2026-05-11 01:19:02] INFO: Event 2883: Processing request chunk 837...
[2026-05-11 01:19:03] DEBUG: Event 2884: Processing request chunk 488...
[2026-05-11 01:19:04] DEBUG: Event 2885: Processing request chunk 323...
[2026-05-11 01:19:05] DEBUG: Event 2886: Processing request chunk 997...
[2026-05-11 01:19:06] INFO: Event 2887: Processing request chunk 223...
[2026-05-11 01:19:07] DEBUG: Event 2888: Processing request chunk 581...
[2026-05-11 01:19:08] INFO: Event 2889: Processing request chunk 511...
[2026-05-11 01:19:09] DEBUG: Event 2890: Processing request chunk 572...
[2026-05-11 01:19:10] DEBUG: Event 2891: Processing request chunk 836...
[2026-05-11 01:19:11] DEBUG: Event 2892: Processing request chunk 916...
[2026-05-11 01:19:12] DEBUG: Event 2893: Processing request chunk 890...
[2026-05-11 01:19:13] DEBUG: Event 2894: Processing request chunk 265...
[2026-05-11 01:19:14] DEBUG: Event 2895: Processing request chunk 843...
[2026-05-11 01:19:15] DEBUG: Event 2896: Processing request chunk 566...
[2026-05-11 01:19:16] INFO: Event 2897: Processing request chunk 863...
[2026-05-11 01:19:17] INFO: Event 2898: Processing request chunk 226...
[2026-05-11 01:19:18] DEBUG: Event 2899: Processing request chunk 356...
[2026-05-11 01:19:19] INFO: Event 2900: Processing request chunk 372...
[2026-05-11 01:19:20] DEBUG: Event 2901: Processing request chunk 261...
[2026-05-11 01:19:21] INFO: Event 2902: Processing request chunk 588...
[2026-05-11 01:19:22] DEBUG: Event 2903: Processing request chunk 579...
[2026-05-11 01:19:23] WARN: Event 2904: Processing request chunk 134...
[2026-05-11 01:19:24] DEBUG: Event 2905: Processing request chunk 711...
[2026-05-11 01:19:25] DEBUG: Event 2906: Processing request chunk 254...
[2026-05-11 01:19:26] DEBUG: Event 2907: Processing request chunk 227...
[2026-05-11 01:19:27] DEBUG: Event 2908: Processing request chunk 170...
[2026-05-11 01:19:28] INFO: Event 2909: Processing request chunk 821...
[2026-05-11 01:19:29] DEBUG: Event 2910: Processing request chunk 581...
[2026-05-11 01:19:30] DEBUG: Event 2911: Processing request chunk 708...
[2026-05-11 01:19:31] DEBUG: Event 2912: Processing request chunk 551...
[2026-05-11 01:19:32] DEBUG: Event 2913: Processing request chunk 182...
[2026-05-11 01:19:33] DEBUG: Event 2914: Processing request chunk 552...
[2026-05-11 01:19:34] DEBUG: Event 2915: Processing request chunk 786...
[2026-05-11 01:19:35] INFO: Event 2916: Processing request chunk 617...
[2026-05-11 01:19:36] DEBUG: Event 2917: Processing request chunk 739...
[2026-05-11 01:19:37] DEBUG: Event 2918: Processing request chunk 413...
[2026-05-11 01:19:38] INFO: Event 2919: Processing request chunk 837...
[2026-05-11 01:19:39] DEBUG: Event 2920: Processing request chunk 198...
[2026-05-11 01:19:40] INFO: Event 2921: Processing request chunk 819...
[2026-05-11 01:19:41] INFO: Event 2922: Processing request chunk 955...
[2026-05-11 01:19:42] DEBUG: Event 2923: Processing request chunk 446...
[2026-05-11 01:19:43] DEBUG: Event 2924: Processing request chunk 951...
[2026-05-11 01:19:44] DEBUG: Event 2925: Processing request chunk 874...
[2026-05-11 01:19:45] INFO: Event 2926: Processing request chunk 568...
[2026-05-11 01:19:46] DEBUG: Event 2927: Processing request chunk 564...
[2026-05-11 01:19:47] INFO: Event 2928: Processing request chunk 262...
[2026-05-11 01:19:48] DEBUG: Event 2929: Processing request chunk 767...
[2026-05-11 01:19:49] DEBUG: Event 2930: Processing request chunk 111...
[2026-05-11 01:19:50] ERROR: Event 2931: Processing request chunk 756...
[2026-05-11 01:19:51] WARN: Event 2932: Processing request chunk 187...
[2026-05-11 01:19:52] DEBUG: Event 2933: Processing request chunk 359...
[2026-05-11 01:19:53] DEBUG: Event 2934: Processing request chunk 205...
[2026-05-11 01:19:54] DEBUG: Event 2935: Processing request chunk 377...
[2026-05-11 01:19:55] DEBUG: Event 2936: Processing request chunk 932...
[2026-05-11 01:19:56] DEBUG: Event 2937: Processing request chunk 443...
[2026-05-11 01:19:57] DEBUG: Event 2938: Processing request chunk 129...
[2026-05-11 01:19:58] DEBUG: Event 2939: Processing request chunk 167...
[2026-05-11 01:19:59] DEBUG: Event 2940: Processing request chunk 493...
[2026-05-11 01:20:00] DEBUG: Event 2941: Processing request chunk 134...
[2026-05-11 01:20:01] INFO: Event 2942: Processing request chunk 224...
[2026-05-11 01:20:02] INFO: Event 2943: Processing request chunk 927...
[2026-05-11 01:20:03] DEBUG: Event 2944: Processing request chunk 285...
[2026-05-11 01:20:04] DEBUG: Event 2945: Processing request chunk 484...
[2026-05-11 01:20:05] DEBUG: Event 2946: Processing request chunk 718...
[2026-05-11 01:20:06] INFO: Event 2947: Processing request chunk 829...
[2026-05-11 01:20:07] DEBUG: Event 2948: Processing request chunk 417...
[2026-05-11 01:20:08] DEBUG: Event 2949: Processing request chunk 824...
[2026-05-11 01:20:09] WARN: Event 2950: Processing request chunk 708...
[2026-05-11 01:20:10] WARN: Event 2951: Processing request chunk 693...
[2026-05-11 01:20:11] DEBUG: Event 2952: Processing request chunk 251...
[2026-05-11 01:20:12] INFO: Event 2953: Processing request chunk 666...
[2026-05-11 01:20:13] WARN: Event 2954: Processing request chunk 655...
[2026-05-11 01:20:14] DEBUG: Event 2955: Processing request chunk 408...
[2026-05-11 01:20:15] DEBUG: Event 2956: Processing request chunk 116...
[2026-05-11 01:20:16] DEBUG: Event 2957: Processing request chunk 645...
[2026-05-11 01:20:17] ERROR: Event 2958: Processing request chunk 299...
[2026-05-11 01:20:18] DEBUG: Event 2959: Processing request chunk 959...
[2026-05-11 01:20:19] DEBUG: Event 2960: Processing request chunk 997...
[2026-05-11 01:20:20] DEBUG: Event 2961: Processing request chunk 127...
[2026-05-11 01:20:21] DEBUG: Event 2962: Processing request chunk 606...
[2026-05-11 01:20:22] DEBUG: Event 2963: Processing request chunk 873...
[2026-05-11 01:20:23] DEBUG: Event 2964: Processing request chunk 376...
[2026-05-11 01:20:24] INFO: Event 2965: Processing request chunk 450...
[2026-05-11 01:20:25] DEBUG: Event 2966: Processing request chunk 325...
[2026-05-11 01:20:26] INFO: Event 2967: Processing request chunk 779...
[2026-05-11 01:20:27] DEBUG: Event 2968: Processing request chunk 442...
[2026-05-11 01:20:28] DEBUG: Event 2969: Processing request chunk 963...
[2026-05-11 01:20:29] DEBUG: Event 2970: Processing request chunk 187...
[2026-05-11 01:20:30] DEBUG: Event 2971: Processing request chunk 589...
[2026-05-11 01:20:31] DEBUG: Event 2972: Processing request chunk 873...
[2026-05-11 01:20:32] DEBUG: Event 2973: Processing request chunk 144...
[2026-05-11 01:20:33] DEBUG: Event 2974: Processing request chunk 268...
[2026-05-11 01:20:34] ERROR: Event 2975: Processing request chunk 595...
[2026-05-11 01:20:35] DEBUG: Event 2976: Processing request chunk 778...
[2026-05-11 01:20:36] DEBUG: Event 2977: Processing request chunk 999...
[2026-05-11 01:20:37] INFO: Event 2978: Processing request chunk 287...
[2026-05-11 01:20:38] DEBUG: Event 2979: Processing request chunk 709...
[2026-05-11 01:20:39] DEBUG: Event 2980: Processing request chunk 464...
[2026-05-11 01:20:40] DEBUG: Event 2981: Processing request chunk 756...
[2026-05-11 01:20:41] DEBUG: Event 2982: Processing request chunk 246...
[2026-05-11 01:20:42] ERROR: Event 2983: Processing request chunk 530...
[2026-05-11 01:20:43] DEBUG: Event 2984: Processing request chunk 110...
[2026-05-11 01:20:44] DEBUG: Event 2985: Processing request chunk 981...
[2026-05-11 01:20:45] DEBUG: Event 2986: Processing request chunk 441...
[2026-05-11 01:20:46] INFO: Event 2987: Processing request chunk 345...
[2026-05-11 01:20:47] DEBUG: Event 2988: Processing request chunk 534...
[2026-05-11 01:20:48] INFO: Event 2989: Processing request chunk 973...
[2026-05-11 01:20:49] DEBUG: Event 2990: Processing request chunk 514...
[2026-05-11 01:20:50] INFO: Event 2991: Processing request chunk 109...
[2026-05-11 01:20:51] DEBUG: Event 2992: Processing request chunk 778...
[2026-05-11 01:20:52] DEBUG: Event 2993: Processing request chunk 529...
[2026-05-11 01:20:53] WARN: Event 2994: Processing request chunk 746...
[2026-05-11 01:20:54] DEBUG: Event 2995: Processing request chunk 696...
[2026-05-11 01:20:55] DEBUG: Event 2996: Processing request chunk 545...
[2026-05-11 01:20:56] DEBUG: Event 2997: Processing request chunk 340...
[2026-05-11 01:20:57] DEBUG: Event 2998: Processing request chunk 511...
[2026-05-11 01:20:58] INFO: Event 2999: Processing request chunk 290...
[2026-05-11 01:20:59] DEBUG: Event 3000: Processing request chunk 179...
[2026-05-11 01:21:00] INFO: Event 3001: Processing request chunk 257...
[2026-05-11 01:21:01] INFO: Event 3002: Processing request chunk 846...
[2026-05-11 01:21:02] INFO: Event 3003: Processing request chunk 857...
[2026-05-11 01:21:03] DEBUG: Event 3004: Processing request chunk 133...
[2026-05-11 01:21:04] DEBUG: Event 3005: Processing request chunk 868...
[2026-05-11 01:21:05] DEBUG: Event 3006: Processing request chunk 333...
[2026-05-11 01:21:06] INFO: Event 3007: Processing request chunk 369...
[2026-05-11 01:21:07] DEBUG: Event 3008: Processing request chunk 774...
[2026-05-11 01:21:08] DEBUG: Event 3009: Processing request chunk 941...
[2026-05-11 01:21:09] INFO: Event 3010: Processing request chunk 283...
[2026-05-11 01:21:10] DEBUG: Event 3011: Processing request chunk 257...
[2026-05-11 01:21:11] CRITICAL: Event 3012: FATAL SYSTEM FAILURE - Database connection lost at pool_id=7
[2026-05-11 01:21:12] DEBUG: Event 3013: Processing request chunk 851...
[2026-05-11 01:21:13] DEBUG: Event 3014: Processing request chunk 948...
[2026-05-11 01:21:14] DEBUG: Event 3015: Processing request chunk 608...
[2026-05-11 01:21:15] CRITICAL: Event 3016: FATAL SYSTEM FAILURE - Database connection lost at pool_id=3
[2026-05-11 01:21:16] INFO: Event 3017: Processing request chunk 262...
[2026-05-11 01:21:17] ERROR: Event 3018: Processing request chunk 762...
[2026-05-11 01:21:18] DEBUG: Event 3019: Processing request chunk 671...
[2026-05-11 01:21:19] DEBUG: Event 3020: Processing request chunk 280...
[2026-05-11 01:21:20] DEBUG: Event 3021: Processing request chunk 216...
[2026-05-11 01:21:21] WARN: Event 3022: Processing request chunk 240...
[2026-05-11 01:21:22] DEBUG: Event 3023: Processing request chunk 463...
[2026-05-11 01:21:23] DEBUG: Event 3024: Processing request chunk 228...
[2026-05-11 01:21:24] INFO: Event 3025: Processing request chunk 838...
[2026-05-11 01:21:25] DEBUG: Event 3026: Processing request chunk 642...
[2026-05-11 01:21:26] DEBUG: Event 3027: Processing request chunk 870...
[2026-05-11 01:21:27] DEBUG: Event 3028: Processing request chunk 160...
[2026-05-11 01:21:28] WARN: Event 3029: Processing request chunk 281...
[2026-05-11 01:21:29] DEBUG: Event 3030: Processing request chunk 104...
[2026-05-11 01:21:30] INFO: Event 3031: Processing request chunk 149...
[2026-05-11 01:21:31] INFO: Event 3032: Processing request chunk 499...
[2026-05-11 01:21:32] DEBUG: Event 3033: Processing request chunk 928...
[2026-05-11 01:21:33] DEBUG: Event 3034: Processing request chunk 701...
[2026-05-11 01:21:34] INFO: Event 3035: Processing request chunk 549...
[2026-05-11 01:21:35] DEBUG: Event 3036: Processing request chunk 102...
[2026-05-11 01:21:36] DEBUG: Event 3037: Processing request chunk 404...
[2026-05-11 01:21:37] DEBUG: Event 3038: Processing request chunk 223...
[2026-05-11 01:21:38] DEBUG: Event 3039: Processing request chunk 969...
[2026-05-11 01:21:39] DEBUG: Event 3040: Processing request chunk 466...
[2026-05-11 01:21:40] WARN: Event 3041: Processing request chunk 879...
[2026-05-11 01:21:41] INFO: Event 3042: Processing request chunk 245...
[2026-05-11 01:21:42] DEBUG: Event 3043: Processing request chunk 316...
[2026-05-11 01:21:43] DEBUG: Event 3044: Processing request chunk 252...
[2026-05-11 01:21:44] DEBUG: Event 3045: Processing request chunk 137...
[2026-05-11 01:21:45] DEBUG: Event 3046: Processing request chunk 700...
[2026-05-11 01:21:46] DEBUG: Event 3047: Processing request chunk 435...
[2026-05-11 01:21:47] DEBUG: Event 3048: Processing request chunk 654...
[2026-05-11 01:21:48] DEBUG: Event 3049: Processing request chunk 325...
[2026-05-11 01:21:49] DEBUG: Event 3050: Processing request chunk 444...
[2026-05-11 01:21:50] WARN: Event 3051: Processing request chunk 916...
[2026-05-11 01:21:51] DEBUG: Event 3052: Processing request chunk 151...
[2026-05-11 01:21:52] DEBUG: Event 3053: Processing request chunk 386...
[2026-05-11 01:21:53] INFO: Event 3054: Processing request chunk 281...
[2026-05-11 01:21:54] DEBUG: Event 3055: Processing request chunk 808...
[2026-05-11 01:21:55] INFO: Event 3056: Processing request chunk 635...
[2026-05-11 01:21:56] DEBUG: Event 3057: Processing request chunk 865...
[2026-05-11 01:21:57] WARN: Event 3058: Processing request chunk 561...
[2026-05-11 01:21:58] DEBUG: Event 3059: Processing request chunk 450...
[2026-05-11 01:21:59] INFO: Event 3060: Processing request chunk 113...
[2026-05-11 01:22:00] DEBUG: Event 3061: Processing request chunk 768...
[2026-05-11 01:22:01] DEBUG: Event 3062: Processing request chunk 754...
[2026-05-11 01:22:02] INFO: Event 3063: Processing request chunk 394...
[2026-05-11 01:22:03] DEBUG: Event 3064: Processing request chunk 721...
[2026-05-11 01:22:04] DEBUG: Event 3065: Processing request chunk 514...
[2026-05-11 01:22:05] DEBUG: Event 3066: Processing request chunk 991...
[2026-05-11 01:22:06] DEBUG: Event 3067: Processing request chunk 560...
[2026-05-11 01:22:07] DEBUG: Event 3068: Processing request chunk 936...
[2026-05-11 01:22:08] DEBUG: Event 3069: Processing request chunk 520...
[2026-05-11 01:22:09] ERROR: Event 3070: Processing request chunk 267...
[2026-05-11 01:22:10] DEBUG: Event 3071: Processing request chunk 821...
[2026-05-11 01:22:11] DEBUG: Event 3072: Processing request chunk 443...
[2026-05-11 01:22:12] DEBUG: Event 3073: Processing request chunk 804...
[2026-05-11 01:22:13] DEBUG: Event 3074: Processing request chunk 969...
[2026-05-11 01:22:14] DEBUG: Event 3075: Processing request chunk 458...
[2026-05-11 01:22:15] INFO: Event 3076: Processing request chunk 278...
[2026-05-11 01:22:16] DEBUG: Event 3077: Processing request chunk 198...
[2026-05-11 01:22:17] DEBUG: Event 3078: Processing request chunk 651...
[2026-05-11 01:22:18] DEBUG: Event 3079: Processing request chunk 637...
[2026-05-11 01:22:19] CRITICAL: Event 3080: FATAL SYSTEM FAILURE - Database connection lost at pool_id=6
[2026-05-11 01:22:20] WARN: Event 3081: Processing request chunk 435...
[2026-05-11 01:22:21] INFO: Event 3082: Processing request chunk 311...
[2026-05-11 01:22:22] DEBUG: Event 3083: Processing request chunk 149...
[2026-05-11 01:22:23] DEBUG: Event 3084: Processing request chunk 193...
[2026-05-11 01:22:24] DEBUG: Event 3085: Processing request chunk 218...
[2026-05-11 01:22:25] DEBUG: Event 3086: Processing request chunk 589...
[2026-05-11 01:22:26] DEBUG: Event 3087: Processing request chunk 993...
[2026-05-11 01:22:27] INFO: Event 3088: Processing request chunk 372...
[2026-05-11 01:22:28] DEBUG: Event 3089: Processing request chunk 708...
[2026-05-11 01:22:29] DEBUG: Event 3090: Processing request chunk 686...
[2026-05-11 01:22:30] INFO: Event 3091: Processing request chunk 419...
[2026-05-11 01:22:31] DEBUG: Event 3092: Processing request chunk 249...
[2026-05-11 01:22:32] DEBUG: Event 3093: Processing request chunk 942...
[2026-05-11 01:22:33] INFO: Event 3094: Processing request chunk 833...
[2026-05-11 01:22:34] INFO: Event 3095: Processing request chunk 459...
[2026-05-11 01:22:35] INFO: Event 3096: Processing request chunk 489...
[2026-05-11 01:22:36] DEBUG: Event 3097: Processing request chunk 775...
[2026-05-11 01:22:37] DEBUG: Event 3098: Processing request chunk 156...
[2026-05-11 01:22:38] DEBUG: Event 3099: Processing request chunk 545...
[2026-05-11 01:22:39] DEBUG: Event 3100: Processing request chunk 947...
[2026-05-11 01:22:40] DEBUG: Event 3101: Processing request chunk 746...
[2026-05-11 01:22:41] DEBUG: Event 3102: Processing request chunk 899...
[2026-05-11 01:22:42] DEBUG: Event 3103: Processing request chunk 593...
[2026-05-11 01:22:43] DEBUG: Event 3104: Processing request chunk 990...
[2026-05-11 01:22:44] DEBUG: Event 3105: Processing request chunk 791...
[2026-05-11 01:22:45] INFO: Event 3106: Processing request chunk 684...
[2026-05-11 01:22:46] ERROR: Event 3107: Processing request chunk 266...
[2026-05-11 01:22:47] WARN: Event 3108: Processing request chunk 279...
[2026-05-11 01:22:48] INFO: Event 3109: Processing request chunk 560...
[2026-05-11 01:22:49] INFO: Event 3110: Processing request chunk 868...
[2026-05-11 01:22:50] DEBUG: Event 3111: Processing request chunk 636...
[2026-05-11 01:22:51] DEBUG: Event 3112: Processing request chunk 509...
[2026-05-11 01:22:52] DEBUG: Event 3113: Processing request chunk 717...
[2026-05-11 01:22:53] DEBUG: Event 3114: Processing request chunk 840...
[2026-05-11 01:22:54] DEBUG: Event 3115: Processing request chunk 532...
[2026-05-11 01:22:55] DEBUG: Event 3116: Processing request chunk 777...
[2026-05-11 01:22:56] INFO: Event 3117: Processing request chunk 298...
[2026-05-11 01:22:57] DEBUG: Event 3118: Processing request chunk 532...
[2026-05-11 01:22:58] DEBUG: Event 3119: Processing request chunk 830...
[2026-05-11 01:22:59] DEBUG: Event 3120: Processing request chunk 966...
[2026-05-11 01:23:00] DEBUG: Event 3121: Processing request chunk 675...
[2026-05-11 01:23:01] INFO: Event 3122: Processing request chunk 349...
[2026-05-11 01:23:02] DEBUG: Event 3123: Processing request chunk 997...
[2026-05-11 01:23:03] DEBUG: Event 3124: Processing request chunk 108...
[2026-05-11 01:23:04] DEBUG: Event 3125: Processing request chunk 843...
[2026-05-11 01:23:05] DEBUG: Event 3126: Processing request chunk 454...
[2026-05-11 01:23:06] DEBUG: Event 3127: Processing request chunk 241...
[2026-05-11 01:23:07] DEBUG: Event 3128: Processing request chunk 479...
[2026-05-11 01:23:08] DEBUG: Event 3129: Processing request chunk 341...
[2026-05-11 01:23:09] INFO: Event 3130: Processing request chunk 407...
[2026-05-11 01:23:10] INFO: Event 3131: Processing request chunk 500...
[2026-05-11 01:23:11] DEBUG: Event 3132: Processing request chunk 914...
[2026-05-11 01:23:12] DEBUG: Event 3133: Processing request chunk 575...
[2026-05-11 01:23:13] DEBUG: Event 3134: Processing request chunk 314...
[2026-05-11 01:23:14] DEBUG: Event 3135: Processing request chunk 925...
[2026-05-11 01:23:15] INFO: Event 3136: Processing request chunk 433...
[2026-05-11 01:23:16] DEBUG: Event 3137: Processing request chunk 574...
[2026-05-11 01:23:17] DEBUG: Event 3138: Processing request chunk 288...
[2026-05-11 01:23:18] DEBUG: Event 3139: Processing request chunk 321...
[2026-05-11 01:23:19] DEBUG: Event 3140: Processing request chunk 587...
[2026-05-11 01:23:20] INFO: Event 3141: Processing request chunk 488...
[2026-05-11 01:23:21] DEBUG: Event 3142: Processing request chunk 611...
[2026-05-11 01:23:22] WARN: Event 3143: Processing request chunk 664...
[2026-05-11 01:23:23] DEBUG: Event 3144: Processing request chunk 910...
[2026-05-11 01:23:24] DEBUG: Event 3145: Processing request chunk 518...
[2026-05-11 01:23:25] DEBUG: Event 3146: Processing request chunk 353...
[2026-05-11 01:23:26] ERROR: Event 3147: Processing request chunk 794...
[2026-05-11 01:23:27] DEBUG: Event 3148: Processing request chunk 765...
[2026-05-11 01:23:28] DEBUG: Event 3149: Processing request chunk 363...
[2026-05-11 01:23:29] DEBUG: Event 3150: Processing request chunk 982...
[2026-05-11 01:23:30] INFO: Event 3151: Processing request chunk 972...
[2026-05-11 01:23:31] DEBUG: Event 3152: Processing request chunk 743...
[2026-05-11 01:23:32] DEBUG: Event 3153: Processing request chunk 849...
[2026-05-11 01:23:33] DEBUG: Event 3154: Processing request chunk 294...
[2026-05-11 01:23:34] DEBUG: Event 3155: Processing request chunk 939...
[2026-05-11 01:23:35] INFO: Event 3156: Processing request chunk 416...
[2026-05-11 01:23:36] DEBUG: Event 3157: Processing request chunk 685...
[2026-05-11 01:23:37] DEBUG: Event 3158: Processing request chunk 701...
[2026-05-11 01:23:38] WARN: Event 3159: Processing request chunk 820...
[2026-05-11 01:23:39] DEBUG: Event 3160: Processing request chunk 477...
[2026-05-11 01:23:40] DEBUG: Event 3161: Processing request chunk 590...
[2026-05-11 01:23:41] DEBUG: Event 3162: Processing request chunk 574...
[2026-05-11 01:23:42] DEBUG: Event 3163: Processing request chunk 438...
[2026-05-11 01:23:43] DEBUG: Event 3164: Processing request chunk 702...
[2026-05-11 01:23:44] DEBUG: Event 3165: Processing request chunk 753...
[2026-05-11 01:23:45] DEBUG: Event 3166: Processing request chunk 220...
[2026-05-11 01:23:46] INFO: Event 3167: Processing request chunk 300...
[2026-05-11 01:23:47] DEBUG: Event 3168: Processing request chunk 441...
[2026-05-11 01:23:48] DEBUG: Event 3169: Processing request chunk 569...
[2026-05-11 01:23:49] INFO: Event 3170: Processing request chunk 625...
[2026-05-11 01:23:50] INFO: Event 3171: Processing request chunk 427...
[2026-05-11 01:23:51] INFO: Event 3172: Processing request chunk 431...
[2026-05-11 01:23:52] INFO: Event 3173: Processing request chunk 721...
[2026-05-11 01:23:53] WARN: Event 3174: Processing request chunk 754...
[2026-05-11 01:23:54] INFO: Event 3175: Processing request chunk 990...
[2026-05-11 01:23:55] WARN: Event 3176: Processing request chunk 699...
[2026-05-11 01:23:56] DEBUG: Event 3177: Processing request chunk 757...
[2026-05-11 01:23:57] DEBUG: Event 3178: Processing request chunk 252...
[2026-05-11 01:23:58] DEBUG: Event 3179: Processing request chunk 423...
[2026-05-11 01:23:59] DEBUG: Event 3180: Processing request chunk 544...
[2026-05-11 01:24:00] DEBUG: Event 3181: Processing request chunk 103...
[2026-05-11 01:24:01] INFO: Event 3182: Processing request chunk 959...
[2026-05-11 01:24:02] DEBUG: Event 3183: Processing request chunk 551...
[2026-05-11 01:24:03] DEBUG: Event 3184: Processing request chunk 563...
[2026-05-11 01:24:04] DEBUG: Event 3185: Processing request chunk 861...
[2026-05-11 01:24:05] WARN: Event 3186: Processing request chunk 857...
[2026-05-11 01:24:06] DEBUG: Event 3187: Processing request chunk 499...
[2026-05-11 01:24:07] DEBUG: Event 3188: Processing request chunk 235...
[2026-05-11 01:24:08] DEBUG: Event 3189: Processing request chunk 795...
[2026-05-11 01:24:09] DEBUG: Event 3190: Processing request chunk 785...
[2026-05-11 01:24:10] DEBUG: Event 3191: Processing request chunk 561...
[2026-05-11 01:24:11] DEBUG: Event 3192: Processing request chunk 716...
[2026-05-11 01:24:12] DEBUG: Event 3193: Processing request chunk 677...
[2026-05-11 01:24:13] DEBUG: Event 3194: Processing request chunk 362...
[2026-05-11 01:24:14] DEBUG: Event 3195: Processing request chunk 842...
[2026-05-11 01:24:15] DEBUG: Event 3196: Processing request chunk 543...
[2026-05-11 01:24:16] DEBUG: Event 3197: Processing request chunk 264...
[2026-05-11 01:24:17] DEBUG: Event 3198: Processing request chunk 731...
[2026-05-11 01:24:18] DEBUG: Event 3199: Processing request chunk 563...
[2026-05-11 01:24:19] DEBUG: Event 3200: Processing request chunk 945...
[2026-05-11 01:24:20] DEBUG: Event 3201: Processing request chunk 191...
[2026-05-11 01:24:21] DEBUG: Event 3202: Processing request chunk 446...
[2026-05-11 01:24:22] DEBUG: Event 3203: Processing request chunk 403...
[2026-05-11 01:24:23] DEBUG: Event 3204: Processing request chunk 770...
[2026-05-11 01:24:24] DEBUG: Event 3205: Processing request chunk 317...
[2026-05-11 01:24:25] ERROR: Event 3206: Processing request chunk 197...
[2026-05-11 01:24:26] DEBUG: Event 3207: Processing request chunk 123...
[2026-05-11 01:24:27] WARN: Event 3208: Processing request chunk 975...
[2026-05-11 01:24:28] WARN: Event 3209: Processing request chunk 505...
[2026-05-11 01:24:29] DEBUG: Event 3210: Processing request chunk 677...
[2026-05-11 01:24:30] DEBUG: Event 3211: Processing request chunk 994...
[2026-05-11 01:24:31] DEBUG: Event 3212: Processing request chunk 496...
[2026-05-11 01:24:32] DEBUG: Event 3213: Processing request chunk 560...
[2026-05-11 01:24:33] DEBUG: Event 3214: Processing request chunk 232...
[2026-05-11 01:24:34] DEBUG: Event 3215: Processing request chunk 489...
[2026-05-11 01:24:35] DEBUG: Event 3216: Processing request chunk 542...
[2026-05-11 01:24:36] DEBUG: Event 3217: Processing request chunk 995...
[2026-05-11 01:24:37] DEBUG: Event 3218: Processing request chunk 963...
[2026-05-11 01:24:38] DEBUG: Event 3219: Processing request chunk 695...
[2026-05-11 01:24:39] DEBUG: Event 3220: Processing request chunk 971...
[2026-05-11 01:24:40] DEBUG: Event 3221: Processing request chunk 509...
[2026-05-11 01:24:41] INFO: Event 3222: Processing request chunk 205...
[2026-05-11 01:24:42] DEBUG: Event 3223: Processing request chunk 343...
[2026-05-11 01:24:43] DEBUG: Event 3224: Processing request chunk 448...
[2026-05-11 01:24:44] DEBUG: Event 3225: Processing request chunk 842...
[2026-05-11 01:24:45] DEBUG: Event 3226: Processing request chunk 648...
[2026-05-11 01:24:46] INFO: Event 3227: Processing request chunk 830...
[2026-05-11 01:24:47] DEBUG: Event 3228: Processing request chunk 828...
[2026-05-11 01:24:48] WARN: Event 3229: Processing request chunk 719...
[2026-05-11 01:24:49] DEBUG: Event 3230: Processing request chunk 418...
[2026-05-11 01:24:50] DEBUG: Event 3231: Processing request chunk 857...
[2026-05-11 01:24:51] INFO: Event 3232: Processing request chunk 876...
[2026-05-11 01:24:52] DEBUG: Event 3233: Processing request chunk 943...
[2026-05-11 01:24:53] DEBUG: Event 3234: Processing request chunk 437...
[2026-05-11 01:24:54] DEBUG: Event 3235: Processing request chunk 812...
[2026-05-11 01:24:55] DEBUG: Event 3236: Processing request chunk 399...
[2026-05-11 01:24:56] DEBUG: Event 3237: Processing request chunk 249...
[2026-05-11 01:24:57] DEBUG: Event 3238: Processing request chunk 496...
[2026-05-11 01:24:58] DEBUG: Event 3239: Processing request chunk 961...
[2026-05-11 01:24:59] WARN: Event 3240: Processing request chunk 378...
[2026-05-11 01:25:00] DEBUG: Event 3241: Processing request chunk 228...
[2026-05-11 01:25:01] WARN: Event 3242: Processing request chunk 368...
[2026-05-11 01:25:02] DEBUG: Event 3243: Processing request chunk 166...
[2026-05-11 01:25:03] DEBUG: Event 3244: Processing request chunk 957...
[2026-05-11 01:25:04] DEBUG: Event 3245: Processing request chunk 453...
[2026-05-11 01:25:05] DEBUG: Event 3246: Processing request chunk 232...
[2026-05-11 01:25:06] DEBUG: Event 3247: Processing request chunk 304...
[2026-05-11 01:25:07] DEBUG: Event 3248: Processing request chunk 105...
[2026-05-11 01:25:08] DEBUG: Event 3249: Processing request chunk 606...
[2026-05-11 01:25:09] DEBUG: Event 3250: Processing request chunk 526...
[2026-05-11 01:25:10] DEBUG: Event 3251: Processing request chunk 484...
[2026-05-11 01:25:11] ERROR: Event 3252: Processing request chunk 159...
[2026-05-11 01:25:12] INFO: Event 3253: Processing request chunk 650...
[2026-05-11 01:25:13] CRITICAL: Event 3254: FATAL SYSTEM FAILURE - Database connection lost at pool_id=9
[2026-05-11 01:25:14] DEBUG: Event 3255: Processing request chunk 974...
[2026-05-11 01:25:15] DEBUG: Event 3256: Processing request chunk 778...
[2026-05-11 01:25:16] DEBUG: Event 3257: Processing request chunk 785...
[2026-05-11 01:25:17] DEBUG: Event 3258: Processing request chunk 800...
[2026-05-11 01:25:18] DEBUG: Event 3259: Processing request chunk 969...
[2026-05-11 01:25:19] INFO: Event 3260: Processing request chunk 369...
[2026-05-11 01:25:20] DEBUG: Event 3261: Processing request chunk 714...
[2026-05-11 01:25:21] CRITICAL: Event 3262: FATAL SYSTEM FAILURE - Database connection lost at pool_id=3
[2026-05-11 01:25:22] INFO: Event 3263: Processing request chunk 247...
[2026-05-11 01:25:23] WARN: Event 3264: Processing request chunk 211...
[2026-05-11 01:25:24] DEBUG: Event 3265: Processing request chunk 355...
[2026-05-11 01:25:25] DEBUG: Event 3266: Processing request chunk 813...
[2026-05-11 01:25:26] INFO: Event 3267: Processing request chunk 210...
[2026-05-11 01:25:27] DEBUG: Event 3268: Processing request chunk 326...
[2026-05-11 01:25:28] INFO: Event 3269: Processing request chunk 269...
[2026-05-11 01:25:29] DEBUG: Event 3270: Processing request chunk 497...
[2026-05-11 01:25:30] DEBUG: Event 3271: Processing request chunk 830...
[2026-05-11 01:25:31] DEBUG: Event 3272: Processing request chunk 675...
[2026-05-11 01:25:32] INFO: Event 3273: Processing request chunk 439...
[2026-05-11 01:25:33] DEBUG: Event 3274: Processing request chunk 316...
[2026-05-11 01:25:34] DEBUG: Event 3275: Processing request chunk 571...
[2026-05-11 01:25:35] INFO: Event 3276: Processing request chunk 128...
[2026-05-11 01:25:36] DEBUG: Event 3277: Processing request chunk 417...
[2026-05-11 01:25:37] DEBUG: Event 3278: Processing request chunk 163...
[2026-05-11 01:25:38] INFO: Event 3279: Processing request chunk 700...
[2026-05-11 01:25:39] DEBUG: Event 3280: Processing request chunk 733...
[2026-05-11 01:25:40] ERROR: Event 3281: Processing request chunk 811...
[2026-05-11 01:25:41] INFO: Event 3282: Processing request chunk 327...
[2026-05-11 01:25:42] DEBUG: Event 3283: Processing request chunk 348...
[2026-05-11 01:25:43] DEBUG: Event 3284: Processing request chunk 674...
[2026-05-11 01:25:44] DEBUG: Event 3285: Processing request chunk 566...
[2026-05-11 01:25:45] DEBUG: Event 3286: Processing request chunk 974...
[2026-05-11 01:25:46] INFO: Event 3287: Processing request chunk 702...
[2026-05-11 01:25:47] INFO: Event 3288: Processing request chunk 705...
[2026-05-11 01:25:48] DEBUG: Event 3289: Processing request chunk 488...
[2026-05-11 01:25:49] DEBUG: Event 3290: Processing request chunk 383...
[2026-05-11 01:25:50] DEBUG: Event 3291: Processing request chunk 448...
[2026-05-11 01:25:51] INFO: Event 3292: Processing request chunk 885...
[2026-05-11 01:25:52] DEBUG: Event 3293: Processing request chunk 718...
[2026-05-11 01:25:53] DEBUG: Event 3294: Processing request chunk 674...
[2026-05-11 01:25:54] DEBUG: Event 3295: Processing request chunk 381...
[2026-05-11 01:25:55] INFO: Event 3296: Processing request chunk 566...
[2026-05-11 01:25:56] DEBUG: Event 3297: Processing request chunk 715...
[2026-05-11 01:25:57] DEBUG: Event 3298: Processing request chunk 917...
[2026-05-11 01:25:58] DEBUG: Event 3299: Processing request chunk 662...
[2026-05-11 01:25:59] DEBUG: Event 3300: Processing request chunk 697...
[2026-05-11 01:26:00] DEBUG: Event 3301: Processing request chunk 507...
[2026-05-11 01:26:01] INFO: Event 3302: Processing request chunk 501...
[2026-05-11 01:26:02] DEBUG: Event 3303: Processing request chunk 429...
[2026-05-11 01:26:03] DEBUG: Event 3304: Processing request chunk 997...
[2026-05-11 01:26:04] DEBUG: Event 3305: Processing request chunk 185...
[2026-05-11 01:26:05] INFO: Event 3306: Processing request chunk 754...
[2026-05-11 01:26:06] INFO: Event 3307: Processing request chunk 142...
[2026-05-11 01:26:07] CRITICAL: Event 3308: FATAL SYSTEM FAILURE - Database connection lost at pool_id=6
[2026-05-11 01:26:08] WARN: Event 3309: Processing request chunk 666...
[2026-05-11 01:26:09] DEBUG: Event 3310: Processing request chunk 268...
[2026-05-11 01:26:10] INFO: Event 3311: Processing request chunk 927...
[2026-05-11 01:26:11] INFO: Event 3312: Processing request chunk 390...
[2026-05-11 01:26:12] DEBUG: Event 3313: Processing request chunk 914...
[2026-05-11 01:26:13] DEBUG: Event 3314: Processing request chunk 976...
[2026-05-11 01:26:14] DEBUG: Event 3315: Processing request chunk 543...
[2026-05-11 01:26:15] INFO: Event 3316: Processing request chunk 174...
[2026-05-11 01:26:16] DEBUG: Event 3317: Processing request chunk 394...
[2026-05-11 01:26:17] INFO: Event 3318: Processing request chunk 325...
[2026-05-11 01:26:18] DEBUG: Event 3319: Processing request chunk 135...
[2026-05-11 01:26:19] DEBUG: Event 3320: Processing request chunk 612...
[2026-05-11 01:26:20] INFO: Event 3321: Processing request chunk 253...
[2026-05-11 01:26:21] DEBUG: Event 3322: Processing request chunk 846...
[2026-05-11 01:26:22] DEBUG: Event 3323: Processing request chunk 761...
[2026-05-11 01:26:23] INFO: Event 3324: Processing request chunk 240...
[2026-05-11 01:26:24] INFO: Event 3325: Processing request chunk 210...
[2026-05-11 01:26:25] WARN: Event 3326: Processing request chunk 441...
[2026-05-11 01:26:26] WARN: Event 3327: Processing request chunk 377...
[2026-05-11 01:26:27] DEBUG: Event 3328: Processing request chunk 360...
[2026-05-11 01:26:28] DEBUG: Event 3329: Processing request chunk 191...
[2026-05-11 01:26:29] CRITICAL: Event 3330: FATAL SYSTEM FAILURE - Database connection lost at pool_id=4
[2026-05-11 01:26:30] INFO: Event 3331: Processing request chunk 254...
[2026-05-11 01:26:31] DEBUG: Event 3332: Processing request chunk 947...
[2026-05-11 01:26:32] DEBUG: Event 3333: Processing request chunk 457...
[2026-05-11 01:26:33] DEBUG: Event 3334: Processing request chunk 560...
[2026-05-11 01:26:34] INFO: Event 3335: Processing request chunk 861...
[2026-05-11 01:26:35] DEBUG: Event 3336: Processing request chunk 988...
[2026-05-11 01:26:36] DEBUG: Event 3337: Processing request chunk 106...
[2026-05-11 01:26:37] DEBUG: Event 3338: Processing request chunk 911...
[2026-05-11 01:26:38] DEBUG: Event 3339: Processing request chunk 101...
[2026-05-11 01:26:39] INFO: Event 3340: Processing request chunk 394...
[2026-05-11 01:26:40] INFO: Event 3341: Processing request chunk 619...
[2026-05-11 01:26:41] DEBUG: Event 3342: Processing request chunk 449...
[2026-05-11 01:26:42] DEBUG: Event 3343: Processing request chunk 387...
[2026-05-11 01:26:43] DEBUG: Event 3344: Processing request chunk 473...
[2026-05-11 01:26:44] DEBUG: Event 3345: Processing request chunk 718...
[2026-05-11 01:26:45] WARN: Event 3346: Processing request chunk 873...
[2026-05-11 01:26:46] INFO: Event 3347: Processing request chunk 399...
[2026-05-11 01:26:47] INFO: Event 3348: Processing request chunk 878...
[2026-05-11 01:26:48] INFO: Event 3349: Processing request chunk 198...
[2026-05-11 01:26:49] DEBUG: Event 3350: Processing request chunk 433...
[2026-05-11 01:26:50] DEBUG: Event 3351: Processing request chunk 380...
[2026-05-11 01:26:51] INFO: Event 3352: Processing request chunk 951...
[2026-05-11 01:26:52] DEBUG: Event 3353: Processing request chunk 731...
[2026-05-11 01:26:53] DEBUG: Event 3354: Processing request chunk 631...
[2026-05-11 01:26:54] INFO: Event 3355: Processing request chunk 338...
[2026-05-11 01:26:55] DEBUG: Event 3356: Processing request chunk 667...
[2026-05-11 01:26:56] DEBUG: Event 3357: Processing request chunk 209...
[2026-05-11 01:26:57] INFO: Event 3358: Processing request chunk 540...
[2026-05-11 01:26:58] INFO: Event 3359: Processing request chunk 515...
[2026-05-11 01:26:59] INFO: Event 3360: Processing request chunk 581...
[2026-05-11 01:27:00] INFO: Event 3361: Processing request chunk 897...
[2026-05-11 01:27:01] DEBUG: Event 3362: Processing request chunk 477...
[2026-05-11 01:27:02] DEBUG: Event 3363: Processing request chunk 507...
[2026-05-11 01:27:03] DEBUG: Event 3364: Processing request chunk 959...
[2026-05-11 01:27:04] DEBUG: Event 3365: Processing request chunk 384...
[2026-05-11 01:27:05] DEBUG: Event 3366: Processing request chunk 585...
[2026-05-11 01:27:06] INFO: Event 3367: Processing request chunk 929...
[2026-05-11 01:27:07] INFO: Event 3368: Processing request chunk 823...
[2026-05-11 01:27:08] DEBUG: Event 3369: Processing request chunk 287...
[2026-05-11 01:27:09] DEBUG: Event 3370: Processing request chunk 213...
[2026-05-11 01:27:10] INFO: Event 3371: Processing request chunk 917...
[2026-05-11 01:27:11] DEBUG: Event 3372: Processing request chunk 228...
[2026-05-11 01:27:12] WARN: Event 3373: Processing request chunk 894...
[2026-05-11 01:27:13] DEBUG: Event 3374: Processing request chunk 469...
[2026-05-11 01:27:14] ERROR: Event 3375: Processing request chunk 828...
[2026-05-11 01:27:15] INFO: Event 3376: Processing request chunk 475...
[2026-05-11 01:27:16] DEBUG: Event 3377: Processing request chunk 666...
[2026-05-11 01:27:17] INFO: Event 3378: Processing request chunk 945...
[2026-05-11 01:27:18] DEBUG: Event 3379: Processing request chunk 185...
[2026-05-11 01:27:19] INFO: Event 3380: Processing request chunk 825...
[2026-05-11 01:27:20] DEBUG: Event 3381: Processing request chunk 451...
[2026-05-11 01:27:21] INFO: Event 3382: Processing request chunk 452...
[2026-05-11 01:27:22] DEBUG: Event 3383: Processing request chunk 103...
[2026-05-11 01:27:23] DEBUG: Event 3384: Processing request chunk 824...
[2026-05-11 01:27:24] DEBUG: Event 3385: Processing request chunk 953...
[2026-05-11 01:27:25] INFO: Event 3386: Processing request chunk 904...
[2026-05-11 01:27:26] DEBUG: Event 3387: Processing request chunk 597...
[2026-05-11 01:27:27] CRITICAL: Event 3388: FATAL SYSTEM FAILURE - Database connection lost at pool_id=8
[2026-05-11 01:27:28] DEBUG: Event 3389: Processing request chunk 425...
[2026-05-11 01:27:29] DEBUG: Event 3390: Processing request chunk 552...
[2026-05-11 01:27:30] DEBUG: Event 3391: Processing request chunk 170...
[2026-05-11 01:27:31] DEBUG: Event 3392: Processing request chunk 589...
[2026-05-11 01:27:32] DEBUG: Event 3393: Processing request chunk 461...
[2026-05-11 01:27:33] DEBUG: Event 3394: Processing request chunk 772...
[2026-05-11 01:27:34] DEBUG: Event 3395: Processing request chunk 131...
[2026-05-11 01:27:35] DEBUG: Event 3396: Processing request chunk 656...
[2026-05-11 01:27:36] INFO: Event 3397: Processing request chunk 779...
[2026-05-11 01:27:37] WARN: Event 3398: Processing request chunk 408...
[2026-05-11 01:27:38] ERROR: Event 3399: Processing request chunk 538...
[2026-05-11 01:27:39] DEBUG: Event 3400: Processing request chunk 575...
[2026-05-11 01:27:40] DEBUG: Event 3401: Processing request chunk 254...
[2026-05-11 01:27:41] DEBUG: Event 3402: Processing request chunk 243...
[2026-05-11 01:27:42] DEBUG: Event 3403: Processing request chunk 995...
[2026-05-11 01:27:43] DEBUG: Event 3404: Processing request chunk 817...
[2026-05-11 01:27:44] DEBUG: Event 3405: Processing request chunk 387...
[2026-05-11 01:27:45] WARN: Event 3406: Processing request chunk 763...
[2026-05-11 01:27:46] DEBUG: Event 3407: Processing request chunk 515...
[2026-05-11 01:27:47] DEBUG: Event 3408: Processing request chunk 446...
[2026-05-11 01:27:48] DEBUG: Event 3409: Processing request chunk 900...
[2026-05-11 01:27:49] DEBUG: Event 3410: Processing request chunk 664...
[2026-05-11 01:27:50] DEBUG: Event 3411: Processing request chunk 545...
[2026-05-11 01:27:51] DEBUG: Event 3412: Processing request chunk 126...
[2026-05-11 01:27:52] DEBUG: Event 3413: Processing request chunk 720...
[2026-05-11 01:27:53] DEBUG: Event 3414: Processing request chunk 785...
[2026-05-11 01:27:54] WARN: Event 3415: Processing request chunk 656...
[2026-05-11 01:27:55] DEBUG: Event 3416: Processing request chunk 830...
[2026-05-11 01:27:56] DEBUG: Event 3417: Processing request chunk 542...
[2026-05-11 01:27:57] DEBUG: Event 3418: Processing request chunk 848...
[2026-05-11 01:27:58] DEBUG: Event 3419: Processing request chunk 740...
[2026-05-11 01:27:59] DEBUG: Event 3420: Processing request chunk 220...
[2026-05-11 01:28:00] DEBUG: Event 3421: Processing request chunk 785...
[2026-05-11 01:28:01] DEBUG: Event 3422: Processing request chunk 929...
[2026-05-11 01:28:02] WARN: Event 3423: Processing request chunk 556...
[2026-05-11 01:28:03] WARN: Event 3424: Processing request chunk 966...
[2026-05-11 01:28:04] DEBUG: Event 3425: Processing request chunk 369...
[2026-05-11 01:28:05] DEBUG: Event 3426: Processing request chunk 696...
[2026-05-11 01:28:06] DEBUG: Event 3427: Processing request chunk 238...
[2026-05-11 01:28:07] DEBUG: Event 3428: Processing request chunk 671...
[2026-05-11 01:28:08] DEBUG: Event 3429: Processing request chunk 247...
[2026-05-11 01:28:09] DEBUG: Event 3430: Processing request chunk 751...
[2026-05-11 01:28:10] DEBUG: Event 3431: Processing request chunk 527...
[2026-05-11 01:28:11] INFO: Event 3432: Processing request chunk 896...
[2026-05-11 01:28:12] DEBUG: Event 3433: Processing request chunk 819...
[2026-05-11 01:28:13] INFO: Event 3434: Processing request chunk 120...
[2026-05-11 01:28:14] DEBUG: Event 3435: Processing request chunk 794...
[2026-05-11 01:28:15] WARN: Event 3436: Processing request chunk 367...
[2026-05-11 01:28:16] DEBUG: Event 3437: Processing request chunk 326...
[2026-05-11 01:28:17] INFO: Event 3438: Processing request chunk 935...
[2026-05-11 01:28:18] DEBUG: Event 3439: Processing request chunk 911...
[2026-05-11 01:28:19] DEBUG: Event 3440: Processing request chunk 444...
[2026-05-11 01:28:20] DEBUG: Event 3441: Processing request chunk 785...
[2026-05-11 01:28:21] CRITICAL: Event 3442: FATAL SYSTEM FAILURE - Database connection lost at pool_id=3
[2026-05-11 01:28:22] DEBUG: Event 3443: Processing request chunk 255...
[2026-05-11 01:28:23] DEBUG: Event 3444: Processing request chunk 887...
[2026-05-11 01:28:24] DEBUG: Event 3445: Processing request chunk 161...
[2026-05-11 01:28:25] DEBUG: Event 3446: Processing request chunk 123...
[2026-05-11 01:28:26] INFO: Event 3447: Processing request chunk 953...
[2026-05-11 01:28:27] DEBUG: Event 3448: Processing request chunk 424...
[2026-05-11 01:28:28] DEBUG: Event 3449: Processing request chunk 334...
[2026-05-11 01:28:29] DEBUG: Event 3450: Processing request chunk 466...
[2026-05-11 01:28:30] DEBUG: Event 3451: Processing request chunk 542...
[2026-05-11 01:28:31] INFO: Event 3452: Processing request chunk 300...
[2026-05-11 01:28:32] DEBUG: Event 3453: Processing request chunk 780...
[2026-05-11 01:28:33] WARN: Event 3454: Processing request chunk 119...
[2026-05-11 01:28:34] DEBUG: Event 3455: Processing request chunk 603...
[2026-05-11 01:28:35] INFO: Event 3456: Processing request chunk 139...
[2026-05-11 01:28:36] INFO: Event 3457: Processing request chunk 749...
[2026-05-11 01:28:37] INFO: Event 3458: Processing request chunk 696...
[2026-05-11 01:28:38] ERROR: Event 3459: Processing request chunk 293...
[2026-05-11 01:28:39] DEBUG: Event 3460: Processing request chunk 310...
[2026-05-11 01:28:40] DEBUG: Event 3461: Processing request chunk 580...
[2026-05-11 01:28:41] DEBUG: Event 3462: Processing request chunk 605...
[2026-05-11 01:28:42] DEBUG: Event 3463: Processing request chunk 330...
[2026-05-11 01:28:43] INFO: Event 3464: Processing request chunk 504...
[2026-05-11 01:28:44] DEBUG: Event 3465: Processing request chunk 658...
[2026-05-11 01:28:45] DEBUG: Event 3466: Processing request chunk 467...
[2026-05-11 01:28:46] INFO: Event 3467: Processing request chunk 560...
[2026-05-11 01:28:47] DEBUG: Event 3468: Processing request chunk 999...
[2026-05-11 01:28:48] DEBUG: Event 3469: Processing request chunk 492...
[2026-05-11 01:28:49] INFO: Event 3470: Processing request chunk 671...
[2026-05-11 01:28:50] INFO: Event 3471: Processing request chunk 781...
[2026-05-11 01:28:51] DEBUG: Event 3472: Processing request chunk 231...
[2026-05-11 01:28:52] DEBUG: Event 3473: Processing request chunk 114...
[2026-05-11 01:28:53] DEBUG: Event 3474: Processing request chunk 408...
[2026-05-11 01:28:54] DEBUG: Event 3475: Processing request chunk 847...
[2026-05-11 01:28:55] CRITICAL: Event 3476: FATAL SYSTEM FAILURE - Database connection lost at pool_id=3
[2026-05-11 01:28:56] INFO: Event 3477: Processing request chunk 331...
[2026-05-11 01:28:57] DEBUG: Event 3478: Processing request chunk 797...
[2026-05-11 01:28:58] DEBUG: Event 3479: Processing request chunk 313...
[2026-05-11 01:28:59] INFO: Event 3480: Processing request chunk 388...
[2026-05-11 01:29:00] INFO: Event 3481: Processing request chunk 430...
[2026-05-11 01:29:01] DEBUG: Event 3482: Processing request chunk 726...
[2026-05-11 01:29:02] DEBUG: Event 3483: Processing request chunk 198...
[2026-05-11 01:29:03] DEBUG: Event 3484: Processing request chunk 114...
[2026-05-11 01:29:04] WARN: Event 3485: Processing request chunk 438...
[2026-05-11 01:29:05] INFO: Event 3486: Processing request chunk 251...
[2026-05-11 01:29:06] INFO: Event 3487: Processing request chunk 672...
[2026-05-11 01:29:07] DEBUG: Event 3488: Processing request chunk 495...
[2026-05-11 01:29:08] INFO: Event 3489: Processing request chunk 354...
[2026-05-11 01:29:09] DEBUG: Event 3490: Processing request chunk 681...
[2026-05-11 01:29:10] DEBUG: Event 3491: Processing request chunk 848...
[2026-05-11 01:29:11] INFO: Event 3492: Processing request chunk 452...
[2026-05-11 01:29:12] DEBUG: Event 3493: Processing request chunk 222...
[2026-05-11 01:29:13] INFO: Event 3494: Processing request chunk 149...
[2026-05-11 01:29:14] WARN: Event 3495: Processing request chunk 826...
[2026-05-11 01:29:15] DEBUG: Event 3496: Processing request chunk 804...
[2026-05-11 01:29:16] DEBUG: Event 3497: Processing request chunk 865...
[2026-05-11 01:29:17] INFO: Event 3498: Processing request chunk 863...
[2026-05-11 01:29:18] DEBUG: Event 3499: Processing request chunk 763...
[2026-05-11 01:29:19] DEBUG: Event 3500: Processing request chunk 150...
[2026-05-11 01:29:20] DEBUG: Event 3501: Processing request chunk 891...
[2026-05-11 01:29:21] INFO: Event 3502: Processing request chunk 121...
[2026-05-11 01:29:22] DEBUG: Event 3503: Processing request chunk 820...
[2026-05-11 01:29:23] INFO: Event 3504: Processing request chunk 280...
[2026-05-11 01:29:24] DEBUG: Event 3505: Processing request chunk 347...
[2026-05-11 01:29:25] INFO: Event 3506: Processing request chunk 292...
[2026-05-11 01:29:26] DEBUG: Event 3507: Processing request chunk 907...
[2026-05-11 01:29:27] DEBUG: Event 3508: Processing request chunk 381...
[2026-05-11 01:29:28] DEBUG: Event 3509: Processing request chunk 619...
[2026-05-11 01:29:29] DEBUG: Event 3510: Processing request chunk 125...
[2026-05-11 01:29:30] INFO: Event 3511: Processing request chunk 760...
[2026-05-11 01:29:31] DEBUG: Event 3512: Processing request chunk 465...
[2026-05-11 01:29:32] DEBUG: Event 3513: Processing request chunk 283...
[2026-05-11 01:29:33] DEBUG: Event 3514: Processing request chunk 411...
[2026-05-11 01:29:34] DEBUG: Event 3515: Processing request chunk 463...
[2026-05-11 01:29:35] WARN: Event 3516: Processing request chunk 948...
[2026-05-11 01:29:36] WARN: Event 3517: Processing request chunk 101...
[2026-05-11 01:29:37] DEBUG: Event 3518: Processing request chunk 136...
[2026-05-11 01:29:38] DEBUG: Event 3519: Processing request chunk 814...
[2026-05-11 01:29:39] INFO: Event 3520: Processing request chunk 232...
[2026-05-11 01:29:40] DEBUG: Event 3521: Processing request chunk 594...
[2026-05-11 01:29:41] INFO: Event 3522: Processing request chunk 911...
[2026-05-11 01:29:42] ERROR: Event 3523: Processing request chunk 202...
[2026-05-11 01:29:43] DEBUG: Event 3524: Processing request chunk 922...
[2026-05-11 01:29:44] DEBUG: Event 3525: Processing request chunk 278...
[2026-05-11 01:29:45] DEBUG: Event 3526: Processing request chunk 850...
[2026-05-11 01:29:46] DEBUG: Event 3527: Processing request chunk 239...
[2026-05-11 01:29:47] INFO: Event 3528: Processing request chunk 370...
[2026-05-11 01:29:48] DEBUG: Event 3529: Processing request chunk 463...
[2026-05-11 01:29:49] DEBUG: Event 3530: Processing request chunk 518...
[2026-05-11 01:29:50] INFO: Event 3531: Processing request chunk 116...
[2026-05-11 01:29:51] INFO: Event 3532: Processing request chunk 864...
[2026-05-11 01:29:52] INFO: Event 3533: Processing request chunk 899...
[2026-05-11 01:29:53] DEBUG: Event 3534: Processing request chunk 223...
[2026-05-11 01:29:54] DEBUG: Event 3535: Processing request chunk 365...
[2026-05-11 01:29:55] DEBUG: Event 3536: Processing request chunk 154...
[2026-05-11 01:29:56] INFO: Event 3537: Processing request chunk 147...
[2026-05-11 01:29:57] INFO: Event 3538: Processing request chunk 622...
[2026-05-11 01:29:58] DEBUG: Event 3539: Processing request chunk 858...
[2026-05-11 01:29:59] DEBUG: Event 3540: Processing request chunk 889...
[2026-05-11 01:30:00] INFO: Event 3541: Processing request chunk 665...
[2026-05-11 01:30:01] DEBUG: Event 3542: Processing request chunk 422...
[2026-05-11 01:30:02] DEBUG: Event 3543: Processing request chunk 368...
[2026-05-11 01:30:03] DEBUG: Event 3544: Processing request chunk 991...
[2026-05-11 01:30:04] DEBUG: Event 3545: Processing request chunk 190...
[2026-05-11 01:30:05] INFO: Event 3546: Processing request chunk 757...
[2026-05-11 01:30:06] DEBUG: Event 3547: Processing request chunk 709...
[2026-05-11 01:30:07] DEBUG: Event 3548: Processing request chunk 727...
[2026-05-11 01:30:08] ERROR: Event 3549: Processing request chunk 276...
[2026-05-11 01:30:09] DEBUG: Event 3550: Processing request chunk 630...
[2026-05-11 01:30:10] DEBUG: Event 3551: Processing request chunk 921...
[2026-05-11 01:30:11] DEBUG: Event 3552: Processing request chunk 164...
[2026-05-11 01:30:12] INFO: Event 3553: Processing request chunk 721...
[2026-05-11 01:30:13] DEBUG: Event 3554: Processing request chunk 897...
[2026-05-11 01:30:14] DEBUG: Event 3555: Processing request chunk 254...
[2026-05-11 01:30:15] INFO: Event 3556: Processing request chunk 506...
[2026-05-11 01:30:16] DEBUG: Event 3557: Processing request chunk 109...
[2026-05-11 01:30:17] DEBUG: Event 3558: Processing request chunk 119...
[2026-05-11 01:30:18] DEBUG: Event 3559: Processing request chunk 273...
[2026-05-11 01:30:19] DEBUG: Event 3560: Processing request chunk 475...
[2026-05-11 01:30:20] DEBUG: Event 3561: Processing request chunk 690...
[2026-05-11 01:30:21] INFO: Event 3562: Processing request chunk 627...
[2026-05-11 01:30:22] INFO: Event 3563: Processing request chunk 367...
[2026-05-11 01:30:23] DEBUG: Event 3564: Processing request chunk 648...
[2026-05-11 01:30:24] DEBUG: Event 3565: Processing request chunk 268...
[2026-05-11 01:30:25] DEBUG: Event 3566: Processing request chunk 455...
[2026-05-11 01:30:26] DEBUG: Event 3567: Processing request chunk 268...
[2026-05-11 01:30:27] INFO: Event 3568: Processing request chunk 899...
[2026-05-11 01:30:28] ERROR: Event 3569: Processing request chunk 705...
[2026-05-11 01:30:29] DEBUG: Event 3570: Processing request chunk 512...
[2026-05-11 01:30:30] DEBUG: Event 3571: Processing request chunk 753...
[2026-05-11 01:30:31] DEBUG: Event 3572: Processing request chunk 298...
[2026-05-11 01:30:32] DEBUG: Event 3573: Processing request chunk 382...
[2026-05-11 01:30:33] DEBUG: Event 3574: Processing request chunk 861...
[2026-05-11 01:30:34] DEBUG: Event 3575: Processing request chunk 731...
[2026-05-11 01:30:35] DEBUG: Event 3576: Processing request chunk 336...
[2026-05-11 01:30:36] DEBUG: Event 3577: Processing request chunk 715...
[2026-05-11 01:30:37] INFO: Event 3578: Processing request chunk 301...
[2026-05-11 01:30:38] DEBUG: Event 3579: Processing request chunk 258...
[2026-05-11 01:30:39] INFO: Event 3580: Processing request chunk 654...
[2026-05-11 01:30:40] DEBUG: Event 3581: Processing request chunk 746...
[2026-05-11 01:30:41] ERROR: Event 3582: Processing request chunk 483...
[2026-05-11 01:30:42] INFO: Event 3583: Processing request chunk 185...
[2026-05-11 01:30:43] INFO: Event 3584: Processing request chunk 416...
[2026-05-11 01:30:44] DEBUG: Event 3585: Processing request chunk 908...
[2026-05-11 01:30:45] DEBUG: Event 3586: Processing request chunk 674...
[2026-05-11 01:30:46] INFO: Event 3587: Processing request chunk 428...
[2026-05-11 01:30:47] DEBUG: Event 3588: Processing request chunk 927...
[2026-05-11 01:30:48] DEBUG: Event 3589: Processing request chunk 534...
[2026-05-11 01:30:49] DEBUG: Event 3590: Processing request chunk 292...
[2026-05-11 01:30:50] DEBUG: Event 3591: Processing request chunk 200...
[2026-05-11 01:30:51] INFO: Event 3592: Processing request chunk 881...
[2026-05-11 01:30:52] DEBUG: Event 3593: Processing request chunk 138...
[2026-05-11 01:30:53] INFO: Event 3594: Processing request chunk 883...
[2026-05-11 01:30:54] INFO: Event 3595: Processing request chunk 236...
[2026-05-11 01:30:55] DEBUG: Event 3596: Processing request chunk 941...
[2026-05-11 01:30:56] DEBUG: Event 3597: Processing request chunk 432...
[2026-05-11 01:30:57] DEBUG: Event 3598: Processing request chunk 197...
[2026-05-11 01:30:58] DEBUG: Event 3599: Processing request chunk 844...
[2026-05-11 01:30:59] DEBUG: Event 3600: Processing request chunk 776...
[2026-05-11 01:31:00] WARN: Event 3601: Processing request chunk 954...
[2026-05-11 01:31:01] DEBUG: Event 3602: Processing request chunk 730...
[2026-05-11 01:31:02] DEBUG: Event 3603: Processing request chunk 175...
[2026-05-11 01:31:03] INFO: Event 3604: Processing request chunk 333...
[2026-05-11 01:31:04] DEBUG: Event 3605: Processing request chunk 274...
[2026-05-11 01:31:05] DEBUG: Event 3606: Processing request chunk 185...
[2026-05-11 01:31:06] DEBUG: Event 3607: Processing request chunk 511...
[2026-05-11 01:31:07] INFO: Event 3608: Processing request chunk 609...
[2026-05-11 01:31:08] DEBUG: Event 3609: Processing request chunk 880...
[2026-05-11 01:31:09] DEBUG: Event 3610: Processing request chunk 518...
[2026-05-11 01:31:10] DEBUG: Event 3611: Processing request chunk 614...
[2026-05-11 01:31:11] DEBUG: Event 3612: Processing request chunk 620...
[2026-05-11 01:31:12] DEBUG: Event 3613: Processing request chunk 979...
[2026-05-11 01:31:13] DEBUG: Event 3614: Processing request chunk 100...
[2026-05-11 01:31:14] DEBUG: Event 3615: Processing request chunk 983...
[2026-05-11 01:31:15] DEBUG: Event 3616: Processing request chunk 592...
[2026-05-11 01:31:16] DEBUG: Event 3617: Processing request chunk 769...
[2026-05-11 01:31:17] DEBUG: Event 3618: Processing request chunk 889...
[2026-05-11 01:31:18] INFO: Event 3619: Processing request chunk 637...
[2026-05-11 01:31:19] DEBUG: Event 3620: Processing request chunk 793...
[2026-05-11 01:31:20] INFO: Event 3621: Processing request chunk 901...
[2026-05-11 01:31:21] INFO: Event 3622: Processing request chunk 888...
[2026-05-11 01:31:22] DEBUG: Event 3623: Processing request chunk 983...
[2026-05-11 01:31:23] DEBUG: Event 3624: Processing request chunk 831...
[2026-05-11 01:31:24] DEBUG: Event 3625: Processing request chunk 472...
[2026-05-11 01:31:25] DEBUG: Event 3626: Processing request chunk 267...
[2026-05-11 01:31:26] DEBUG: Event 3627: Processing request chunk 906...
[2026-05-11 01:31:27] DEBUG: Event 3628: Processing request chunk 857...
[2026-05-11 01:31:28] DEBUG: Event 3629: Processing request chunk 738...
[2026-05-11 01:31:29] DEBUG: Event 3630: Processing request chunk 177...
[2026-05-11 01:31:30] DEBUG: Event 3631: Processing request chunk 483...
[2026-05-11 01:31:31] DEBUG: Event 3632: Processing request chunk 588...
[2026-05-11 01:31:32] ERROR: Event 3633: Processing request chunk 116...
[2026-05-11 01:31:33] DEBUG: Event 3634: Processing request chunk 833...
[2026-05-11 01:31:34] DEBUG: Event 3635: Processing request chunk 576...
[2026-05-11 01:31:35] INFO: Event 3636: Processing request chunk 681...
[2026-05-11 01:31:36] DEBUG: Event 3637: Processing request chunk 139...
[2026-05-11 01:31:37] DEBUG: Event 3638: Processing request chunk 595...
[2026-05-11 01:31:38] INFO: Event 3639: Processing request chunk 367...
[2026-05-11 01:31:39] WARN: Event 3640: Processing request chunk 359...
[2026-05-11 01:31:40] DEBUG: Event 3641: Processing request chunk 235...
[2026-05-11 01:31:41] DEBUG: Event 3642: Processing request chunk 434...
[2026-05-11 01:31:42] DEBUG: Event 3643: Processing request chunk 190...
[2026-05-11 01:31:43] INFO: Event 3644: Processing request chunk 250...
[2026-05-11 01:31:44] DEBUG: Event 3645: Processing request chunk 585...
[2026-05-11 01:31:45] INFO: Event 3646: Processing request chunk 778...
[2026-05-11 01:31:46] INFO: Event 3647: Processing request chunk 110...
[2026-05-11 01:31:47] DEBUG: Event 3648: Processing request chunk 683...
[2026-05-11 01:31:48] DEBUG: Event 3649: Processing request chunk 257...
[2026-05-11 01:31:49] DEBUG: Event 3650: Processing request chunk 574...
[2026-05-11 01:31:50] DEBUG: Event 3651: Processing request chunk 351...
[2026-05-11 01:31:51] DEBUG: Event 3652: Processing request chunk 401...
[2026-05-11 01:31:52] DEBUG: Event 3653: Processing request chunk 207...
[2026-05-11 01:31:53] INFO: Event 3654: Processing request chunk 568...
[2026-05-11 01:31:54] DEBUG: Event 3655: Processing request chunk 316...
[2026-05-11 01:31:55] INFO: Event 3656: Processing request chunk 868...
[2026-05-11 01:31:56] ERROR: Event 3657: Processing request chunk 405...
[2026-05-11 01:31:57] DEBUG: Event 3658: Processing request chunk 345...
[2026-05-11 01:31:58] WARN: Event 3659: Processing request chunk 292...
[2026-05-11 01:31:59] INFO: Event 3660: Processing request chunk 196...
[2026-05-11 01:32:00] INFO: Event 3661: Processing request chunk 481...
[2026-05-11 01:32:01] INFO: Event 3662: Processing request chunk 776...
[2026-05-11 01:32:02] DEBUG: Event 3663: Processing request chunk 300...
[2026-05-11 01:32:03] DEBUG: Event 3664: Processing request chunk 448...
[2026-05-11 01:32:04] INFO: Event 3665: Processing request chunk 754...
[2026-05-11 01:32:05] DEBUG: Event 3666: Processing request chunk 684...
[2026-05-11 01:32:06] DEBUG: Event 3667: Processing request chunk 879...
[2026-05-11 01:32:07] INFO: Event 3668: Processing request chunk 539...
[2026-05-11 01:32:08] DEBUG: Event 3669: Processing request chunk 625...
[2026-05-11 01:32:09] DEBUG: Event 3670: Processing request chunk 921...
[2026-05-11 01:32:10] DEBUG: Event 3671: Processing request chunk 872...
[2026-05-11 01:32:11] DEBUG: Event 3672: Processing request chunk 373...
[2026-05-11 01:32:12] DEBUG: Event 3673: Processing request chunk 804...
[2026-05-11 01:32:13] DEBUG: Event 3674: Processing request chunk 676...
[2026-05-11 01:32:14] INFO: Event 3675: Processing request chunk 624...
[2026-05-11 01:32:15] DEBUG: Event 3676: Processing request chunk 131...
[2026-05-11 01:32:16] DEBUG: Event 3677: Processing request chunk 271...
[2026-05-11 01:32:17] DEBUG: Event 3678: Processing request chunk 419...
[2026-05-11 01:32:18] WARN: Event 3679: Processing request chunk 304...
[2026-05-11 01:32:19] DEBUG: Event 3680: Processing request chunk 652...
[2026-05-11 01:32:20] DEBUG: Event 3681: Processing request chunk 270...
[2026-05-11 01:32:21] DEBUG: Event 3682: Processing request chunk 961...
[2026-05-11 01:32:22] DEBUG: Event 3683: Processing request chunk 229...
[2026-05-11 01:32:23] WARN: Event 3684: Processing request chunk 825...
[2026-05-11 01:32:24] DEBUG: Event 3685: Processing request chunk 730...
[2026-05-11 01:32:25] DEBUG: Event 3686: Processing request chunk 716...
[2026-05-11 01:32:26] WARN: Event 3687: Processing request chunk 176...
[2026-05-11 01:32:27] DEBUG: Event 3688: Processing request chunk 615...
[2026-05-11 01:32:28] INFO: Event 3689: Processing request chunk 414...
[2026-05-11 01:32:29] DEBUG: Event 3690: Processing request chunk 793...
[2026-05-11 01:32:30] CRITICAL: Event 3691: FATAL SYSTEM FAILURE - Database connection lost at pool_id=6
[2026-05-11 01:32:31] DEBUG: Event 3692: Processing request chunk 104...
[2026-05-11 01:32:32] INFO: Event 3693: Processing request chunk 929...
[2026-05-11 01:32:33] DEBUG: Event 3694: Processing request chunk 248...
[2026-05-11 01:32:34] DEBUG: Event 3695: Processing request chunk 236...
[2026-05-11 01:32:35] DEBUG: Event 3696: Processing request chunk 261...
[2026-05-11 01:32:36] DEBUG: Event 3697: Processing request chunk 126...
[2026-05-11 01:32:37] DEBUG: Event 3698: Processing request chunk 240...
[2026-05-11 01:32:38] DEBUG: Event 3699: Processing request chunk 814...
[2026-05-11 01:32:39] DEBUG: Event 3700: Processing request chunk 662...
[2026-05-11 01:32:40] WARN: Event 3701: Processing request chunk 791...
[2026-05-11 01:32:41] DEBUG: Event 3702: Processing request chunk 565...
[2026-05-11 01:32:42] DEBUG: Event 3703: Processing request chunk 272...
[2026-05-11 01:32:43] WARN: Event 3704: Processing request chunk 299...
[2026-05-11 01:32:44] DEBUG: Event 3705: Processing request chunk 280...
[2026-05-11 01:32:45] WARN: Event 3706: Processing request chunk 827...
[2026-05-11 01:32:46] WARN: Event 3707: Processing request chunk 282...
[2026-05-11 01:32:47] DEBUG: Event 3708: Processing request chunk 518...
[2026-05-11 01:32:48] DEBUG: Event 3709: Processing request chunk 666...
[2026-05-11 01:32:49] DEBUG: Event 3710: Processing request chunk 716...
[2026-05-11 01:32:50] DEBUG: Event 3711: Processing request chunk 995...
[2026-05-11 01:32:51] DEBUG: Event 3712: Processing request chunk 862...
[2026-05-11 01:32:52] DEBUG: Event 3713: Processing request chunk 483...
[2026-05-11 01:32:53] INFO: Event 3714: Processing request chunk 261...
[2026-05-11 01:32:54] INFO: Event 3715: Processing request chunk 593...
[2026-05-11 01:32:55] DEBUG: Event 3716: Processing request chunk 755...
[2026-05-11 01:32:56] WARN: Event 3717: Processing request chunk 471...
[2026-05-11 01:32:57] DEBUG: Event 3718: Processing request chunk 861...
[2026-05-11 01:32:58] INFO: Event 3719: Processing request chunk 570...
[2026-05-11 01:32:59] DEBUG: Event 3720: Processing request chunk 994...
[2026-05-11 01:33:00] DEBUG: Event 3721: Processing request chunk 841...
[2026-05-11 01:33:01] DEBUG: Event 3722: Processing request chunk 607...
[2026-05-11 01:33:02] DEBUG: Event 3723: Processing request chunk 142...
[2026-05-11 01:33:03] DEBUG: Event 3724: Processing request chunk 179...
[2026-05-11 01:33:04] DEBUG: Event 3725: Processing request chunk 930...
[2026-05-11 01:33:05] DEBUG: Event 3726: Processing request chunk 885...
[2026-05-11 01:33:06] DEBUG: Event 3727: Processing request chunk 631...
[2026-05-11 01:33:07] DEBUG: Event 3728: Processing request chunk 427...
[2026-05-11 01:33:08] DEBUG: Event 3729: Processing request chunk 298...
[2026-05-11 01:33:09] WARN: Event 3730: Processing request chunk 565...
[2026-05-11 01:33:10] INFO: Event 3731: Processing request chunk 895...
[2026-05-11 01:33:11] INFO: Event 3732: Processing request chunk 976...
[2026-05-11 01:33:12] WARN: Event 3733: Processing request chunk 916...
[2026-05-11 01:33:13] INFO: Event 3734: Processing request chunk 271...
[2026-05-11 01:33:14] DEBUG: Event 3735: Processing request chunk 416...
[2026-05-11 01:33:15] DEBUG: Event 3736: Processing request chunk 938...
[2026-05-11 01:33:16] DEBUG: Event 3737: Processing request chunk 582...
[2026-05-11 01:33:17] DEBUG: Event 3738: Processing request chunk 978...
[2026-05-11 01:33:18] DEBUG: Event 3739: Processing request chunk 203...
[2026-05-11 01:33:19] DEBUG: Event 3740: Processing request chunk 918...
[2026-05-11 01:33:20] DEBUG: Event 3741: Processing request chunk 271...
[2026-05-11 01:33:21] DEBUG: Event 3742: Processing request chunk 243...
[2026-05-11 01:33:22] WARN: Event 3743: Processing request chunk 227...
[2026-05-11 01:33:23] DEBUG: Event 3744: Processing request chunk 699...
[2026-05-11 01:33:24] INFO: Event 3745: Processing request chunk 640...
[2026-05-11 01:33:25] DEBUG: Event 3746: Processing request chunk 322...
[2026-05-11 01:33:26] DEBUG: Event 3747: Processing request chunk 264...
[2026-05-11 01:33:27] INFO: Event 3748: Processing request chunk 529...
[2026-05-11 01:33:28] DEBUG: Event 3749: Processing request chunk 880...
[2026-05-11 01:33:29] DEBUG: Event 3750: Processing request chunk 354...
[2026-05-11 01:33:30] DEBUG: Event 3751: Processing request chunk 171...
[2026-05-11 01:33:31] DEBUG: Event 3752: Processing request chunk 247...
[2026-05-11 01:33:32] DEBUG: Event 3753: Processing request chunk 981...
[2026-05-11 01:33:33] INFO: Event 3754: Processing request chunk 346...
[2026-05-11 01:33:34] DEBUG: Event 3755: Processing request chunk 598...
[2026-05-11 01:33:35] DEBUG: Event 3756: Processing request chunk 161...
[2026-05-11 01:33:36] DEBUG: Event 3757: Processing request chunk 703...
[2026-05-11 01:33:37] DEBUG: Event 3758: Processing request chunk 420...
[2026-05-11 01:33:38] DEBUG: Event 3759: Processing request chunk 639...
[2026-05-11 01:33:39] DEBUG: Event 3760: Processing request chunk 962...
[2026-05-11 01:33:40] DEBUG: Event 3761: Processing request chunk 857...
[2026-05-11 01:33:41] DEBUG: Event 3762: Processing request chunk 167...
[2026-05-11 01:33:42] DEBUG: Event 3763: Processing request chunk 360...
[2026-05-11 01:33:43] DEBUG: Event 3764: Processing request chunk 687...
[2026-05-11 01:33:44] DEBUG: Event 3765: Processing request chunk 240...
[2026-05-11 01:33:45] DEBUG: Event 3766: Processing request chunk 832...
[2026-05-11 01:33:46] DEBUG: Event 3767: Processing request chunk 612...
[2026-05-11 01:33:47] DEBUG: Event 3768: Processing request chunk 645...
[2026-05-11 01:33:48] DEBUG: Event 3769: Processing request chunk 429...
[2026-05-11 01:33:49] INFO: Event 3770: Processing request chunk 362...
[2026-05-11 01:33:50] DEBUG: Event 3771: Processing request chunk 373...
[2026-05-11 01:33:51] DEBUG: Event 3772: Processing request chunk 823...
[2026-05-11 01:33:52] DEBUG: Event 3773: Processing request chunk 535...
[2026-05-11 01:33:53] DEBUG: Event 3774: Processing request chunk 428...
[2026-05-11 01:33:54] WARN: Event 3775: Processing request chunk 670...
[2026-05-11 01:33:55] DEBUG: Event 3776: Processing request chunk 510...
[2026-05-11 01:33:56] DEBUG: Event 3777: Processing request chunk 230...
[2026-05-11 01:33:57] DEBUG: Event 3778: Processing request chunk 713...
[2026-05-11 01:33:58] INFO: Event 3779: Processing request chunk 702...
[2026-05-11 01:33:59] DEBUG: Event 3780: Processing request chunk 856...
[2026-05-11 01:34:00] DEBUG: Event 3781: Processing request chunk 309...
[2026-05-11 01:34:01] DEBUG: Event 3782: Processing request chunk 585...
[2026-05-11 01:34:02] DEBUG: Event 3783: Processing request chunk 296...
[2026-05-11 01:34:03] DEBUG: Event 3784: Processing request chunk 653...
[2026-05-11 01:34:04] ERROR: Event 3785: Processing request chunk 246...
[2026-05-11 01:34:05] DEBUG: Event 3786: Processing request chunk 915...
[2026-05-11 01:34:06] DEBUG: Event 3787: Processing request chunk 259...
[2026-05-11 01:34:07] DEBUG: Event 3788: Processing request chunk 546...
[2026-05-11 01:34:08] DEBUG: Event 3789: Processing request chunk 988...
[2026-05-11 01:34:09] INFO: Event 3790: Processing request chunk 423...
[2026-05-11 01:34:10] INFO: Event 3791: Processing request chunk 142...
[2026-05-11 01:34:11] DEBUG: Event 3792: Processing request chunk 924...
[2026-05-11 01:34:12] DEBUG: Event 3793: Processing request chunk 252...
[2026-05-11 01:34:13] DEBUG: Event 3794: Processing request chunk 383...
[2026-05-11 01:34:14] DEBUG: Event 3795: Processing request chunk 887...
[2026-05-11 01:34:15] DEBUG: Event 3796: Processing request chunk 543...
[2026-05-11 01:34:16] DEBUG: Event 3797: Processing request chunk 674...
[2026-05-11 01:34:17] INFO: Event 3798: Processing request chunk 671...
[2026-05-11 01:34:18] DEBUG: Event 3799: Processing request chunk 334...
[2026-05-11 01:34:19] DEBUG: Event 3800: Processing request chunk 252...
[2026-05-11 01:34:20] DEBUG: Event 3801: Processing request chunk 919...
[2026-05-11 01:34:21] DEBUG: Event 3802: Processing request chunk 448...
[2026-05-11 01:34:22] DEBUG: Event 3803: Processing request chunk 101...
[2026-05-11 01:34:23] DEBUG: Event 3804: Processing request chunk 628...
[2026-05-11 01:34:24] DEBUG: Event 3805: Processing request chunk 406...
[2026-05-11 01:34:25] DEBUG: Event 3806: Processing request chunk 863...
[2026-05-11 01:34:26] DEBUG: Event 3807: Processing request chunk 365...
[2026-05-11 01:34:27] DEBUG: Event 3808: Processing request chunk 192...
[2026-05-11 01:34:28] DEBUG: Event 3809: Processing request chunk 962...
[2026-05-11 01:34:29] DEBUG: Event 3810: Processing request chunk 765...
[2026-05-11 01:34:30] INFO: Event 3811: Processing request chunk 133...
[2026-05-11 01:34:31] DEBUG: Event 3812: Processing request chunk 525...
[2026-05-11 01:34:32] INFO: Event 3813: Processing request chunk 159...
[2026-05-11 01:34:33] DEBUG: Event 3814: Processing request chunk 579...
[2026-05-11 01:34:34] DEBUG: Event 3815: Processing request chunk 883...
[2026-05-11 01:34:35] DEBUG: Event 3816: Processing request chunk 838...
[2026-05-11 01:34:36] DEBUG: Event 3817: Processing request chunk 180...
[2026-05-11 01:34:37] DEBUG: Event 3818: Processing request chunk 717...
[2026-05-11 01:34:38] DEBUG: Event 3819: Processing request chunk 356...
[2026-05-11 01:34:39] DEBUG: Event 3820: Processing request chunk 548...
[2026-05-11 01:34:40] DEBUG: Event 3821: Processing request chunk 278...
[2026-05-11 01:34:41] DEBUG: Event 3822: Processing request chunk 629...
[2026-05-11 01:34:42] INFO: Event 3823: Processing request chunk 344...
[2026-05-11 01:34:43] INFO: Event 3824: Processing request chunk 742...
[2026-05-11 01:34:44] ERROR: Event 3825: Processing request chunk 242...
[2026-05-11 01:34:45] INFO: Event 3826: Processing request chunk 248...
[2026-05-11 01:34:46] DEBUG: Event 3827: Processing request chunk 915...
[2026-05-11 01:34:47] DEBUG: Event 3828: Processing request chunk 295...
[2026-05-11 01:34:48] INFO: Event 3829: Processing request chunk 362...
[2026-05-11 01:34:49] INFO: Event 3830: Processing request chunk 394...
[2026-05-11 01:34:50] DEBUG: Event 3831: Processing request chunk 843...
[2026-05-11 01:34:51] INFO: Event 3832: Processing request chunk 641...
[2026-05-11 01:34:52] DEBUG: Event 3833: Processing request chunk 502...
[2026-05-11 01:34:53] ERROR: Event 3834: Processing request chunk 115...
[2026-05-11 01:34:54] WARN: Event 3835: Processing request chunk 213...
[2026-05-11 01:34:55] INFO: Event 3836: Processing request chunk 822...
[2026-05-11 01:34:56] DEBUG: Event 3837: Processing request chunk 546...
[2026-05-11 01:34:57] WARN: Event 3838: Processing request chunk 609...
[2026-05-11 01:34:58] DEBUG: Event 3839: Processing request chunk 795...
[2026-05-11 01:34:59] DEBUG: Event 3840: Processing request chunk 472...
[2026-05-11 01:35:00] DEBUG: Event 3841: Processing request chunk 438...
[2026-05-11 01:35:01] DEBUG: Event 3842: Processing request chunk 573...
[2026-05-11 01:35:02] INFO: Event 3843: Processing request chunk 569...
[2026-05-11 01:35:03] DEBUG: Event 3844: Processing request chunk 221...
[2026-05-11 01:35:04] INFO: Event 3845: Processing request chunk 610...
[2026-05-11 01:35:05] INFO: Event 3846: Processing request chunk 277...
[2026-05-11 01:35:06] DEBUG: Event 3847: Processing request chunk 632...
[2026-05-11 01:35:07] INFO: Event 3848: Processing request chunk 560...
[2026-05-11 01:35:08] DEBUG: Event 3849: Processing request chunk 742...
[2026-05-11 01:35:09] DEBUG: Event 3850: Processing request chunk 489...
[2026-05-11 01:35:10] WARN: Event 3851: Processing request chunk 216...
[2026-05-11 01:35:11] DEBUG: Event 3852: Processing request chunk 492...
[2026-05-11 01:35:12] DEBUG: Event 3853: Processing request chunk 566...
[2026-05-11 01:35:13] DEBUG: Event 3854: Processing request chunk 814...
[2026-05-11 01:35:14] DEBUG: Event 3855: Processing request chunk 577...
[2026-05-11 01:35:15] INFO: Event 3856: Processing request chunk 737...
[2026-05-11 01:35:16] WARN: Event 3857: Processing request chunk 389...
[2026-05-11 01:35:17] DEBUG: Event 3858: Processing request chunk 854...
[2026-05-11 01:35:18] DEBUG: Event 3859: Processing request chunk 548...
[2026-05-11 01:35:19] DEBUG: Event 3860: Processing request chunk 936...
[2026-05-11 01:35:20] DEBUG: Event 3861: Processing request chunk 207...
[2026-05-11 01:35:21] WARN: Event 3862: Processing request chunk 938...
[2026-05-11 01:35:22] DEBUG: Event 3863: Processing request chunk 464...
[2026-05-11 01:35:23] DEBUG: Event 3864: Processing request chunk 326...
[2026-05-11 01:35:24] DEBUG: Event 3865: Processing request chunk 696...
[2026-05-11 01:35:25] DEBUG: Event 3866: Processing request chunk 905...
[2026-05-11 01:35:26] DEBUG: Event 3867: Processing request chunk 638...
[2026-05-11 01:35:27] DEBUG: Event 3868: Processing request chunk 669...
[2026-05-11 01:35:28] DEBUG: Event 3869: Processing request chunk 944...
[2026-05-11 01:35:29] WARN: Event 3870: Processing request chunk 509...
[2026-05-11 01:35:30] DEBUG: Event 3871: Processing request chunk 967...
[2026-05-11 01:35:31] DEBUG: Event 3872: Processing request chunk 316...
[2026-05-11 01:35:32] DEBUG: Event 3873: Processing request chunk 313...
[2026-05-11 01:35:33] DEBUG: Event 3874: Processing request chunk 278...
[2026-05-11 01:35:34] INFO: Event 3875: Processing request chunk 755...
[2026-05-11 01:35:35] DEBUG: Event 3876: Processing request chunk 197...
[2026-05-11 01:35:36] DEBUG: Event 3877: Processing request chunk 329...
[2026-05-11 01:35:37] DEBUG: Event 3878: Processing request chunk 380...
[2026-05-11 01:35:38] DEBUG: Event 3879: Processing request chunk 945...
[2026-05-11 01:35:39] DEBUG: Event 3880: Processing request chunk 159...
[2026-05-11 01:35:40] ERROR: Event 3881: Processing request chunk 581...
[2026-05-11 01:35:41] DEBUG: Event 3882: Processing request chunk 381...
[2026-05-11 01:35:42] DEBUG: Event 3883: Processing request chunk 633...
[2026-05-11 01:35:43] DEBUG: Event 3884: Processing request chunk 219...
[2026-05-11 01:35:44] DEBUG: Event 3885: Processing request chunk 963...
[2026-05-11 01:35:45] DEBUG: Event 3886: Processing request chunk 557...
[2026-05-11 01:35:46] INFO: Event 3887: Processing request chunk 703...
[2026-05-11 01:35:47] DEBUG: Event 3888: Processing request chunk 161...
[2026-05-11 01:35:48] DEBUG: Event 3889: Processing request chunk 316...
[2026-05-11 01:35:49] ERROR: Event 3890: Processing request chunk 365...
[2026-05-11 01:35:50] DEBUG: Event 3891: Processing request chunk 185...
[2026-05-11 01:35:51] DEBUG: Event 3892: Processing request chunk 714...
[2026-05-11 01:35:52] DEBUG: Event 3893: Processing request chunk 949...
[2026-05-11 01:35:53] DEBUG: Event 3894: Processing request chunk 841...
[2026-05-11 01:35:54] DEBUG: Event 3895: Processing request chunk 319...
[2026-05-11 01:35:55] DEBUG: Event 3896: Processing request chunk 506...
[2026-05-11 01:35:56] DEBUG: Event 3897: Processing request chunk 516...
[2026-05-11 01:35:57] CRITICAL: Event 3898: FATAL SYSTEM FAILURE - Database connection lost at pool_id=3
[2026-05-11 01:35:58] DEBUG: Event 3899: Processing request chunk 221...
[2026-05-11 01:35:59] DEBUG: Event 3900: Processing request chunk 988...
[2026-05-11 01:36:00] DEBUG: Event 3901: Processing request chunk 953...
[2026-05-11 01:36:01] INFO: Event 3902: Processing request chunk 747...
[2026-05-11 01:36:02] INFO: Event 3903: Processing request chunk 330...
[2026-05-11 01:36:03] DEBUG: Event 3904: Processing request chunk 817...
[2026-05-11 01:36:04] DEBUG: Event 3905: Processing request chunk 729...
[2026-05-11 01:36:05] DEBUG: Event 3906: Processing request chunk 344...
[2026-05-11 01:36:06] DEBUG: Event 3907: Processing request chunk 416...
[2026-05-11 01:36:07] DEBUG: Event 3908: Processing request chunk 355...
[2026-05-11 01:36:08] DEBUG: Event 3909: Processing request chunk 131...
[2026-05-11 01:36:09] WARN: Event 3910: Processing request chunk 488...
[2026-05-11 01:36:10] DEBUG: Event 3911: Processing request chunk 467...
[2026-05-11 01:36:11] WARN: Event 3912: Processing request chunk 883...
[2026-05-11 01:36:12] DEBUG: Event 3913: Processing request chunk 771...
[2026-05-11 01:36:13] DEBUG: Event 3914: Processing request chunk 960...
[2026-05-11 01:36:14] INFO: Event 3915: Processing request chunk 999...
[2026-05-11 01:36:15] DEBUG: Event 3916: Processing request chunk 534...
[2026-05-11 01:36:16] INFO: Event 3917: Processing request chunk 228...
[2026-05-11 01:36:17] DEBUG: Event 3918: Processing request chunk 900...
[2026-05-11 01:36:18] DEBUG: Event 3919: Processing request chunk 575...
[2026-05-11 01:36:19] DEBUG: Event 3920: Processing request chunk 209...
[2026-05-11 01:36:20] DEBUG: Event 3921: Processing request chunk 188...
[2026-05-11 01:36:21] DEBUG: Event 3922: Processing request chunk 914...
[2026-05-11 01:36:22] DEBUG: Event 3923: Processing request chunk 333...
[2026-05-11 01:36:23] WARN: Event 3924: Processing request chunk 501...
[2026-05-11 01:36:24] DEBUG: Event 3925: Processing request chunk 904...
[2026-05-11 01:36:25] DEBUG: Event 3926: Processing request chunk 146...
[2026-05-11 01:36:26] DEBUG: Event 3927: Processing request chunk 787...
[2026-05-11 01:36:27] DEBUG: Event 3928: Processing request chunk 862...
[2026-05-11 01:36:28] DEBUG: Event 3929: Processing request chunk 535...
[2026-05-11 01:36:29] DEBUG: Event 3930: Processing request chunk 488...
[2026-05-11 01:36:30] DEBUG: Event 3931: Processing request chunk 643...
[2026-05-11 01:36:31] DEBUG: Event 3932: Processing request chunk 504...
[2026-05-11 01:36:32] DEBUG: Event 3933: Processing request chunk 949...
[2026-05-11 01:36:33] DEBUG: Event 3934: Processing request chunk 144...
[2026-05-11 01:36:34] DEBUG: Event 3935: Processing request chunk 745...
[2026-05-11 01:36:35] DEBUG: Event 3936: Processing request chunk 157...
[2026-05-11 01:36:36] DEBUG: Event 3937: Processing request chunk 573...
[2026-05-11 01:36:37] DEBUG: Event 3938: Processing request chunk 627...
[2026-05-11 01:36:38] DEBUG: Event 3939: Processing request chunk 149...
[2026-05-11 01:36:39] WARN: Event 3940: Processing request chunk 298...
[2026-05-11 01:36:40] DEBUG: Event 3941: Processing request chunk 288...
[2026-05-11 01:36:41] DEBUG: Event 3942: Processing request chunk 492...
[2026-05-11 01:36:42] DEBUG: Event 3943: Processing request chunk 651...
[2026-05-11 01:36:43] DEBUG: Event 3944: Processing request chunk 858...
[2026-05-11 01:36:44] DEBUG: Event 3945: Processing request chunk 507...
[2026-05-11 01:36:45] DEBUG: Event 3946: Processing request chunk 382...
[2026-05-11 01:36:46] WARN: Event 3947: Processing request chunk 178...
[2026-05-11 01:36:47] DEBUG: Event 3948: Processing request chunk 677...
[2026-05-11 01:36:48] DEBUG: Event 3949: Processing request chunk 383...
[2026-05-11 01:36:49] DEBUG: Event 3950: Processing request chunk 320...
[2026-05-11 01:36:50] DEBUG: Event 3951: Processing request chunk 555...
[2026-05-11 01:36:51] DEBUG: Event 3952: Processing request chunk 300...
[2026-05-11 01:36:52] DEBUG: Event 3953: Processing request chunk 509...
[2026-05-11 01:36:53] INFO: Event 3954: Processing request chunk 128...
[2026-05-11 01:36:54] INFO: Event 3955: Processing request chunk 160...
[2026-05-11 01:36:55] DEBUG: Event 3956: Processing request chunk 536...
[2026-05-11 01:36:56] INFO: Event 3957: Processing request chunk 556...
[2026-05-11 01:36:57] INFO: Event 3958: Processing request chunk 347...
[2026-05-11 01:36:58] WARN: Event 3959: Processing request chunk 888...
[2026-05-11 01:36:59] DEBUG: Event 3960: Processing request chunk 533...
[2026-05-11 01:37:00] DEBUG: Event 3961: Processing request chunk 384...
[2026-05-11 01:37:01] WARN: Event 3962: Processing request chunk 902...
[2026-05-11 01:37:02] DEBUG: Event 3963: Processing request chunk 420...
[2026-05-11 01:37:03] DEBUG: Event 3964: Processing request chunk 405...
[2026-05-11 01:37:04] DEBUG: Event 3965: Processing request chunk 649...
[2026-05-11 01:37:05] WARN: Event 3966: Processing request chunk 791...
[2026-05-11 01:37:06] DEBUG: Event 3967: Processing request chunk 912...
[2026-05-11 01:37:07] ERROR: Event 3968: Processing request chunk 767...
[2026-05-11 01:37:08] DEBUG: Event 3969: Processing request chunk 269...
[2026-05-11 01:37:09] DEBUG: Event 3970: Processing request chunk 898...
[2026-05-11 01:37:10] ERROR: Event 3971: Processing request chunk 797...
[2026-05-11 01:37:11] DEBUG: Event 3972: Processing request chunk 959...
[2026-05-11 01:37:12] DEBUG: Event 3973: Processing request chunk 684...
[2026-05-11 01:37:13] WARN: Event 3974: Processing request chunk 648...
[2026-05-11 01:37:14] WARN: Event 3975: Processing request chunk 580...
[2026-05-11 01:37:15] DEBUG: Event 3976: Processing request chunk 699...
[2026-05-11 01:37:16] DEBUG: Event 3977: Processing request chunk 398...
[2026-05-11 01:37:17] DEBUG: Event 3978: Processing request chunk 705...
[2026-05-11 01:37:18] INFO: Event 3979: Processing request chunk 520...
[2026-05-11 01:37:19] DEBUG: Event 3980: Processing request chunk 819...
[2026-05-11 01:37:20] DEBUG: Event 3981: Processing request chunk 180...
[2026-05-11 01:37:21] INFO: Event 3982: Processing request chunk 785...
[2026-05-11 01:37:22] DEBUG: Event 3983: Processing request chunk 471...
[2026-05-11 01:37:23] DEBUG: Event 3984: Processing request chunk 234...
[2026-05-11 01:37:24] WARN: Event 3985: Processing request chunk 326...
[2026-05-11 01:37:25] DEBUG: Event 3986: Processing request chunk 124...
[2026-05-11 01:37:26] DEBUG: Event 3987: Processing request chunk 641...
[2026-05-11 01:37:27] WARN: Event 3988: Processing request chunk 638...
[2026-05-11 01:37:28] DEBUG: Event 3989: Processing request chunk 590...
[2026-05-11 01:37:29] ERROR: Event 3990: Processing request chunk 156...
[2026-05-11 01:37:30] DEBUG: Event 3991: Processing request chunk 684...
[2026-05-11 01:37:31] DEBUG: Event 3992: Processing request chunk 434...
[2026-05-11 01:37:32] DEBUG: Event 3993: Processing request chunk 366...
[2026-05-11 01:37:33] INFO: Event 3994: Processing request chunk 415...
[2026-05-11 01:37:34] DEBUG: Event 3995: Processing request chunk 611...
[2026-05-11 01:37:35] INFO: Event 3996: Processing request chunk 108...
[2026-05-11 01:37:36] DEBUG: Event 3997: Processing request chunk 557...
[2026-05-11 01:37:37] WARN: Event 3998: Processing request chunk 192...
[2026-05-11 01:37:38] DEBUG: Event 3999: Processing request chunk 431...
[2026-05-11 01:37:39] DEBUG: Event 4000: Processing request chunk 684...
[2026-05-11 01:37:40] DEBUG: Event 4001: Processing request chunk 813...
[2026-05-11 01:37:41] DEBUG: Event 4002: Processing request chunk 587...
[2026-05-11 01:37:42] INFO: Event 4003: Processing request chunk 478...
[2026-05-11 01:37:43] INFO: Event 4004: Processing request chunk 566...
[2026-05-11 01:37:44] DEBUG: Event 4005: Processing request chunk 289...
[2026-05-11 01:37:45] INFO: Event 4006: Processing request chunk 772...
[2026-05-11 01:37:46] INFO: Event 4007: Processing request chunk 931...
[2026-05-11 01:37:47] DEBUG: Event 4008: Processing request chunk 277...
[2026-05-11 01:37:48] ERROR: Event 4009: Processing request chunk 361...
[2026-05-11 01:37:49] DEBUG: Event 4010: Processing request chunk 951...
[2026-05-11 01:37:50] INFO: Event 4011: Processing request chunk 542...
[2026-05-11 01:37:51] DEBUG: Event 4012: Processing request chunk 737...
[2026-05-11 01:37:52] DEBUG: Event 4013: Processing request chunk 555...
[2026-05-11 01:37:53] DEBUG: Event 4014: Processing request chunk 650...
[2026-05-11 01:37:54] INFO: Event 4015: Processing request chunk 114...
[2026-05-11 01:37:55] WARN: Event 4016: Processing request chunk 353...
[2026-05-11 01:37:56] DEBUG: Event 4017: Processing request chunk 774...
[2026-05-11 01:37:57] DEBUG: Event 4018: Processing request chunk 541...
[2026-05-11 01:37:58] WARN: Event 4019: Processing request chunk 241...
[2026-05-11 01:37:59] INFO: Event 4020: Processing request chunk 915...
[2026-05-11 01:38:00] INFO: Event 4021: Processing request chunk 148...
[2026-05-11 01:38:01] DEBUG: Event 4022: Processing request chunk 671...
[2026-05-11 01:38:02] CRITICAL: Event 4023: FATAL SYSTEM FAILURE - Database connection lost at pool_id=5
[2026-05-11 01:38:03] INFO: Event 4024: Processing request chunk 563...
[2026-05-11 01:38:04] DEBUG: Event 4025: Processing request chunk 986...
[2026-05-11 01:38:05] INFO: Event 4026: Processing request chunk 690...
[2026-05-11 01:38:06] INFO: Event 4027: Processing request chunk 254...
[2026-05-11 01:38:07] DEBUG: Event 4028: Processing request chunk 667...
[2026-05-11 01:38:08] INFO: Event 4029: Processing request chunk 461...
[2026-05-11 01:38:09] DEBUG: Event 4030: Processing request chunk 953...
[2026-05-11 01:38:10] DEBUG: Event 4031: Processing request chunk 818...
[2026-05-11 01:38:11] DEBUG: Event 4032: Processing request chunk 310...
[2026-05-11 01:38:12] WARN: Event 4033: Processing request chunk 559...
[2026-05-11 01:38:13] DEBUG: Event 4034: Processing request chunk 387...
[2026-05-11 01:38:14] DEBUG: Event 4035: Processing request chunk 534...
[2026-05-11 01:38:15] INFO: Event 4036: Processing request chunk 885...
[2026-05-11 01:38:16] DEBUG: Event 4037: Processing request chunk 803...
[2026-05-11 01:38:17] DEBUG: Event 4038: Processing request chunk 245...
[2026-05-11 01:38:18] WARN: Event 4039: Processing request chunk 784...
[2026-05-11 01:38:19] DEBUG: Event 4040: Processing request chunk 484...
[2026-05-11 01:38:20] DEBUG: Event 4041: Processing request chunk 723...
[2026-05-11 01:38:21] DEBUG: Event 4042: Processing request chunk 555...
[2026-05-11 01:38:22] DEBUG: Event 4043: Processing request chunk 634...
[2026-05-11 01:38:23] DEBUG: Event 4044: Processing request chunk 971...
[2026-05-11 01:38:24] WARN: Event 4045: Processing request chunk 329...
[2026-05-11 01:38:25] INFO: Event 4046: Processing request chunk 868...
[2026-05-11 01:38:26] DEBUG: Event 4047: Processing request chunk 205...
[2026-05-11 01:38:27] DEBUG: Event 4048: Processing request chunk 569...
[2026-05-11 01:38:28] DEBUG: Event 4049: Processing request chunk 460...
[2026-05-11 01:38:29] DEBUG: Event 4050: Processing request chunk 147...
[2026-05-11 01:38:30] DEBUG: Event 4051: Processing request chunk 689...
[2026-05-11 01:38:31] INFO: Event 4052: Processing request chunk 201...
[2026-05-11 01:38:32] DEBUG: Event 4053: Processing request chunk 741...
[2026-05-11 01:38:33] DEBUG: Event 4054: Processing request chunk 182...
[2026-05-11 01:38:34] INFO: Event 4055: Processing request chunk 383...
[2026-05-11 01:38:35] DEBUG: Event 4056: Processing request chunk 773...
[2026-05-11 01:38:36] DEBUG: Event 4057: Processing request chunk 100...
[2026-05-11 01:38:37] DEBUG: Event 4058: Processing request chunk 907...
[2026-05-11 01:38:38] DEBUG: Event 4059: Processing request chunk 711...
[2026-05-11 01:38:39] DEBUG: Event 4060: Processing request chunk 384...
[2026-05-11 01:38:40] DEBUG: Event 4061: Processing request chunk 765...
[2026-05-11 01:38:41] DEBUG: Event 4062: Processing request chunk 857...
[2026-05-11 01:38:42] DEBUG: Event 4063: Processing request chunk 425...
[2026-05-11 01:38:43] DEBUG: Event 4064: Processing request chunk 805...
[2026-05-11 01:38:44] DEBUG: Event 4065: Processing request chunk 643...
[2026-05-11 01:38:45] DEBUG: Event 4066: Processing request chunk 204...
[2026-05-11 01:38:46] DEBUG: Event 4067: Processing request chunk 643...
[2026-05-11 01:38:47] DEBUG: Event 4068: Processing request chunk 637...
[2026-05-11 01:38:48] WARN: Event 4069: Processing request chunk 344...
[2026-05-11 01:38:49] DEBUG: Event 4070: Processing request chunk 296...
[2026-05-11 01:38:50] INFO: Event 4071: Processing request chunk 420...
[2026-05-11 01:38:51] INFO: Event 4072: Processing request chunk 175...
[2026-05-11 01:38:52] INFO: Event 4073: Processing request chunk 458...
[2026-05-11 01:38:53] DEBUG: Event 4074: Processing request chunk 899...
[2026-05-11 01:38:54] DEBUG: Event 4075: Processing request chunk 235...
[2026-05-11 01:38:55] DEBUG: Event 4076: Processing request chunk 604...
[2026-05-11 01:38:56] DEBUG: Event 4077: Processing request chunk 928...
[2026-05-11 01:38:57] WARN: Event 4078: Processing request chunk 727...
[2026-05-11 01:38:58] WARN: Event 4079: Processing request chunk 788...
[2026-05-11 01:38:59] DEBUG: Event 4080: Processing request chunk 589...
[2026-05-11 01:39:00] INFO: Event 4081: Processing request chunk 690...
[2026-05-11 01:39:01] INFO: Event 4082: Processing request chunk 610...
[2026-05-11 01:39:02] DEBUG: Event 4083: Processing request chunk 507...
[2026-05-11 01:39:03] DEBUG: Event 4084: Processing request chunk 228...
[2026-05-11 01:39:04] INFO: Event 4085: Processing request chunk 462...
[2026-05-11 01:39:05] INFO: Event 4086: Processing request chunk 425...
[2026-05-11 01:39:06] DEBUG: Event 4087: Processing request chunk 152...
[2026-05-11 01:39:07] DEBUG: Event 4088: Processing request chunk 362...
[2026-05-11 01:39:08] DEBUG: Event 4089: Processing request chunk 482...
[2026-05-11 01:39:09] DEBUG: Event 4090: Processing request chunk 248...
[2026-05-11 01:39:10] INFO: Event 4091: Processing request chunk 819...
[2026-05-11 01:39:11] DEBUG: Event 4092: Processing request chunk 594...
[2026-05-11 01:39:12] DEBUG: Event 4093: Processing request chunk 724...
[2026-05-11 01:39:13] DEBUG: Event 4094: Processing request chunk 563...
[2026-05-11 01:39:14] INFO: Event 4095: Processing request chunk 113...
[2026-05-11 01:39:15] DEBUG: Event 4096: Processing request chunk 942...
[2026-05-11 01:39:16] DEBUG: Event 4097: Processing request chunk 164...
[2026-05-11 01:39:17] DEBUG: Event 4098: Processing request chunk 596...
[2026-05-11 01:39:18] DEBUG: Event 4099: Processing request chunk 519...
[2026-05-11 01:39:19] DEBUG: Event 4100: Processing request chunk 792...
[2026-05-11 01:39:20] DEBUG: Event 4101: Processing request chunk 684...
[2026-05-11 01:39:21] WARN: Event 4102: Processing request chunk 908...
[2026-05-11 01:39:22] DEBUG: Event 4103: Processing request chunk 160...
[2026-05-11 01:39:23] INFO: Event 4104: Processing request chunk 692...
[2026-05-11 01:39:24] INFO: Event 4105: Processing request chunk 418...
[2026-05-11 01:39:25] DEBUG: Event 4106: Processing request chunk 629...
[2026-05-11 01:39:26] DEBUG: Event 4107: Processing request chunk 753...
[2026-05-11 01:39:27] DEBUG: Event 4108: Processing request chunk 806...
[2026-05-11 01:39:28] DEBUG: Event 4109: Processing request chunk 375...
[2026-05-11 01:39:29] DEBUG: Event 4110: Processing request chunk 133...
[2026-05-11 01:39:30] DEBUG: Event 4111: Processing request chunk 915...
[2026-05-11 01:39:31] DEBUG: Event 4112: Processing request chunk 485...
[2026-05-11 01:39:32] DEBUG: Event 4113: Processing request chunk 787...
[2026-05-11 01:39:33] DEBUG: Event 4114: Processing request chunk 601...
[2026-05-11 01:39:34] DEBUG: Event 4115: Processing request chunk 732...
[2026-05-11 01:39:35] DEBUG: Event 4116: Processing request chunk 805...
[2026-05-11 01:39:36] INFO: Event 4117: Processing request chunk 545...
[2026-05-11 01:39:37] INFO: Event 4118: Processing request chunk 404...
[2026-05-11 01:39:38] INFO: Event 4119: Processing request chunk 756...
[2026-05-11 01:39:39] DEBUG: Event 4120: Processing request chunk 460...
[2026-05-11 01:39:40] DEBUG: Event 4121: Processing request chunk 250...
[2026-05-11 01:39:41] DEBUG: Event 4122: Processing request chunk 103...
[2026-05-11 01:39:42] DEBUG: Event 4123: Processing request chunk 846...
[2026-05-11 01:39:43] DEBUG: Event 4124: Processing request chunk 622...
[2026-05-11 01:39:44] DEBUG: Event 4125: Processing request chunk 344...
[2026-05-11 01:39:45] DEBUG: Event 4126: Processing request chunk 275...
[2026-05-11 01:39:46] DEBUG: Event 4127: Processing request chunk 919...
[2026-05-11 01:39:47] INFO: Event 4128: Processing request chunk 850...
[2026-05-11 01:39:48] WARN: Event 4129: Processing request chunk 572...
[2026-05-11 01:39:49] INFO: Event 4130: Processing request chunk 884...
[2026-05-11 01:39:50] DEBUG: Event 4131: Processing request chunk 940...
[2026-05-11 01:39:51] DEBUG: Event 4132: Processing request chunk 759...
[2026-05-11 01:39:52] DEBUG: Event 4133: Processing request chunk 488...
[2026-05-11 01:39:53] DEBUG: Event 4134: Processing request chunk 378...
[2026-05-11 01:39:54] DEBUG: Event 4135: Processing request chunk 268...
[2026-05-11 01:39:55] DEBUG: Event 4136: Processing request chunk 512...
[2026-05-11 01:39:56] DEBUG: Event 4137: Processing request chunk 342...
[2026-05-11 01:39:57] DEBUG: Event 4138: Processing request chunk 680...
[2026-05-11 01:39:58] DEBUG: Event 4139: Processing request chunk 615...
[2026-05-11 01:39:59] DEBUG: Event 4140: Processing request chunk 969...
[2026-05-11 01:40:00] INFO: Event 4141: Processing request chunk 955...
[2026-05-11 01:40:01] DEBUG: Event 4142: Processing request chunk 228...
[2026-05-11 01:40:02] WARN: Event 4143: Processing request chunk 847...
[2026-05-11 01:40:03] INFO: Event 4144: Processing request chunk 958...
[2026-05-11 01:40:04] DEBUG: Event 4145: Processing request chunk 673...
[2026-05-11 01:40:05] DEBUG: Event 4146: Processing request chunk 656...
[2026-05-11 01:40:06] DEBUG: Event 4147: Processing request chunk 628...
[2026-05-11 01:40:07] INFO: Event 4148: Processing request chunk 232...
[2026-05-11 01:40:08] DEBUG: Event 4149: Processing request chunk 479...
[2026-05-11 01:40:09] WARN: Event 4150: Processing request chunk 233...
[2026-05-11 01:40:10] DEBUG: Event 4151: Processing request chunk 351...
[2026-05-11 01:40:11] DEBUG: Event 4152: Processing request chunk 751...
[2026-05-11 01:40:12] DEBUG: Event 4153: Processing request chunk 652...
[2026-05-11 01:40:13] DEBUG: Event 4154: Processing request chunk 787...
[2026-05-11 01:40:14] DEBUG: Event 4155: Processing request chunk 589...
[2026-05-11 01:40:15] DEBUG: Event 4156: Processing request chunk 379...
[2026-05-11 01:40:16] DEBUG: Event 4157: Processing request chunk 309...
[2026-05-11 01:40:17] DEBUG: Event 4158: Processing request chunk 935...
[2026-05-11 01:40:18] DEBUG: Event 4159: Processing request chunk 457...
[2026-05-11 01:40:19] DEBUG: Event 4160: Processing request chunk 549...
[2026-05-11 01:40:20] WARN: Event 4161: Processing request chunk 184...
[2026-05-11 01:40:21] DEBUG: Event 4162: Processing request chunk 367...
[2026-05-11 01:40:22] DEBUG: Event 4163: Processing request chunk 676...
[2026-05-11 01:40:23] DEBUG: Event 4164: Processing request chunk 842...
[2026-05-11 01:40:24] DEBUG: Event 4165: Processing request chunk 731...
[2026-05-11 01:40:25] WARN: Event 4166: Processing request chunk 835...
[2026-05-11 01:40:26] DEBUG: Event 4167: Processing request chunk 429...
[2026-05-11 01:40:27] DEBUG: Event 4168: Processing request chunk 486...
[2026-05-11 01:40:28] DEBUG: Event 4169: Processing request chunk 760...
[2026-05-11 01:40:29] DEBUG: Event 4170: Processing request chunk 350...
[2026-05-11 01:40:30] DEBUG: Event 4171: Processing request chunk 466...
[2026-05-11 01:40:31] DEBUG: Event 4172: Processing request chunk 151...
[2026-05-11 01:40:32] WARN: Event 4173: Processing request chunk 206...
[2026-05-11 01:40:33] WARN: Event 4174: Processing request chunk 268...
[2026-05-11 01:40:34] INFO: Event 4175: Processing request chunk 571...
[2026-05-11 01:40:35] DEBUG: Event 4176: Processing request chunk 833...
[2026-05-11 01:40:36] DEBUG: Event 4177: Processing request chunk 671...
[2026-05-11 01:40:37] DEBUG: Event 4178: Processing request chunk 474...
[2026-05-11 01:40:38] DEBUG: Event 4179: Processing request chunk 564...
[2026-05-11 01:40:39] INFO: Event 4180: Processing request chunk 438...
[2026-05-11 01:40:40] DEBUG: Event 4181: Processing request chunk 384...
[2026-05-11 01:40:41] DEBUG: Event 4182: Processing request chunk 180...
[2026-05-11 01:40:42] INFO: Event 4183: Processing request chunk 810...
[2026-05-11 01:40:43] DEBUG: Event 4184: Processing request chunk 208...
[2026-05-11 01:40:44] DEBUG: Event 4185: Processing request chunk 699...
[2026-05-11 01:40:45] DEBUG: Event 4186: Processing request chunk 904...
[2026-05-11 01:40:46] DEBUG: Event 4187: Processing request chunk 847...
[2026-05-11 01:40:47] INFO: Event 4188: Processing request chunk 466...
[2026-05-11 01:40:48] DEBUG: Event 4189: Processing request chunk 491...
[2026-05-11 01:40:49] DEBUG: Event 4190: Processing request chunk 633...
[2026-05-11 01:40:50] DEBUG: Event 4191: Processing request chunk 824...
[2026-05-11 01:40:51] DEBUG: Event 4192: Processing request chunk 655...
[2026-05-11 01:40:52] DEBUG: Event 4193: Processing request chunk 572...
[2026-05-11 01:40:53] DEBUG: Event 4194: Processing request chunk 272...
[2026-05-11 01:40:54] DEBUG: Event 4195: Processing request chunk 324...
[2026-05-11 01:40:55] DEBUG: Event 4196: Processing request chunk 340...
[2026-05-11 01:40:56] DEBUG: Event 4197: Processing request chunk 603...
[2026-05-11 01:40:57] DEBUG: Event 4198: Processing request chunk 747...
[2026-05-11 01:40:58] DEBUG: Event 4199: Processing request chunk 287...
[2026-05-11 01:40:59] INFO: Event 4200: Processing request chunk 633...
[2026-05-11 01:41:00] DEBUG: Event 4201: Processing request chunk 583...
[2026-05-11 01:41:01] DEBUG: Event 4202: Processing request chunk 893...
[2026-05-11 01:41:02] DEBUG: Event 4203: Processing request chunk 682...
[2026-05-11 01:41:03] DEBUG: Event 4204: Processing request chunk 242...
[2026-05-11 01:41:04] DEBUG: Event 4205: Processing request chunk 132...
[2026-05-11 01:41:05] DEBUG: Event 4206: Processing request chunk 550...
[2026-05-11 01:41:06] DEBUG: Event 4207: Processing request chunk 789...
[2026-05-11 01:41:07] INFO: Event 4208: Processing request chunk 124...
[2026-05-11 01:41:08] DEBUG: Event 4209: Processing request chunk 877...
[2026-05-11 01:41:09] WARN: Event 4210: Processing request chunk 297...
[2026-05-11 01:41:10] DEBUG: Event 4211: Processing request chunk 125...
[2026-05-11 01:41:11] DEBUG: Event 4212: Processing request chunk 397...
[2026-05-11 01:41:12] INFO: Event 4213: Processing request chunk 848...
[2026-05-11 01:41:13] DEBUG: Event 4214: Processing request chunk 303...
[2026-05-11 01:41:14] DEBUG: Event 4215: Processing request chunk 296...
[2026-05-11 01:41:15] DEBUG: Event 4216: Processing request chunk 728...
[2026-05-11 01:41:16] INFO: Event 4217: Processing request chunk 758...
[2026-05-11 01:41:17] INFO: Event 4218: Processing request chunk 474...
[2026-05-11 01:41:18] DEBUG: Event 4219: Processing request chunk 403...
[2026-05-11 01:41:19] DEBUG: Event 4220: Processing request chunk 205...
[2026-05-11 01:41:20] DEBUG: Event 4221: Processing request chunk 661...
[2026-05-11 01:41:21] DEBUG: Event 4222: Processing request chunk 569...
[2026-05-11 01:41:22] WARN: Event 4223: Processing request chunk 245...
[2026-05-11 01:41:23] DEBUG: Event 4224: Processing request chunk 408...
[2026-05-11 01:41:24] DEBUG: Event 4225: Processing request chunk 310...
[2026-05-11 01:41:25] DEBUG: Event 4226: Processing request chunk 935...
[2026-05-11 01:41:26] DEBUG: Event 4227: Processing request chunk 455...
[2026-05-11 01:41:27] DEBUG: Event 4228: Processing request chunk 959...
[2026-05-11 01:41:28] WARN: Event 4229: Processing request chunk 584...
[2026-05-11 01:41:29] INFO: Event 4230: Processing request chunk 931...
[2026-05-11 01:41:30] DEBUG: Event 4231: Processing request chunk 813...
[2026-05-11 01:41:31] INFO: Event 4232: Processing request chunk 323...
[2026-05-11 01:41:32] DEBUG: Event 4233: Processing request chunk 529...
[2026-05-11 01:41:33] DEBUG: Event 4234: Processing request chunk 366...
[2026-05-11 01:41:34] DEBUG: Event 4235: Processing request chunk 162...
[2026-05-11 01:41:35] DEBUG: Event 4236: Processing request chunk 742...
[2026-05-11 01:41:36] WARN: Event 4237: Processing request chunk 750...
[2026-05-11 01:41:37] DEBUG: Event 4238: Processing request chunk 348...
[2026-05-11 01:41:38] DEBUG: Event 4239: Processing request chunk 372...
[2026-05-11 01:41:39] DEBUG: Event 4240: Processing request chunk 955...
[2026-05-11 01:41:40] WARN: Event 4241: Processing request chunk 393...
[2026-05-11 01:41:41] DEBUG: Event 4242: Processing request chunk 596...
[2026-05-11 01:41:42] DEBUG: Event 4243: Processing request chunk 623...
[2026-05-11 01:41:43] DEBUG: Event 4244: Processing request chunk 294...
[2026-05-11 01:41:44] INFO: Event 4245: Processing request chunk 958...
[2026-05-11 01:41:45] DEBUG: Event 4246: Processing request chunk 939...
[2026-05-11 01:41:46] WARN: Event 4247: Processing request chunk 273...
[2026-05-11 01:41:47] DEBUG: Event 4248: Processing request chunk 876...
[2026-05-11 01:41:48] DEBUG: Event 4249: Processing request chunk 414...
[2026-05-11 01:41:49] INFO: Event 4250: Processing request chunk 288...
[2026-05-11 01:41:50] DEBUG: Event 4251: Processing request chunk 496...
[2026-05-11 01:41:51] DEBUG: Event 4252: Processing request chunk 218...
[2026-05-11 01:41:52] INFO: Event 4253: Processing request chunk 822...
[2026-05-11 01:41:53] DEBUG: Event 4254: Processing request chunk 614...
[2026-05-11 01:41:54] DEBUG: Event 4255: Processing request chunk 992...
[2026-05-11 01:41:55] DEBUG: Event 4256: Processing request chunk 542...
[2026-05-11 01:41:56] INFO: Event 4257: Processing request chunk 545...
[2026-05-11 01:41:57] INFO: Event 4258: Processing request chunk 598...
[2026-05-11 01:41:58] DEBUG: Event 4259: Processing request chunk 107...
[2026-05-11 01:41:59] INFO: Event 4260: Processing request chunk 914...
[2026-05-11 01:42:00] DEBUG: Event 4261: Processing request chunk 692...
[2026-05-11 01:42:01] DEBUG: Event 4262: Processing request chunk 547...
[2026-05-11 01:42:02] DEBUG: Event 4263: Processing request chunk 639...
[2026-05-11 01:42:03] DEBUG: Event 4264: Processing request chunk 683...
[2026-05-11 01:42:04] DEBUG: Event 4265: Processing request chunk 616...
[2026-05-11 01:42:05] DEBUG: Event 4266: Processing request chunk 969...
[2026-05-11 01:42:06] DEBUG: Event 4267: Processing request chunk 561...
[2026-05-11 01:42:07] DEBUG: Event 4268: Processing request chunk 268...
[2026-05-11 01:42:08] DEBUG: Event 4269: Processing request chunk 791...
[2026-05-11 01:42:09] DEBUG: Event 4270: Processing request chunk 883...
[2026-05-11 01:42:10] DEBUG: Event 4271: Processing request chunk 385...
[2026-05-11 01:42:11] DEBUG: Event 4272: Processing request chunk 557...
[2026-05-11 01:42:12] INFO: Event 4273: Processing request chunk 670...
[2026-05-11 01:42:13] INFO: Event 4274: Processing request chunk 845...
[2026-05-11 01:42:14] DEBUG: Event 4275: Processing request chunk 114...
[2026-05-11 01:42:15] DEBUG: Event 4276: Processing request chunk 571...
[2026-05-11 01:42:16] DEBUG: Event 4277: Processing request chunk 163...
[2026-05-11 01:42:17] DEBUG: Event 4278: Processing request chunk 559...
[2026-05-11 01:42:18] WARN: Event 4279: Processing request chunk 686...
[2026-05-11 01:42:19] DEBUG: Event 4280: Processing request chunk 854...
[2026-05-11 01:42:20] DEBUG: Event 4281: Processing request chunk 447...
[2026-05-11 01:42:21] DEBUG: Event 4282: Processing request chunk 296...
[2026-05-11 01:42:22] WARN: Event 4283: Processing request chunk 838...
[2026-05-11 01:42:23] DEBUG: Event 4284: Processing request chunk 742...
[2026-05-11 01:42:24] DEBUG: Event 4285: Processing request chunk 485...
[2026-05-11 01:42:25] DEBUG: Event 4286: Processing request chunk 722...
[2026-05-11 01:42:26] DEBUG: Event 4287: Processing request chunk 524...
[2026-05-11 01:42:27] DEBUG: Event 4288: Processing request chunk 432...
[2026-05-11 01:42:28] INFO: Event 4289: Processing request chunk 654...
[2026-05-11 01:42:29] DEBUG: Event 4290: Processing request chunk 835...
[2026-05-11 01:42:30] INFO: Event 4291: Processing request chunk 564...
[2026-05-11 01:42:31] DEBUG: Event 4292: Processing request chunk 608...
[2026-05-11 01:42:32] DEBUG: Event 4293: Processing request chunk 349...
[2026-05-11 01:42:33] DEBUG: Event 4294: Processing request chunk 722...
[2026-05-11 01:42:34] DEBUG: Event 4295: Processing request chunk 566...
[2026-05-11 01:42:35] INFO: Event 4296: Processing request chunk 804...
[2026-05-11 01:42:36] WARN: Event 4297: Processing request chunk 143...
[2026-05-11 01:42:37] DEBUG: Event 4298: Processing request chunk 606...
[2026-05-11 01:42:38] DEBUG: Event 4299: Processing request chunk 286...
[2026-05-11 01:42:39] DEBUG: Event 4300: Processing request chunk 492...
[2026-05-11 01:42:40] INFO: Event 4301: Processing request chunk 602...
[2026-05-11 01:42:41] DEBUG: Event 4302: Processing request chunk 220...
[2026-05-11 01:42:42] DEBUG: Event 4303: Processing request chunk 910...
[2026-05-11 01:42:43] DEBUG: Event 4304: Processing request chunk 970...
[2026-05-11 01:42:44] DEBUG: Event 4305: Processing request chunk 736...
[2026-05-11 01:42:45] DEBUG: Event 4306: Processing request chunk 985...
[2026-05-11 01:42:46] DEBUG: Event 4307: Processing request chunk 703...
[2026-05-11 01:42:47] DEBUG: Event 4308: Processing request chunk 429...
[2026-05-11 01:42:48] DEBUG: Event 4309: Processing request chunk 558...
[2026-05-11 01:42:49] DEBUG: Event 4310: Processing request chunk 874...
[2026-05-11 01:42:50] INFO: Event 4311: Processing request chunk 794...
[2026-05-11 01:42:51] DEBUG: Event 4312: Processing request chunk 161...
[2026-05-11 01:42:52] INFO: Event 4313: Processing request chunk 136...
[2026-05-11 01:42:53] INFO: Event 4314: Processing request chunk 925...
[2026-05-11 01:42:54] DEBUG: Event 4315: Processing request chunk 261...
[2026-05-11 01:42:55] DEBUG: Event 4316: Processing request chunk 231...
[2026-05-11 01:42:56] DEBUG: Event 4317: Processing request chunk 649...
[2026-05-11 01:42:57] DEBUG: Event 4318: Processing request chunk 735...
[2026-05-11 01:42:58] DEBUG: Event 4319: Processing request chunk 276...
[2026-05-11 01:42:59] DEBUG: Event 4320: Processing request chunk 781...
[2026-05-11 01:43:00] DEBUG: Event 4321: Processing request chunk 929...
[2026-05-11 01:43:01] DEBUG: Event 4322: Processing request chunk 286...
[2026-05-11 01:43:02] DEBUG: Event 4323: Processing request chunk 524...
[2026-05-11 01:43:03] DEBUG: Event 4324: Processing request chunk 228...
[2026-05-11 01:43:04] INFO: Event 4325: Processing request chunk 532...
[2026-05-11 01:43:05] DEBUG: Event 4326: Processing request chunk 705...
[2026-05-11 01:43:06] DEBUG: Event 4327: Processing request chunk 508...
[2026-05-11 01:43:07] DEBUG: Event 4328: Processing request chunk 529...
[2026-05-11 01:43:08] INFO: Event 4329: Processing request chunk 246...
[2026-05-11 01:43:09] INFO: Event 4330: Processing request chunk 875...
[2026-05-11 01:43:10] INFO: Event 4331: Processing request chunk 333...
[2026-05-11 01:43:11] DEBUG: Event 4332: Processing request chunk 653...
[2026-05-11 01:43:12] INFO: Event 4333: Processing request chunk 628...
[2026-05-11 01:43:13] DEBUG: Event 4334: Processing request chunk 719...
[2026-05-11 01:43:14] DEBUG: Event 4335: Processing request chunk 790...
[2026-05-11 01:43:15] DEBUG: Event 4336: Processing request chunk 276...
[2026-05-11 01:43:16] DEBUG: Event 4337: Processing request chunk 486...
[2026-05-11 01:43:17] DEBUG: Event 4338: Processing request chunk 385...
[2026-05-11 01:43:18] DEBUG: Event 4339: Processing request chunk 564...
[2026-05-11 01:43:19] DEBUG: Event 4340: Processing request chunk 573...
[2026-05-11 01:43:20] DEBUG: Event 4341: Processing request chunk 722...
[2026-05-11 01:43:21] WARN: Event 4342: Processing request chunk 242...
[2026-05-11 01:43:22] DEBUG: Event 4343: Processing request chunk 689...
[2026-05-11 01:43:23] INFO: Event 4344: Processing request chunk 542...
[2026-05-11 01:43:24] INFO: Event 4345: Processing request chunk 387...
[2026-05-11 01:43:25] DEBUG: Event 4346: Processing request chunk 280...
[2026-05-11 01:43:26] DEBUG: Event 4347: Processing request chunk 968...
[2026-05-11 01:43:27] DEBUG: Event 4348: Processing request chunk 548...
[2026-05-11 01:43:28] DEBUG: Event 4349: Processing request chunk 276...
[2026-05-11 01:43:29] DEBUG: Event 4350: Processing request chunk 417...
[2026-05-11 01:43:30] DEBUG: Event 4351: Processing request chunk 574...
[2026-05-11 01:43:31] DEBUG: Event 4352: Processing request chunk 686...
[2026-05-11 01:43:32] DEBUG: Event 4353: Processing request chunk 983...
[2026-05-11 01:43:33] DEBUG: Event 4354: Processing request chunk 663...
[2026-05-11 01:43:34] DEBUG: Event 4355: Processing request chunk 492...
[2026-05-11 01:43:35] CRITICAL: Event 4356: FATAL SYSTEM FAILURE - Database connection lost at pool_id=6
[2026-05-11 01:43:36] DEBUG: Event 4357: Processing request chunk 579...
[2026-05-11 01:43:37] DEBUG: Event 4358: Processing request chunk 855...
[2026-05-11 01:43:38] DEBUG: Event 4359: Processing request chunk 315...
[2026-05-11 01:43:39] DEBUG: Event 4360: Processing request chunk 644...
[2026-05-11 01:43:40] DEBUG: Event 4361: Processing request chunk 471...
[2026-05-11 01:43:41] DEBUG: Event 4362: Processing request chunk 822...
[2026-05-11 01:43:42] WARN: Event 4363: Processing request chunk 537...
[2026-05-11 01:43:43] DEBUG: Event 4364: Processing request chunk 870...
[2026-05-11 01:43:44] DEBUG: Event 4365: Processing request chunk 449...
[2026-05-11 01:43:45] INFO: Event 4366: Processing request chunk 251...
[2026-05-11 01:43:46] DEBUG: Event 4367: Processing request chunk 500...
[2026-05-11 01:43:47] DEBUG: Event 4368: Processing request chunk 719...
[2026-05-11 01:43:48] DEBUG: Event 4369: Processing request chunk 864...
[2026-05-11 01:43:49] INFO: Event 4370: Processing request chunk 836...
[2026-05-11 01:43:50] INFO: Event 4371: Processing request chunk 640...
[2026-05-11 01:43:51] WARN: Event 4372: Processing request chunk 773...
[2026-05-11 01:43:52] DEBUG: Event 4373: Processing request chunk 884...
[2026-05-11 01:43:53] INFO: Event 4374: Processing request chunk 106...
[2026-05-11 01:43:54] DEBUG: Event 4375: Processing request chunk 672...
[2026-05-11 01:43:55] DEBUG: Event 4376: Processing request chunk 355...
[2026-05-11 01:43:56] DEBUG: Event 4377: Processing request chunk 520...
[2026-05-11 01:43:57] WARN: Event 4378: Processing request chunk 448...
[2026-05-11 01:43:58] DEBUG: Event 4379: Processing request chunk 317...
[2026-05-11 01:43:59] WARN: Event 4380: Processing request chunk 689...
[2026-05-11 01:44:00] DEBUG: Event 4381: Processing request chunk 333...
[2026-05-11 01:44:01] DEBUG: Event 4382: Processing request chunk 526...
[2026-05-11 01:44:02] INFO: Event 4383: Processing request chunk 455...
[2026-05-11 01:44:03] DEBUG: Event 4384: Processing request chunk 532...
[2026-05-11 01:44:04] DEBUG: Event 4385: Processing request chunk 234...
[2026-05-11 01:44:05] ERROR: Event 4386: Processing request chunk 151...
[2026-05-11 01:44:06] DEBUG: Event 4387: Processing request chunk 709...
[2026-05-11 01:44:07] DEBUG: Event 4388: Processing request chunk 178...
[2026-05-11 01:44:08] DEBUG: Event 4389: Processing request chunk 231...
[2026-05-11 01:44:09] DEBUG: Event 4390: Processing request chunk 652...
[2026-05-11 01:44:10] INFO: Event 4391: Processing request chunk 800...
[2026-05-11 01:44:11] DEBUG: Event 4392: Processing request chunk 898...
[2026-05-11 01:44:12] DEBUG: Event 4393: Processing request chunk 493...
[2026-05-11 01:44:13] DEBUG: Event 4394: Processing request chunk 366...
[2026-05-11 01:44:14] DEBUG: Event 4395: Processing request chunk 265...
[2026-05-11 01:44:15] DEBUG: Event 4396: Processing request chunk 391...
[2026-05-11 01:44:16] INFO: Event 4397: Processing request chunk 672...
[2026-05-11 01:44:17] DEBUG: Event 4398: Processing request chunk 781...
[2026-05-11 01:44:18] INFO: Event 4399: Processing request chunk 169...
[2026-05-11 01:44:19] DEBUG: Event 4400: Processing request chunk 259...
[2026-05-11 01:44:20] INFO: Event 4401: Processing request chunk 151...
[2026-05-11 01:44:21] DEBUG: Event 4402: Processing request chunk 728...
[2026-05-11 01:44:22] DEBUG: Event 4403: Processing request chunk 569...
[2026-05-11 01:44:23] DEBUG: Event 4404: Processing request chunk 916...
[2026-05-11 01:44:24] DEBUG: Event 4405: Processing request chunk 985...
[2026-05-11 01:44:25] DEBUG: Event 4406: Processing request chunk 109...
[2026-05-11 01:44:26] WARN: Event 4407: Processing request chunk 728...
[2026-05-11 01:44:27] DEBUG: Event 4408: Processing request chunk 295...
[2026-05-11 01:44:28] DEBUG: Event 4409: Processing request chunk 493...
[2026-05-11 01:44:29] DEBUG: Event 4410: Processing request chunk 103...
[2026-05-11 01:44:30] DEBUG: Event 4411: Processing request chunk 226...
[2026-05-11 01:44:31] INFO: Event 4412: Processing request chunk 359...
[2026-05-11 01:44:32] ERROR: Event 4413: Processing request chunk 244...
[2026-05-11 01:44:33] INFO: Event 4414: Processing request chunk 337...
[2026-05-11 01:44:34] DEBUG: Event 4415: Processing request chunk 721...
[2026-05-11 01:44:35] DEBUG: Event 4416: Processing request chunk 110...
[2026-05-11 01:44:36] DEBUG: Event 4417: Processing request chunk 829...
[2026-05-11 01:44:37] DEBUG: Event 4418: Processing request chunk 750...
[2026-05-11 01:44:38] DEBUG: Event 4419: Processing request chunk 632...
[2026-05-11 01:44:39] DEBUG: Event 4420: Processing request chunk 784...
[2026-05-11 01:44:40] DEBUG: Event 4421: Processing request chunk 899...
[2026-05-11 01:44:41] DEBUG: Event 4422: Processing request chunk 156...
[2026-05-11 01:44:42] DEBUG: Event 4423: Processing request chunk 469...
[2026-05-11 01:44:43] DEBUG: Event 4424: Processing request chunk 874...
[2026-05-11 01:44:44] DEBUG: Event 4425: Processing request chunk 475...
[2026-05-11 01:44:45] INFO: Event 4426: Processing request chunk 514...
[2026-05-11 01:44:46] DEBUG: Event 4427: Processing request chunk 296...
[2026-05-11 01:44:47] INFO: Event 4428: Processing request chunk 810...
[2026-05-11 01:44:48] DEBUG: Event 4429: Processing request chunk 449...
[2026-05-11 01:44:49] DEBUG: Event 4430: Processing request chunk 383...
[2026-05-11 01:44:50] DEBUG: Event 4431: Processing request chunk 814...
[2026-05-11 01:44:51] DEBUG: Event 4432: Processing request chunk 962...
[2026-05-11 01:44:52] DEBUG: Event 4433: Processing request chunk 843...
[2026-05-11 01:44:53] DEBUG: Event 4434: Processing request chunk 830...
[2026-05-11 01:44:54] DEBUG: Event 4435: Processing request chunk 992...
[2026-05-11 01:44:55] DEBUG: Event 4436: Processing request chunk 247...
[2026-05-11 01:44:56] DEBUG: Event 4437: Processing request chunk 159...
[2026-05-11 01:44:57] ERROR: Event 4438: Processing request chunk 250...
[2026-05-11 01:44:58] DEBUG: Event 4439: Processing request chunk 843...
[2026-05-11 01:44:59] DEBUG: Event 4440: Processing request chunk 205...
[2026-05-11 01:45:00] DEBUG: Event 4441: Processing request chunk 615...
[2026-05-11 01:45:01] ERROR: Event 4442: Processing request chunk 614...
[2026-05-11 01:45:02] DEBUG: Event 4443: Processing request chunk 369...
[2026-05-11 01:45:03] DEBUG: Event 4444: Processing request chunk 425...
[2026-05-11 01:45:04] INFO: Event 4445: Processing request chunk 658...
[2026-05-11 01:45:05] DEBUG: Event 4446: Processing request chunk 695...
[2026-05-11 01:45:06] ERROR: Event 4447: Processing request chunk 584...
[2026-05-11 01:45:07] INFO: Event 4448: Processing request chunk 138...
[2026-05-11 01:45:08] INFO: Event 4449: Processing request chunk 346...
[2026-05-11 01:45:09] DEBUG: Event 4450: Processing request chunk 631...
[2026-05-11 01:45:10] DEBUG: Event 4451: Processing request chunk 100...
[2026-05-11 01:45:11] DEBUG: Event 4452: Processing request chunk 748...
[2026-05-11 01:45:12] DEBUG: Event 4453: Processing request chunk 529...
[2026-05-11 01:45:13] INFO: Event 4454: Processing request chunk 562...
[2026-05-11 01:45:14] DEBUG: Event 4455: Processing request chunk 610...
[2026-05-11 01:45:15] DEBUG: Event 4456: Processing request chunk 991...
[2026-05-11 01:45:16] DEBUG: Event 4457: Processing request chunk 496...
[2026-05-11 01:45:17] DEBUG: Event 4458: Processing request chunk 222...
[2026-05-11 01:45:18] INFO: Event 4459: Processing request chunk 950...
[2026-05-11 01:45:19] INFO: Event 4460: Processing request chunk 933...
[2026-05-11 01:45:20] DEBUG: Event 4461: Processing request chunk 765...
[2026-05-11 01:45:21] DEBUG: Event 4462: Processing request chunk 703...
[2026-05-11 01:45:22] DEBUG: Event 4463: Processing request chunk 256...
[2026-05-11 01:45:23] DEBUG: Event 4464: Processing request chunk 542...
[2026-05-11 01:45:24] DEBUG: Event 4465: Processing request chunk 488...
[2026-05-11 01:45:25] DEBUG: Event 4466: Processing request chunk 189...
[2026-05-11 01:45:26] DEBUG: Event 4467: Processing request chunk 225...
[2026-05-11 01:45:27] DEBUG: Event 4468: Processing request chunk 624...
[2026-05-11 01:45:28] DEBUG: Event 4469: Processing request chunk 535...
[2026-05-11 01:45:29] DEBUG: Event 4470: Processing request chunk 919...
[2026-05-11 01:45:30] DEBUG: Event 4471: Processing request chunk 945...
[2026-05-11 01:45:31] DEBUG: Event 4472: Processing request chunk 214...
[2026-05-11 01:45:32] DEBUG: Event 4473: Processing request chunk 394...
[2026-05-11 01:45:33] INFO: Event 4474: Processing request chunk 148...
[2026-05-11 01:45:34] DEBUG: Event 4475: Processing request chunk 219...
[2026-05-11 01:45:35] INFO: Event 4476: Processing request chunk 888...
[2026-05-11 01:45:36] DEBUG: Event 4477: Processing request chunk 613...
[2026-05-11 01:45:37] DEBUG: Event 4478: Processing request chunk 819...
[2026-05-11 01:45:38] INFO: Event 4479: Processing request chunk 168...
[2026-05-11 01:45:39] DEBUG: Event 4480: Processing request chunk 993...
[2026-05-11 01:45:40] WARN: Event 4481: Processing request chunk 752...
[2026-05-11 01:45:41] WARN: Event 4482: Processing request chunk 949...
[2026-05-11 01:45:42] WARN: Event 4483: Processing request chunk 153...
[2026-05-11 01:45:43] WARN: Event 4484: Processing request chunk 755...
[2026-05-11 01:45:44] WARN: Event 4485: Processing request chunk 554...
[2026-05-11 01:45:45] DEBUG: Event 4486: Processing request chunk 511...
[2026-05-11 01:45:46] DEBUG: Event 4487: Processing request chunk 175...
[2026-05-11 01:45:47] DEBUG: Event 4488: Processing request chunk 809...
[2026-05-11 01:45:48] DEBUG: Event 4489: Processing request chunk 689...
[2026-05-11 01:45:49] DEBUG: Event 4490: Processing request chunk 437...
[2026-05-11 01:45:50] DEBUG: Event 4491: Processing request chunk 277...
[2026-05-11 01:45:51] DEBUG: Event 4492: Processing request chunk 208...
[2026-05-11 01:45:52] DEBUG: Event 4493: Processing request chunk 122...
[2026-05-11 01:45:53] WARN: Event 4494: Processing request chunk 419...
[2026-05-11 01:45:54] DEBUG: Event 4495: Processing request chunk 699...
[2026-05-11 01:45:55] WARN: Event 4496: Processing request chunk 582...
[2026-05-11 01:45:56] DEBUG: Event 4497: Processing request chunk 286...
[2026-05-11 01:45:57] DEBUG: Event 4498: Processing request chunk 937...
[2026-05-11 01:45:58] INFO: Event 4499: Processing request chunk 676...
[2026-05-11 01:45:59] DEBUG: Event 4500: Processing request chunk 433...
[2026-05-11 01:46:00] DEBUG: Event 4501: Processing request chunk 465...
[2026-05-11 01:46:01] DEBUG: Event 4502: Processing request chunk 209...
[2026-05-11 01:46:02] DEBUG: Event 4503: Processing request chunk 221...
[2026-05-11 01:46:03] WARN: Event 4504: Processing request chunk 343...
[2026-05-11 01:46:04] DEBUG: Event 4505: Processing request chunk 327...
[2026-05-11 01:46:05] DEBUG: Event 4506: Processing request chunk 747...
[2026-05-11 01:46:06] DEBUG: Event 4507: Processing request chunk 402...
[2026-05-11 01:46:07] INFO: Event 4508: Processing request chunk 760...
[2026-05-11 01:46:08] DEBUG: Event 4509: Processing request chunk 698...
[2026-05-11 01:46:09] DEBUG: Event 4510: Processing request chunk 403...
[2026-05-11 01:46:10] DEBUG: Event 4511: Processing request chunk 516...
[2026-05-11 01:46:11] DEBUG: Event 4512: Processing request chunk 746...
[2026-05-11 01:46:12] DEBUG: Event 4513: Processing request chunk 402...
[2026-05-11 01:46:13] DEBUG: Event 4514: Processing request chunk 842...
[2026-05-11 01:46:14] DEBUG: Event 4515: Processing request chunk 484...
[2026-05-11 01:46:15] DEBUG: Event 4516: Processing request chunk 498...
[2026-05-11 01:46:16] WARN: Event 4517: Processing request chunk 896...
[2026-05-11 01:46:17] DEBUG: Event 4518: Processing request chunk 169...
[2026-05-11 01:46:18] DEBUG: Event 4519: Processing request chunk 642...
[2026-05-11 01:46:19] DEBUG: Event 4520: Processing request chunk 545...
[2026-05-11 01:46:20] DEBUG: Event 4521: Processing request chunk 725...
[2026-05-11 01:46:21] DEBUG: Event 4522: Processing request chunk 983...
[2026-05-11 01:46:22] WARN: Event 4523: Processing request chunk 539...
[2026-05-11 01:46:23] DEBUG: Event 4524: Processing request chunk 244...
[2026-05-11 01:46:24] DEBUG: Event 4525: Processing request chunk 561...
[2026-05-11 01:46:25] DEBUG: Event 4526: Processing request chunk 493...
[2026-05-11 01:46:26] INFO: Event 4527: Processing request chunk 424...
[2026-05-11 01:46:27] INFO: Event 4528: Processing request chunk 734...
[2026-05-11 01:46:28] DEBUG: Event 4529: Processing request chunk 452...
[2026-05-11 01:46:29] DEBUG: Event 4530: Processing request chunk 740...
[2026-05-11 01:46:30] DEBUG: Event 4531: Processing request chunk 986...
[2026-05-11 01:46:31] INFO: Event 4532: Processing request chunk 932...
[2026-05-11 01:46:32] DEBUG: Event 4533: Processing request chunk 760...
[2026-05-11 01:46:33] DEBUG: Event 4534: Processing request chunk 657...
[2026-05-11 01:46:34] WARN: Event 4535: Processing request chunk 712...
[2026-05-11 01:46:35] INFO: Event 4536: Processing request chunk 327...
[2026-05-11 01:46:36] DEBUG: Event 4537: Processing request chunk 834...
[2026-05-11 01:46:37] WARN: Event 4538: Processing request chunk 496...
[2026-05-11 01:46:38] WARN: Event 4539: Processing request chunk 708...
[2026-05-11 01:46:39] INFO: Event 4540: Processing request chunk 407...
[2026-05-11 01:46:40] INFO: Event 4541: Processing request chunk 610...
[2026-05-11 01:46:41] DEBUG: Event 4542: Processing request chunk 664...
[2026-05-11 01:46:42] DEBUG: Event 4543: Processing request chunk 165...
[2026-05-11 01:46:43] DEBUG: Event 4544: Processing request chunk 474...
[2026-05-11 01:46:44] DEBUG: Event 4545: Processing request chunk 639...
[2026-05-11 01:46:45] DEBUG: Event 4546: Processing request chunk 862...
[2026-05-11 01:46:46] INFO: Event 4547: Processing request chunk 365...
[2026-05-11 01:46:47] DEBUG: Event 4548: Processing request chunk 480...
[2026-05-11 01:46:48] INFO: Event 4549: Processing request chunk 197...
[2026-05-11 01:46:49] DEBUG: Event 4550: Processing request chunk 850...
[2026-05-11 01:46:50] DEBUG: Event 4551: Processing request chunk 381...
[2026-05-11 01:46:51] DEBUG: Event 4552: Processing request chunk 456...
[2026-05-11 01:46:52] DEBUG: Event 4553: Processing request chunk 150...
[2026-05-11 01:46:53] DEBUG: Event 4554: Processing request chunk 412...
[2026-05-11 01:46:54] INFO: Event 4555: Processing request chunk 453...
[2026-05-11 01:46:55] INFO: Event 4556: Processing request chunk 115...
[2026-05-11 01:46:56] DEBUG: Event 4557: Processing request chunk 839...
[2026-05-11 01:46:57] DEBUG: Event 4558: Processing request chunk 115...
[2026-05-11 01:46:58] DEBUG: Event 4559: Processing request chunk 516...
[2026-05-11 01:46:59] DEBUG: Event 4560: Processing request chunk 219...
[2026-05-11 01:47:00] DEBUG: Event 4561: Processing request chunk 516...
[2026-05-11 01:47:01] DEBUG: Event 4562: Processing request chunk 904...
[2026-05-11 01:47:02] INFO: Event 4563: Processing request chunk 700...
[2026-05-11 01:47:03] DEBUG: Event 4564: Processing request chunk 594...
[2026-05-11 01:47:04] INFO: Event 4565: Processing request chunk 662...
[2026-05-11 01:47:05] DEBUG: Event 4566: Processing request chunk 644...
[2026-05-11 01:47:06] INFO: Event 4567: Processing request chunk 544...
[2026-05-11 01:47:07] DEBUG: Event 4568: Processing request chunk 724...
[2026-05-11 01:47:08] INFO: Event 4569: Processing request chunk 692...
[2026-05-11 01:47:09] DEBUG: Event 4570: Processing request chunk 731...
[2026-05-11 01:47:10] DEBUG: Event 4571: Processing request chunk 654...
[2026-05-11 01:47:11] DEBUG: Event 4572: Processing request chunk 235...
[2026-05-11 01:47:12] DEBUG: Event 4573: Processing request chunk 220...
[2026-05-11 01:47:13] DEBUG: Event 4574: Processing request chunk 570...
[2026-05-11 01:47:14] DEBUG: Event 4575: Processing request chunk 106...
[2026-05-11 01:47:15] DEBUG: Event 4576: Processing request chunk 808...
[2026-05-11 01:47:16] INFO: Event 4577: Processing request chunk 330...
[2026-05-11 01:47:17] DEBUG: Event 4578: Processing request chunk 228...
[2026-05-11 01:47:18] DEBUG: Event 4579: Processing request chunk 504...
[2026-05-11 01:47:19] DEBUG: Event 4580: Processing request chunk 848...
[2026-05-11 01:47:20] INFO: Event 4581: Processing request chunk 207...
[2026-05-11 01:47:21] DEBUG: Event 4582: Processing request chunk 965...
[2026-05-11 01:47:22] DEBUG: Event 4583: Processing request chunk 833...
[2026-05-11 01:47:23] DEBUG: Event 4584: Processing request chunk 293...
[2026-05-11 01:47:24] INFO: Event 4585: Processing request chunk 750...
[2026-05-11 01:47:25] DEBUG: Event 4586: Processing request chunk 352...
[2026-05-11 01:47:26] INFO: Event 4587: Processing request chunk 100...
[2026-05-11 01:47:27] DEBUG: Event 4588: Processing request chunk 986...
[2026-05-11 01:47:28] DEBUG: Event 4589: Processing request chunk 477...
[2026-05-11 01:47:29] DEBUG: Event 4590: Processing request chunk 753...
[2026-05-11 01:47:30] DEBUG: Event 4591: Processing request chunk 655...
[2026-05-11 01:47:31] DEBUG: Event 4592: Processing request chunk 481...
[2026-05-11 01:47:32] DEBUG: Event 4593: Processing request chunk 856...
[2026-05-11 01:47:33] INFO: Event 4594: Processing request chunk 279...
[2026-05-11 01:47:34] DEBUG: Event 4595: Processing request chunk 715...
[2026-05-11 01:47:35] DEBUG: Event 4596: Processing request chunk 606...
[2026-05-11 01:47:36] DEBUG: Event 4597: Processing request chunk 638...
[2026-05-11 01:47:37] DEBUG: Event 4598: Processing request chunk 121...
[2026-05-11 01:47:38] DEBUG: Event 4599: Processing request chunk 825...
[2026-05-11 01:47:39] DEBUG: Event 4600: Processing request chunk 743...
[2026-05-11 01:47:40] DEBUG: Event 4601: Processing request chunk 916...
[2026-05-11 01:47:41] DEBUG: Event 4602: Processing request chunk 797...
[2026-05-11 01:47:42] DEBUG: Event 4603: Processing request chunk 941...
[2026-05-11 01:47:43] DEBUG: Event 4604: Processing request chunk 654...
[2026-05-11 01:47:44] DEBUG: Event 4605: Processing request chunk 269...
[2026-05-11 01:47:45] DEBUG: Event 4606: Processing request chunk 307...
[2026-05-11 01:47:46] DEBUG: Event 4607: Processing request chunk 883...
[2026-05-11 01:47:47] WARN: Event 4608: Processing request chunk 300...
[2026-05-11 01:47:48] DEBUG: Event 4609: Processing request chunk 746...
[2026-05-11 01:47:49] DEBUG: Event 4610: Processing request chunk 467...
[2026-05-11 01:47:50] DEBUG: Event 4611: Processing request chunk 129...
[2026-05-11 01:47:51] INFO: Event 4612: Processing request chunk 684...
[2026-05-11 01:47:52] DEBUG: Event 4613: Processing request chunk 535...
[2026-05-11 01:47:53] DEBUG: Event 4614: Processing request chunk 305...
[2026-05-11 01:47:54] DEBUG: Event 4615: Processing request chunk 666...
[2026-05-11 01:47:55] DEBUG: Event 4616: Processing request chunk 643...
[2026-05-11 01:47:56] DEBUG: Event 4617: Processing request chunk 646...
[2026-05-11 01:47:57] DEBUG: Event 4618: Processing request chunk 387...
[2026-05-11 01:47:58] INFO: Event 4619: Processing request chunk 829...
[2026-05-11 01:47:59] DEBUG: Event 4620: Processing request chunk 250...
[2026-05-11 01:48:00] WARN: Event 4621: Processing request chunk 209...
[2026-05-11 01:48:01] INFO: Event 4622: Processing request chunk 444...
[2026-05-11 01:48:02] DEBUG: Event 4623: Processing request chunk 752...
[2026-05-11 01:48:03] DEBUG: Event 4624: Processing request chunk 370...
[2026-05-11 01:48:04] DEBUG: Event 4625: Processing request chunk 588...
[2026-05-11 01:48:05] DEBUG: Event 4626: Processing request chunk 787...
[2026-05-11 01:48:06] DEBUG: Event 4627: Processing request chunk 350...
[2026-05-11 01:48:07] DEBUG: Event 4628: Processing request chunk 878...
[2026-05-11 01:48:08] DEBUG: Event 4629: Processing request chunk 594...
[2026-05-11 01:48:09] INFO: Event 4630: Processing request chunk 957...
[2026-05-11 01:48:10] DEBUG: Event 4631: Processing request chunk 787...
[2026-05-11 01:48:11] DEBUG: Event 4632: Processing request chunk 717...
[2026-05-11 01:48:12] DEBUG: Event 4633: Processing request chunk 570...
[2026-05-11 01:48:13] DEBUG: Event 4634: Processing request chunk 684...
[2026-05-11 01:48:14] DEBUG: Event 4635: Processing request chunk 299...
[2026-05-11 01:48:15] DEBUG: Event 4636: Processing request chunk 559...
[2026-05-11 01:48:16] DEBUG: Event 4637: Processing request chunk 103...
[2026-05-11 01:48:17] DEBUG: Event 4638: Processing request chunk 781...
[2026-05-11 01:48:18] DEBUG: Event 4639: Processing request chunk 723...
[2026-05-11 01:48:19] WARN: Event 4640: Processing request chunk 979...
[2026-05-11 01:48:20] DEBUG: Event 4641: Processing request chunk 999...
[2026-05-11 01:48:21] DEBUG: Event 4642: Processing request chunk 803...
[2026-05-11 01:48:22] DEBUG: Event 4643: Processing request chunk 399...
[2026-05-11 01:48:23] INFO: Event 4644: Processing request chunk 130...
[2026-05-11 01:48:24] DEBUG: Event 4645: Processing request chunk 746...
[2026-05-11 01:48:25] DEBUG: Event 4646: Processing request chunk 470...
[2026-05-11 01:48:26] DEBUG: Event 4647: Processing request chunk 966...
[2026-05-11 01:48:27] DEBUG: Event 4648: Processing request chunk 499...
[2026-05-11 01:48:28] DEBUG: Event 4649: Processing request chunk 251...
[2026-05-11 01:48:29] DEBUG: Event 4650: Processing request chunk 135...
[2026-05-11 01:48:30] DEBUG: Event 4651: Processing request chunk 966...
[2026-05-11 01:48:31] DEBUG: Event 4652: Processing request chunk 736...
[2026-05-11 01:48:32] DEBUG: Event 4653: Processing request chunk 180...
[2026-05-11 01:48:33] DEBUG: Event 4654: Processing request chunk 710...
[2026-05-11 01:48:34] CRITICAL: Event 4655: FATAL SYSTEM FAILURE - Database connection lost at pool_id=1
[2026-05-11 01:48:35] DEBUG: Event 4656: Processing request chunk 670...
[2026-05-11 01:48:36] DEBUG: Event 4657: Processing request chunk 279...
[2026-05-11 01:48:37] DEBUG: Event 4658: Processing request chunk 746...
[2026-05-11 01:48:38] DEBUG: Event 4659: Processing request chunk 234...
[2026-05-11 01:48:39] DEBUG: Event 4660: Processing request chunk 413...
[2026-05-11 01:48:40] INFO: Event 4661: Processing request chunk 884...
[2026-05-11 01:48:41] DEBUG: Event 4662: Processing request chunk 300...
[2026-05-11 01:48:42] DEBUG: Event 4663: Processing request chunk 574...
[2026-05-11 01:48:43] WARN: Event 4664: Processing request chunk 477...
[2026-05-11 01:48:44] DEBUG: Event 4665: Processing request chunk 555...
[2026-05-11 01:48:45] WARN: Event 4666: Processing request chunk 937...
[2026-05-11 01:48:46] DEBUG: Event 4667: Processing request chunk 935...
[2026-05-11 01:48:47] INFO: Event 4668: Processing request chunk 270...
[2026-05-11 01:48:48] INFO: Event 4669: Processing request chunk 189...
[2026-05-11 01:48:49] DEBUG: Event 4670: Processing request chunk 323...
[2026-05-11 01:48:50] WARN: Event 4671: Processing request chunk 710...
[2026-05-11 01:48:51] DEBUG: Event 4672: Processing request chunk 975...
[2026-05-11 01:48:52] DEBUG: Event 4673: Processing request chunk 848...
[2026-05-11 01:48:53] DEBUG: Event 4674: Processing request chunk 469...
[2026-05-11 01:48:54] INFO: Event 4675: Processing request chunk 818...
[2026-05-11 01:48:55] ERROR: Event 4676: Processing request chunk 300...
[2026-05-11 01:48:56] INFO: Event 4677: Processing request chunk 601...
[2026-05-11 01:48:57] DEBUG: Event 4678: Processing request chunk 341...
[2026-05-11 01:48:58] DEBUG: Event 4679: Processing request chunk 895...
[2026-05-11 01:48:59] WARN: Event 4680: Processing request chunk 609...
[2026-05-11 01:49:00] DEBUG: Event 4681: Processing request chunk 538...
[2026-05-11 01:49:01] DEBUG: Event 4682: Processing request chunk 839...
[2026-05-11 01:49:02] DEBUG: Event 4683: Processing request chunk 460...
[2026-05-11 01:49:03] DEBUG: Event 4684: Processing request chunk 451...
[2026-05-11 01:49:04] DEBUG: Event 4685: Processing request chunk 764...
[2026-05-11 01:49:05] INFO: Event 4686: Processing request chunk 231...
[2026-05-11 01:49:06] DEBUG: Event 4687: Processing request chunk 907...
[2026-05-11 01:49:07] DEBUG: Event 4688: Processing request chunk 973...
[2026-05-11 01:49:08] INFO: Event 4689: Processing request chunk 531...
[2026-05-11 01:49:09] DEBUG: Event 4690: Processing request chunk 638...
[2026-05-11 01:49:10] INFO: Event 4691: Processing request chunk 198...
[2026-05-11 01:49:11] DEBUG: Event 4692: Processing request chunk 239...
[2026-05-11 01:49:12] INFO: Event 4693: Processing request chunk 954...
[2026-05-11 01:49:13] DEBUG: Event 4694: Processing request chunk 644...
[2026-05-11 01:49:14] DEBUG: Event 4695: Processing request chunk 437...
[2026-05-11 01:49:15] DEBUG: Event 4696: Processing request chunk 764...
[2026-05-11 01:49:16] INFO: Event 4697: Processing request chunk 115...
[2026-05-11 01:49:17] INFO: Event 4698: Processing request chunk 597...
[2026-05-11 01:49:18] DEBUG: Event 4699: Processing request chunk 171...
[2026-05-11 01:49:19] ERROR: Event 4700: Processing request chunk 955...
[2026-05-11 01:49:20] DEBUG: Event 4701: Processing request chunk 301...
[2026-05-11 01:49:21] DEBUG: Event 4702: Processing request chunk 219...
[2026-05-11 01:49:22] DEBUG: Event 4703: Processing request chunk 913...
[2026-05-11 01:49:23] DEBUG: Event 4704: Processing request chunk 857...
[2026-05-11 01:49:24] DEBUG: Event 4705: Processing request chunk 824...
[2026-05-11 01:49:25] DEBUG: Event 4706: Processing request chunk 473...
[2026-05-11 01:49:26] WARN: Event 4707: Processing request chunk 330...
[2026-05-11 01:49:27] DEBUG: Event 4708: Processing request chunk 201...
[2026-05-11 01:49:28] DEBUG: Event 4709: Processing request chunk 156...
[2026-05-11 01:49:29] INFO: Event 4710: Processing request chunk 980...
[2026-05-11 01:49:30] DEBUG: Event 4711: Processing request chunk 848...
[2026-05-11 01:49:31] DEBUG: Event 4712: Processing request chunk 924...
[2026-05-11 01:49:32] DEBUG: Event 4713: Processing request chunk 501...
[2026-05-11 01:49:33] DEBUG: Event 4714: Processing request chunk 752...
[2026-05-11 01:49:34] DEBUG: Event 4715: Processing request chunk 980...
[2026-05-11 01:49:35] INFO: Event 4716: Processing request chunk 643...
[2026-05-11 01:49:36] INFO: Event 4717: Processing request chunk 742...
[2026-05-11 01:49:37] DEBUG: Event 4718: Processing request chunk 795...
[2026-05-11 01:49:38] DEBUG: Event 4719: Processing request chunk 646...
[2026-05-11 01:49:39] DEBUG: Event 4720: Processing request chunk 626...
[2026-05-11 01:49:40] DEBUG: Event 4721: Processing request chunk 488...
[2026-05-11 01:49:41] DEBUG: Event 4722: Processing request chunk 176...
[2026-05-11 01:49:42] INFO: Event 4723: Processing request chunk 771...
[2026-05-11 01:49:43] DEBUG: Event 4724: Processing request chunk 711...
[2026-05-11 01:49:44] INFO: Event 4725: Processing request chunk 720...
[2026-05-11 01:49:45] DEBUG: Event 4726: Processing request chunk 722...
[2026-05-11 01:49:46] INFO: Event 4727: Processing request chunk 667...
[2026-05-11 01:49:47] DEBUG: Event 4728: Processing request chunk 281...
[2026-05-11 01:49:48] DEBUG: Event 4729: Processing request chunk 762...
[2026-05-11 01:49:49] DEBUG: Event 4730: Processing request chunk 980...
[2026-05-11 01:49:50] INFO: Event 4731: Processing request chunk 962...
[2026-05-11 01:49:51] DEBUG: Event 4732: Processing request chunk 768...
[2026-05-11 01:49:52] WARN: Event 4733: Processing request chunk 111...
[2026-05-11 01:49:53] DEBUG: Event 4734: Processing request chunk 281...
[2026-05-11 01:49:54] INFO: Event 4735: Processing request chunk 399...
[2026-05-11 01:49:55] DEBUG: Event 4736: Processing request chunk 141...
[2026-05-11 01:49:56] DEBUG: Event 4737: Processing request chunk 943...
[2026-05-11 01:49:57] DEBUG: Event 4738: Processing request chunk 263...
[2026-05-11 01:49:58] DEBUG: Event 4739: Processing request chunk 952...
[2026-05-11 01:49:59] DEBUG: Event 4740: Processing request chunk 882...
[2026-05-11 01:50:00] WARN: Event 4741: Processing request chunk 653...
[2026-05-11 01:50:01] DEBUG: Event 4742: Processing request chunk 639...
[2026-05-11 01:50:02] DEBUG: Event 4743: Processing request chunk 777...
[2026-05-11 01:50:03] DEBUG: Event 4744: Processing request chunk 970...
[2026-05-11 01:50:04] INFO: Event 4745: Processing request chunk 419...
[2026-05-11 01:50:05] DEBUG: Event 4746: Processing request chunk 578...
[2026-05-11 01:50:06] DEBUG: Event 4747: Processing request chunk 155...
[2026-05-11 01:50:07] DEBUG: Event 4748: Processing request chunk 947...
[2026-05-11 01:50:08] DEBUG: Event 4749: Processing request chunk 748...
[2026-05-11 01:50:09] INFO: Event 4750: Processing request chunk 563...
[2026-05-11 01:50:10] DEBUG: Event 4751: Processing request chunk 124...
[2026-05-11 01:50:11] DEBUG: Event 4752: Processing request chunk 552...
[2026-05-11 01:50:12] DEBUG: Event 4753: Processing request chunk 330...
[2026-05-11 01:50:13] INFO: Event 4754: Processing request chunk 259...
[2026-05-11 01:50:14] DEBUG: Event 4755: Processing request chunk 882...
[2026-05-11 01:50:15] DEBUG: Event 4756: Processing request chunk 145...
[2026-05-11 01:50:16] DEBUG: Event 4757: Processing request chunk 531...
[2026-05-11 01:50:17] INFO: Event 4758: Processing request chunk 250...
[2026-05-11 01:50:18] DEBUG: Event 4759: Processing request chunk 429...
[2026-05-11 01:50:19] DEBUG: Event 4760: Processing request chunk 534...
[2026-05-11 01:50:20] DEBUG: Event 4761: Processing request chunk 266...
[2026-05-11 01:50:21] DEBUG: Event 4762: Processing request chunk 787...
[2026-05-11 01:50:22] DEBUG: Event 4763: Processing request chunk 726...
[2026-05-11 01:50:23] WARN: Event 4764: Processing request chunk 331...
[2026-05-11 01:50:24] INFO: Event 4765: Processing request chunk 635...
[2026-05-11 01:50:25] DEBUG: Event 4766: Processing request chunk 572...
[2026-05-11 01:50:26] INFO: Event 4767: Processing request chunk 722...
[2026-05-11 01:50:27] WARN: Event 4768: Processing request chunk 243...
[2026-05-11 01:50:28] WARN: Event 4769: Processing request chunk 159...
[2026-05-11 01:50:29] DEBUG: Event 4770: Processing request chunk 202...
[2026-05-11 01:50:30] INFO: Event 4771: Processing request chunk 587...
[2026-05-11 01:50:31] DEBUG: Event 4772: Processing request chunk 229...
[2026-05-11 01:50:32] DEBUG: Event 4773: Processing request chunk 744...
[2026-05-11 01:50:33] DEBUG: Event 4774: Processing request chunk 422...
[2026-05-11 01:50:34] INFO: Event 4775: Processing request chunk 826...
[2026-05-11 01:50:35] DEBUG: Event 4776: Processing request chunk 276...
[2026-05-11 01:50:36] DEBUG: Event 4777: Processing request chunk 106...
[2026-05-11 01:50:37] INFO: Event 4778: Processing request chunk 309...
[2026-05-11 01:50:38] INFO: Event 4779: Processing request chunk 439...
[2026-05-11 01:50:39] DEBUG: Event 4780: Processing request chunk 652...
[2026-05-11 01:50:40] INFO: Event 4781: Processing request chunk 992...
[2026-05-11 01:50:41] DEBUG: Event 4782: Processing request chunk 894...
[2026-05-11 01:50:42] DEBUG: Event 4783: Processing request chunk 501...
[2026-05-11 01:50:43] WARN: Event 4784: Processing request chunk 721...
[2026-05-11 01:50:44] WARN: Event 4785: Processing request chunk 785...
[2026-05-11 01:50:45] DEBUG: Event 4786: Processing request chunk 484...
[2026-05-11 01:50:46] DEBUG: Event 4787: Processing request chunk 230...
[2026-05-11 01:50:47] INFO: Event 4788: Processing request chunk 625...
[2026-05-11 01:50:48] DEBUG: Event 4789: Processing request chunk 210...
[2026-05-11 01:50:49] INFO: Event 4790: Processing request chunk 430...
[2026-05-11 01:50:50] DEBUG: Event 4791: Processing request chunk 611...
[2026-05-11 01:50:51] DEBUG: Event 4792: Processing request chunk 763...
[2026-05-11 01:50:52] INFO: Event 4793: Processing request chunk 979...
[2026-05-11 01:50:53] WARN: Event 4794: Processing request chunk 638...
[2026-05-11 01:50:54] DEBUG: Event 4795: Processing request chunk 310...
[2026-05-11 01:50:55] INFO: Event 4796: Processing request chunk 309...
[2026-05-11 01:50:56] DEBUG: Event 4797: Processing request chunk 763...
[2026-05-11 01:50:57] DEBUG: Event 4798: Processing request chunk 127...
[2026-05-11 01:50:58] DEBUG: Event 4799: Processing request chunk 989...
[2026-05-11 01:50:59] DEBUG: Event 4800: Processing request chunk 515...
[2026-05-11 01:51:00] INFO: Event 4801: Processing request chunk 643...
[2026-05-11 01:51:01] INFO: Event 4802: Processing request chunk 457...
[2026-05-11 01:51:02] INFO: Event 4803: Processing request chunk 180...
[2026-05-11 01:51:03] DEBUG: Event 4804: Processing request chunk 429...
[2026-05-11 01:51:04] INFO: Event 4805: Processing request chunk 927...
[2026-05-11 01:51:05] DEBUG: Event 4806: Processing request chunk 484...
[2026-05-11 01:51:06] DEBUG: Event 4807: Processing request chunk 652...
[2026-05-11 01:51:07] DEBUG: Event 4808: Processing request chunk 140...
[2026-05-11 01:51:08] DEBUG: Event 4809: Processing request chunk 117...
[2026-05-11 01:51:09] DEBUG: Event 4810: Processing request chunk 182...
[2026-05-11 01:51:10] DEBUG: Event 4811: Processing request chunk 952...
[2026-05-11 01:51:11] INFO: Event 4812: Processing request chunk 632...
[2026-05-11 01:51:12] DEBUG: Event 4813: Processing request chunk 758...
[2026-05-11 01:51:13] DEBUG: Event 4814: Processing request chunk 707...
[2026-05-11 01:51:14] DEBUG: Event 4815: Processing request chunk 752...
[2026-05-11 01:51:15] DEBUG: Event 4816: Processing request chunk 531...
[2026-05-11 01:51:16] DEBUG: Event 4817: Processing request chunk 332...
[2026-05-11 01:51:17] DEBUG: Event 4818: Processing request chunk 840...
[2026-05-11 01:51:18] DEBUG: Event 4819: Processing request chunk 638...
[2026-05-11 01:51:19] DEBUG: Event 4820: Processing request chunk 743...
[2026-05-11 01:51:20] DEBUG: Event 4821: Processing request chunk 641...
[2026-05-11 01:51:21] INFO: Event 4822: Processing request chunk 658...
[2026-05-11 01:51:22] DEBUG: Event 4823: Processing request chunk 810...
[2026-05-11 01:51:23] DEBUG: Event 4824: Processing request chunk 941...
[2026-05-11 01:51:24] INFO: Event 4825: Processing request chunk 172...
[2026-05-11 01:51:25] DEBUG: Event 4826: Processing request chunk 753...
[2026-05-11 01:51:26] DEBUG: Event 4827: Processing request chunk 379...
[2026-05-11 01:51:27] DEBUG: Event 4828: Processing request chunk 227...
[2026-05-11 01:51:28] DEBUG: Event 4829: Processing request chunk 428...
[2026-05-11 01:51:29] WARN: Event 4830: Processing request chunk 220...
[2026-05-11 01:51:30] DEBUG: Event 4831: Processing request chunk 257...
[2026-05-11 01:51:31] DEBUG: Event 4832: Processing request chunk 998...
[2026-05-11 01:51:32] DEBUG: Event 4833: Processing request chunk 100...
[2026-05-11 01:51:33] DEBUG: Event 4834: Processing request chunk 219...
[2026-05-11 01:51:34] DEBUG: Event 4835: Processing request chunk 814...
[2026-05-11 01:51:35] WARN: Event 4836: Processing request chunk 368...
[2026-05-11 01:51:36] WARN: Event 4837: Processing request chunk 251...
[2026-05-11 01:51:37] DEBUG: Event 4838: Processing request chunk 584...
[2026-05-11 01:51:38] DEBUG: Event 4839: Processing request chunk 993...
[2026-05-11 01:51:39] DEBUG: Event 4840: Processing request chunk 282...
[2026-05-11 01:51:40] DEBUG: Event 4841: Processing request chunk 850...
[2026-05-11 01:51:41] DEBUG: Event 4842: Processing request chunk 369...
[2026-05-11 01:51:42] WARN: Event 4843: Processing request chunk 343...
[2026-05-11 01:51:43] DEBUG: Event 4844: Processing request chunk 437...
[2026-05-11 01:51:44] INFO: Event 4845: Processing request chunk 137...
[2026-05-11 01:51:45] INFO: Event 4846: Processing request chunk 312...
[2026-05-11 01:51:46] WARN: Event 4847: Processing request chunk 220...
[2026-05-11 01:51:47] DEBUG: Event 4848: Processing request chunk 649...
[2026-05-11 01:51:48] DEBUG: Event 4849: Processing request chunk 689...
[2026-05-11 01:51:49] DEBUG: Event 4850: Processing request chunk 972...
[2026-05-11 01:51:50] DEBUG: Event 4851: Processing request chunk 831...
[2026-05-11 01:51:51] DEBUG: Event 4852: Processing request chunk 793...
[2026-05-11 01:51:52] INFO: Event 4853: Processing request chunk 915...
[2026-05-11 01:51:53] DEBUG: Event 4854: Processing request chunk 760...
[2026-05-11 01:51:54] DEBUG: Event 4855: Processing request chunk 690...
[2026-05-11 01:51:55] WARN: Event 4856: Processing request chunk 524...
[2026-05-11 01:51:56] DEBUG: Event 4857: Processing request chunk 574...
[2026-05-11 01:51:57] DEBUG: Event 4858: Processing request chunk 251...
[2026-05-11 01:51:58] INFO: Event 4859: Processing request chunk 177...
[2026-05-11 01:51:59] CRITICAL: Event 4860: FATAL SYSTEM FAILURE - Database connection lost at pool_id=9
[2026-05-11 01:52:00] INFO: Event 4861: Processing request chunk 400...
[2026-05-11 01:52:01] ERROR: Event 4862: Processing request chunk 456...
[2026-05-11 01:52:02] DEBUG: Event 4863: Processing request chunk 496...
[2026-05-11 01:52:03] DEBUG: Event 4864: Processing request chunk 403...
[2026-05-11 01:52:04] INFO: Event 4865: Processing request chunk 516...
[2026-05-11 01:52:05] INFO: Event 4866: Processing request chunk 633...
[2026-05-11 01:52:06] INFO: Event 4867: Processing request chunk 639...
[2026-05-11 01:52:07] INFO: Event 4868: Processing request chunk 232...
[2026-05-11 01:52:08] DEBUG: Event 4869: Processing request chunk 763...
[2026-05-11 01:52:09] DEBUG: Event 4870: Processing request chunk 212...
[2026-05-11 01:52:10] INFO: Event 4871: Processing request chunk 304...
[2026-05-11 01:52:11] DEBUG: Event 4872: Processing request chunk 299...
[2026-05-11 01:52:12] DEBUG: Event 4873: Processing request chunk 637...
[2026-05-11 01:52:13] DEBUG: Event 4874: Processing request chunk 766...
[2026-05-11 01:52:14] DEBUG: Event 4875: Processing request chunk 731...
[2026-05-11 01:52:15] INFO: Event 4876: Processing request chunk 579...
[2026-05-11 01:52:16] ERROR: Event 4877: Processing request chunk 584...
[2026-05-11 01:52:17] CRITICAL: Event 4878: FATAL SYSTEM FAILURE - Database connection lost at pool_id=5
[2026-05-11 01:52:18] DEBUG: Event 4879: Processing request chunk 690...
[2026-05-11 01:52:19] DEBUG: Event 4880: Processing request chunk 426...
[2026-05-11 01:52:20] INFO: Event 4881: Processing request chunk 824...
[2026-05-11 01:52:21] DEBUG: Event 4882: Processing request chunk 931...
[2026-05-11 01:52:22] DEBUG: Event 4883: Processing request chunk 852...
[2026-05-11 01:52:23] WARN: Event 4884: Processing request chunk 460...
[2026-05-11 01:52:24] ERROR: Event 4885: Processing request chunk 665...
[2026-05-11 01:52:25] WARN: Event 4886: Processing request chunk 241...
[2026-05-11 01:52:26] INFO: Event 4887: Processing request chunk 822...
[2026-05-11 01:52:27] DEBUG: Event 4888: Processing request chunk 296...
[2026-05-11 01:52:28] DEBUG: Event 4889: Processing request chunk 102...
[2026-05-11 01:52:29] DEBUG: Event 4890: Processing request chunk 754...
[2026-05-11 01:52:30] WARN: Event 4891: Processing request chunk 458...
[2026-05-11 01:52:31] DEBUG: Event 4892: Processing request chunk 274...
[2026-05-11 01:52:32] DEBUG: Event 4893: Processing request chunk 782...
[2026-05-11 01:52:33] DEBUG: Event 4894: Processing request chunk 631...
[2026-05-11 01:52:34] DEBUG: Event 4895: Processing request chunk 385...
[2026-05-11 01:52:35] WARN: Event 4896: Processing request chunk 635...
[2026-05-11 01:52:36] DEBUG: Event 4897: Processing request chunk 836...
[2026-05-11 01:52:37] INFO: Event 4898: Processing request chunk 952...
[2026-05-11 01:52:38] DEBUG: Event 4899: Processing request chunk 579...
[2026-05-11 01:52:39] DEBUG: Event 4900: Processing request chunk 762...
[2026-05-11 01:52:40] INFO: Event 4901: Processing request chunk 435...
[2026-05-11 01:52:41] DEBUG: Event 4902: Processing request chunk 548...
[2026-05-11 01:52:42] DEBUG: Event 4903: Processing request chunk 180...
[2026-05-11 01:52:43] DEBUG: Event 4904: Processing request chunk 185...
[2026-05-11 01:52:44] DEBUG: Event 4905: Processing request chunk 111...
[2026-05-11 01:52:45] INFO: Event 4906: Processing request chunk 415...
[2026-05-11 01:52:46] INFO: Event 4907: Processing request chunk 256...
[2026-05-11 01:52:47] DEBUG: Event 4908: Processing request chunk 314...
[2026-05-11 01:52:48] DEBUG: Event 4909: Processing request chunk 297...
[2026-05-11 01:52:49] INFO: Event 4910: Processing request chunk 632...
[2026-05-11 01:52:50] INFO: Event 4911: Processing request chunk 691...
[2026-05-11 01:52:51] DEBUG: Event 4912: Processing request chunk 161...
[2026-05-11 01:52:52] DEBUG: Event 4913: Processing request chunk 135...
[2026-05-11 01:52:53] DEBUG: Event 4914: Processing request chunk 895...
[2026-05-11 01:52:54] DEBUG: Event 4915: Processing request chunk 184...
[2026-05-11 01:52:55] DEBUG: Event 4916: Processing request chunk 157...
[2026-05-11 01:52:56] DEBUG: Event 4917: Processing request chunk 862...
[2026-05-11 01:52:57] DEBUG: Event 4918: Processing request chunk 803...
[2026-05-11 01:52:58] DEBUG: Event 4919: Processing request chunk 266...
[2026-05-11 01:52:59] DEBUG: Event 4920: Processing request chunk 544...
[2026-05-11 01:53:00] DEBUG: Event 4921: Processing request chunk 908...
[2026-05-11 01:53:01] WARN: Event 4922: Processing request chunk 856...
[2026-05-11 01:53:02] INFO: Event 4923: Processing request chunk 446...
[2026-05-11 01:53:03] INFO: Event 4924: Processing request chunk 936...
[2026-05-11 01:53:04] INFO: Event 4925: Processing request chunk 856...
[2026-05-11 01:53:05] DEBUG: Event 4926: Processing request chunk 750...
[2026-05-11 01:53:06] DEBUG: Event 4927: Processing request chunk 800...
[2026-05-11 01:53:07] DEBUG: Event 4928: Processing request chunk 803...
[2026-05-11 01:53:08] INFO: Event 4929: Processing request chunk 309...
[2026-05-11 01:53:09] DEBUG: Event 4930: Processing request chunk 771...
[2026-05-11 01:53:10] DEBUG: Event 4931: Processing request chunk 672...
[2026-05-11 01:53:11] DEBUG: Event 4932: Processing request chunk 912...
[2026-05-11 01:53:12] INFO: Event 4933: Processing request chunk 772...
[2026-05-11 01:53:13] DEBUG: Event 4934: Processing request chunk 606...
[2026-05-11 01:53:14] DEBUG: Event 4935: Processing request chunk 667...
[2026-05-11 01:53:15] DEBUG: Event 4936: Processing request chunk 905...
[2026-05-11 01:53:16] DEBUG: Event 4937: Processing request chunk 146...
[2026-05-11 01:53:17] DEBUG: Event 4938: Processing request chunk 323...
[2026-05-11 01:53:18] DEBUG: Event 4939: Processing request chunk 751...
[2026-05-11 01:53:19] DEBUG: Event 4940: Processing request chunk 389...
[2026-05-11 01:53:20] INFO: Event 4941: Processing request chunk 559...
[2026-05-11 01:53:21] DEBUG: Event 4942: Processing request chunk 468...
[2026-05-11 01:53:22] DEBUG: Event 4943: Processing request chunk 294...
[2026-05-11 01:53:23] WARN: Event 4944: Processing request chunk 120...
[2026-05-11 01:53:24] DEBUG: Event 4945: Processing request chunk 717...
[2026-05-11 01:53:25] DEBUG: Event 4946: Processing request chunk 286...
[2026-05-11 01:53:26] WARN: Event 4947: Processing request chunk 781...
[2026-05-11 01:53:27] DEBUG: Event 4948: Processing request chunk 886...
[2026-05-11 01:53:28] DEBUG: Event 4949: Processing request chunk 924...
[2026-05-11 01:53:29] DEBUG: Event 4950: Processing request chunk 439...
[2026-05-11 01:53:30] DEBUG: Event 4951: Processing request chunk 415...
[2026-05-11 01:53:31] DEBUG: Event 4952: Processing request chunk 753...
[2026-05-11 01:53:32] DEBUG: Event 4953: Processing request chunk 231...
[2026-05-11 01:53:33] DEBUG: Event 4954: Processing request chunk 750...
[2026-05-11 01:53:34] DEBUG: Event 4955: Processing request chunk 735...
[2026-05-11 01:53:35] WARN: Event 4956: Processing request chunk 519...
[2026-05-11 01:53:36] DEBUG: Event 4957: Processing request chunk 500...
[2026-05-11 01:53:37] DEBUG: Event 4958: Processing request chunk 853...
[2026-05-11 01:53:38] DEBUG: Event 4959: Processing request chunk 895...
[2026-05-11 01:53:39] ERROR: Event 4960: Processing request chunk 979...
[2026-05-11 01:53:40] DEBUG: Event 4961: Processing request chunk 942...
[2026-05-11 01:53:41] DEBUG: Event 4962: Processing request chunk 249...
[2026-05-11 01:53:42] DEBUG: Event 4963: Processing request chunk 325...
[2026-05-11 01:53:43] DEBUG: Event 4964: Processing request chunk 143...
[2026-05-11 01:53:44] INFO: Event 4965: Processing request chunk 219...
[2026-05-11 01:53:45] DEBUG: Event 4966: Processing request chunk 454...
[2026-05-11 01:53:46] DEBUG: Event 4967: Processing request chunk 179...
[2026-05-11 01:53:47] DEBUG: Event 4968: Processing request chunk 939...
[2026-05-11 01:53:48] DEBUG: Event 4969: Processing request chunk 879...
[2026-05-11 01:53:49] DEBUG: Event 4970: Processing request chunk 718...
[2026-05-11 01:53:50] DEBUG: Event 4971: Processing request chunk 929...
[2026-05-11 01:53:51] DEBUG: Event 4972: Processing request chunk 971...
[2026-05-11 01:53:52] DEBUG: Event 4973: Processing request chunk 958...
[2026-05-11 01:53:53] DEBUG: Event 4974: Processing request chunk 947...
[2026-05-11 01:53:54] DEBUG: Event 4975: Processing request chunk 908...
[2026-05-11 01:53:55] DEBUG: Event 4976: Processing request chunk 812...
[2026-05-11 01:53:56] DEBUG: Event 4977: Processing request chunk 464...
[2026-05-11 01:53:57] DEBUG: Event 4978: Processing request chunk 618...
[2026-05-11 01:53:58] DEBUG: Event 4979: Processing request chunk 603...
[2026-05-11 01:53:59] DEBUG: Event 4980: Processing request chunk 751...
[2026-05-11 01:54:00] WARN: Event 4981: Processing request chunk 337...
[2026-05-11 01:54:01] DEBUG: Event 4982: Processing request chunk 833...
[2026-05-11 01:54:02] WARN: Event 4983: Processing request chunk 832...
[2026-05-11 01:54:03] DEBUG: Event 4984: Processing request chunk 872...
[2026-05-11 01:54:04] DEBUG: Event 4985: Processing request chunk 149...
[2026-05-11 01:54:05] DEBUG: Event 4986: Processing request chunk 330...
[2026-05-11 01:54:06] WARN: Event 4987: Processing request chunk 590...
[2026-05-11 01:54:07] DEBUG: Event 4988: Processing request chunk 189...
[2026-05-11 01:54:08] DEBUG: Event 4989: Processing request chunk 962...
[2026-05-11 01:54:09] DEBUG: Event 4990: Processing request chunk 158...
[2026-05-11 01:54:10] DEBUG: Event 4991: Processing request chunk 950...
[2026-05-11 01:54:11] INFO: Event 4992: Processing request chunk 418...
[2026-05-11 01:54:12] INFO: Event 4993: Processing request chunk 626...
[2026-05-11 01:54:13] WARN: Event 4994: Processing request chunk 172...
[2026-05-11 01:54:14] DEBUG: Event 4995: Processing request chunk 885...
[2026-05-11 01:54:15] DEBUG: Event 4996: Processing request chunk 669...
[2026-05-11 01:54:16] DEBUG: Event 4997: Processing request chunk 263...
[2026-05-11 01:54:17] DEBUG: Event 4998: Processing request chunk 646...
[2026-05-11 01:54:18] DEBUG: Event 4999: Processing request chunk 633...
